2026-02-03 20:56:18 +08:00: 🦞 Lobster Mixer Multi-Threaded Orchestrator Starting...
2026-02-03 20:56:18 +08:00: 📋 Contract: 0x3C7097a9dBea35EdAd360236c01146b59f1c0141
2026-02-03 20:56:18 +08:00: 💼 Operator: 0x93DF27665990aB68e9fc5CB7B7b6602F6757d3fA
2026-02-03 20:56:18 +08:00: 📊 Health server running on :3000
2026-02-03 20:56:18 +08:00: 💰 Operator balance: 496.605707739798469778 POL
2026-02-03 20:56:19 +08:00: 🔢 Nonce initialized: 1738
2026-02-03 20:56:19 +08:00: \n🔄 Starting batch orchestrator (40 sessions/batch, 3 concurrent batches)...\n
2026-02-03 20:56:19 +08:00: \n📊 Total sessions in contract: 3
2026-02-03 20:56:19 +08:00: 🦞 Active nodes: 20 | Shards per cycle: 4
2026-02-03 20:56:20 +08:00: 📋 Active sessions: 0
2026-02-03 20:56:20 +08:00: 💤 No active sessions, waiting...
2026-02-03 20:56:50 +08:00: \n📊 Total sessions in contract: 3
2026-02-03 20:56:51 +08:00: 🦞 Active nodes: 20 | Shards per cycle: 4
2026-02-03 20:56:51 +08:00: 📋 Active sessions: 0
2026-02-03 20:56:51 +08:00: 💤 No active sessions, waiting...
2026-02-03 20:58:12 +08:00: \n📊 Total sessions in contract: 5
2026-02-03 20:58:13 +08:00: 🦞 Active nodes: 20 | Shards per cycle: 4
2026-02-03 20:58:14 +08:00: 🔍 Found active session 4: 1.0 POL (10 shards)
2026-02-03 20:58:14 +08:00: 🔍 Found active session 5: 2.0 POL (20 shards)
2026-02-03 20:58:14 +08:00: 📋 Active sessions: 2
2026-02-03 20:58:14 +08:00: \n🚀 Processing 2 sessions in 1 batches
2026-02-03 20:58:15 +08:00: \n📦 Batch 1770123494973: Pulsing 2 sessions (Mixer→A) [nonce: 1738]
2026-02-03 20:58:16 +08:00: 🔄 Recovering nonce from chain...
2026-02-03 20:58:16 +08:00: ✅ Nonce recovered: 1740
2026-02-03 20:58:47 +08:00: \n📊 Total sessions in contract: 5
2026-02-03 20:58:47 +08:00: 🦞 Active nodes: 20 | Shards per cycle: 4
2026-02-03 20:58:48 +08:00: 📋 Active sessions: 2
2026-02-03 20:58:48 +08:00: \n🚀 Processing 2 sessions in 1 batches
2026-02-03 20:58:49 +08:00: \n📦 Batch 1770123528789: Pulsing 2 sessions (Mixer→A) [nonce: 1740]
2026-02-03 20:58:50 +08:00: 📤 Tx sent: 0x4d5c576cb19777944265eb539072273098b635c4bf37d50a4a3fe58ffcb004de
2026-02-03 20:58:55 +08:00: ✅ Batch confirmed in block 33244066! Gas: 230398
2026-02-03 20:59:25 +08:00: \n📊 Total sessions in contract: 5
2026-02-03 20:59:26 +08:00: 🦞 Active nodes: 20 | Shards per cycle: 4
2026-02-03 20:59:27 +08:00: 📋 Active sessions: 2
2026-02-03 20:59:27 +08:00: \n🚀 Processing 2 sessions in 1 batches
2026-02-03 20:59:27 +08:00: \n📦 Batch 1770123567242: Pulsing 2 sessions (A→B) [nonce: 1741]
2026-02-03 20:59:28 +08:00: 📤 Tx sent: 0x51667570c9d621007bc5d0030422131b1a138628aca222b83b9c82d558f94d4f
2026-02-03 20:59:33 +08:00: ✅ Batch confirmed in block 33244085! Gas: 273647
2026-02-03 21:00:04 +08:00: \n📊 Total sessions in contract: 5
2026-02-03 21:00:04 +08:00: 🦞 Active nodes: 20 | Shards per cycle: 4
2026-02-03 21:00:05 +08:00: 📋 Active sessions: 2
2026-02-03 21:00:05 +08:00: \n🚀 Processing 2 sessions in 1 batches
2026-02-03 21:00:06 +08:00: \n📦 Batch 1770123605651: Pulsing 2 sessions (B→C) [nonce: 1742]
2026-02-03 21:00:07 +08:00: 📤 Tx sent: 0xbb6c33daafead79239324c10b127dbd5d43d480ae5bc9e913b14c3f0eea6838d
2026-02-03 21:00:12 +08:00: ✅ Batch confirmed in block 33244105! Gas: 282907
2026-02-03 21:00:42 +08:00: \n📊 Total sessions in contract: 5
2026-02-03 21:00:42 +08:00: 🦞 Active nodes: 20 | Shards per cycle: 4
2026-02-03 21:00:44 +08:00: 📋 Active sessions: 2
2026-02-03 21:00:44 +08:00: \n🚀 Processing 2 sessions in 1 batches
2026-02-03 21:00:44 +08:00: \n📦 Batch 1770123644152: Pulsing 2 sessions (C→D) [nonce: 1743]
2026-02-03 21:00:45 +08:00: 🔄 Recovering nonce from chain...
2026-02-03 21:00:46 +08:00: ✅ Nonce recovered: 1744
2026-02-03 21:01:16 +08:00: \n📊 Total sessions in contract: 6
2026-02-03 21:01:16 +08:00: 🦞 Active nodes: 20 | Shards per cycle: 4
2026-02-03 21:01:18 +08:00: 🔍 Found active session 6: 1.0 POL (10 shards)
2026-02-03 21:01:18 +08:00: 📋 Active sessions: 3
2026-02-03 21:01:18 +08:00: \n🚀 Processing 3 sessions in 1 batches
2026-02-03 21:01:19 +08:00: \n📦 Batch 1770123678401: Pulsing 3 sessions (C→D) [nonce: 1744]
2026-02-03 21:01:20 +08:00: 🔄 Recovering nonce from chain...
2026-02-03 21:01:20 +08:00: ✅ Nonce recovered: 1745
2026-02-03 21:01:50 +08:00: \n📊 Total sessions in contract: 7
2026-02-03 21:01:51 +08:00: 🦞 Active nodes: 20 | Shards per cycle: 4
2026-02-03 21:01:53 +08:00: 🔍 Found active session 7: 3.0 POL (30 shards)
2026-02-03 21:01:53 +08:00: 📋 Active sessions: 4
2026-02-03 21:01:53 +08:00: \n🚀 Processing 4 sessions in 1 batches
2026-02-03 21:01:54 +08:00: \n📦 Batch 1770123713024: Pulsing 4 sessions (C→D) [nonce: 1745]
2026-02-03 21:01:55 +08:00: 📤 Tx sent: 0xa087dd359c57c0ab241b56fd976ba6154dec6d892a58a607e832baf6438af49f
2026-02-03 21:01:59 +08:00: ✅ Batch confirmed in block 33244159! Gas: 458117
2026-02-03 21:02:30 +08:00: \n📊 Total sessions in contract: 7
2026-02-03 21:02:30 +08:00: 🦞 Active nodes: 20 | Shards per cycle: 4
2026-02-03 21:02:32 +08:00: 📋 Active sessions: 4
2026-02-03 21:02:32 +08:00: \n🚀 Processing 4 sessions in 1 batches
2026-02-03 21:02:33 +08:00: \n📦 Batch 1770123752357: Pulsing 4 sessions (D→E) [nonce: 1746]
2026-02-03 21:02:34 +08:00: 📤 Tx sent: 0x1334ff6854d030f42f4f4e178afe24ac9f0793644b17b7adf149b11e7abe164b
2026-02-03 21:02:39 +08:00: ✅ Batch confirmed in block 33244178! Gas: 493127
2026-02-03 21:03:09 +08:00: \n📊 Total sessions in contract: 8
2026-02-03 21:03:10 +08:00: 🦞 Active nodes: 20 | Shards per cycle: 4
2026-02-03 21:03:12 +08:00: 🔍 Found active session 8: 2.0 POL (20 shards)
2026-02-03 21:03:12 +08:00: 📋 Active sessions: 5
2026-02-03 21:03:12 +08:00: \n🚀 Processing 5 sessions in 1 batches
2026-02-03 21:03:13 +08:00: \n📦 Batch 1770123792187: Pulsing 4 sessions (E→Recipient) [nonce: 1747]
2026-02-03 21:03:14 +08:00: 🔄 Recovering nonce from chain...
2026-02-03 21:03:14 +08:00: ✅ Nonce recovered: 1748
2026-02-03 21:03:45 +08:00: \n📊 Total sessions in contract: 8
2026-02-03 21:03:45 +08:00: 🦞 Active nodes: 20 | Shards per cycle: 4
2026-02-03 21:03:47 +08:00: 📋 Active sessions: 5
2026-02-03 21:03:47 +08:00: \n🚀 Processing 5 sessions in 1 batches
2026-02-03 21:03:48 +08:00: \n📦 Batch 1770123827285: Pulsing 5 sessions (E→Recipient) [nonce: 1748]
2026-02-03 21:03:49 +08:00: 📤 Tx sent: 0xb921b9dac418e9ff10af71fc8dfa1b162da8692459446c74b94f56d6d3d25b8f
2026-02-03 21:03:54 +08:00: ✅ Batch confirmed in block 33244216! Gas: 556385
2026-02-03 21:04:24 +08:00: \n📊 Total sessions in contract: 10
2026-02-03 21:04:25 +08:00: 🦞 Active nodes: 20 | Shards per cycle: 4
2026-02-03 21:04:27 +08:00: 🔍 Found active session 9: 2.0 POL (20 shards)
2026-02-03 21:04:27 +08:00: 🔍 Found active session 10: 5.0 POL (50 shards)
2026-02-03 21:04:27 +08:00: 📋 Active sessions: 7
2026-02-03 21:04:27 +08:00: \n🚀 Processing 7 sessions in 1 batches
2026-02-03 21:04:29 +08:00: \n📦 Batch 1770123867974: Pulsing 6 sessions (Wave Complete) [nonce: 1749]
2026-02-03 21:04:30 +08:00: 🔄 Recovering nonce from chain...
2026-02-03 21:04:30 +08:00: ✅ Nonce recovered: 1751
2026-02-03 21:05:01 +08:00: \n📊 Total sessions in contract: 10
2026-02-03 21:05:01 +08:00: 🦞 Active nodes: 20 | Shards per cycle: 4
2026-02-03 21:05:04 +08:00: 📋 Active sessions: 7
2026-02-03 21:05:04 +08:00: \n🚀 Processing 7 sessions in 1 batches
2026-02-03 21:05:05 +08:00: \n📦 Batch 1770123904053: Pulsing 7 sessions (Wave Complete) [nonce: 1751]
2026-02-03 21:05:06 +08:00: 📤 Tx sent: 0xf5ebe6b719c672d61f8f9062b014115e5e571efab2ac69a1bd81f2780f23f926
2026-02-03 21:05:11 +08:00: ✅ Batch confirmed in block 33244254! Gas: 632717
2026-02-03 21:05:42 +08:00: \n📊 Total sessions in contract: 10
2026-02-03 21:05:42 +08:00: 🦞 Active nodes: 20 | Shards per cycle: 4
2026-02-03 21:05:44 +08:00: 📋 Active sessions: 7
2026-02-03 21:05:44 +08:00: \n🚀 Processing 7 sessions in 1 batches
2026-02-03 21:05:46 +08:00: \n📦 Batch 1770123944768: Pulsing 7 sessions (Mixer→A) [nonce: 1752]
2026-02-03 21:05:47 +08:00: 📤 Tx sent: 0x67798da7d4a06d74ac071e35c25db89074e5e65747446f5528ba63dff0db50a7
2026-02-03 21:05:52 +08:00: ✅ Batch confirmed in block 33244275! Gas: 761061
2026-02-03 21:06:22 +08:00: \n📊 Total sessions in contract: 10
2026-02-03 21:06:23 +08:00: 🦞 Active nodes: 20 | Shards per cycle: 4
2026-02-03 21:06:25 +08:00: 📋 Active sessions: 7
2026-02-03 21:06:25 +08:00: \n🚀 Processing 7 sessions in 1 batches
2026-02-03 21:06:27 +08:00: \n📦 Batch 1770123985340: Pulsing 7 sessions (A→B) [nonce: 1753]
2026-02-03 21:06:28 +08:00: 📤 Tx sent: 0x1051a05ea4d97165e0a5c2d0e6829ba15a3e025f3409e67d9d80ff7bce82bde0
2026-02-03 21:06:32 +08:00: ✅ Batch confirmed in block 33244295! Gas: 754723
2026-02-03 21:07:03 +08:00: \n📊 Total sessions in contract: 10
2026-02-03 21:07:03 +08:00: 🦞 Active nodes: 20 | Shards per cycle: 4
2026-02-03 21:07:06 +08:00: 📋 Active sessions: 7
2026-02-03 21:07:06 +08:00: \n🚀 Processing 7 sessions in 1 batches
2026-02-03 21:07:07 +08:00: \n📦 Batch 1770124026176: Pulsing 7 sessions (B→C) [nonce: 1754]
2026-02-03 21:07:08 +08:00: 📤 Tx sent: 0x8cb9dd4b10ed4b60468b16e403150e4b9393aa596e54faf81618fcd2bc1d65fe
2026-02-03 21:07:13 +08:00: ✅ Batch confirmed in block 33244315! Gas: 652117
2026-02-03 21:07:44 +08:00: \n📊 Total sessions in contract: 10
2026-02-03 21:07:44 +08:00: 🦞 Active nodes: 20 | Shards per cycle: 4
2026-02-03 21:07:47 +08:00: 📋 Active sessions: 7
2026-02-03 21:07:47 +08:00: \n🚀 Processing 7 sessions in 1 batches
2026-02-03 21:07:49 +08:00: \n📦 Batch 1770124067026: Pulsing 7 sessions (C→D) [nonce: 1755]
2026-02-03 21:07:49 +08:00: 📤 Tx sent: 0x19a6b396206201e6b2ed81d3891af5fe3ad7094bc00b1be2350ed666fc111382
2026-02-03 21:07:54 +08:00: ✅ Batch confirmed in block 33244336! Gas: 756601
2026-02-03 21:08:25 +08:00: \n📊 Total sessions in contract: 10
2026-02-03 21:08:25 +08:00: 🦞 Active nodes: 20 | Shards per cycle: 4
2026-02-03 21:08:28 +08:00: 📋 Active sessions: 7
2026-02-03 21:08:28 +08:00: \n🚀 Processing 7 sessions in 1 batches
2026-02-03 21:08:29 +08:00: \n📦 Batch 1770124108002: Pulsing 7 sessions (D→E) [nonce: 1756]
2026-02-03 21:08:30 +08:00: 📤 Tx sent: 0x44c5c7bc18a82728d947a06555fb1b2073bd6a6e921807e66d4405aa350a6a89
2026-02-03 21:08:35 +08:00: ✅ Batch confirmed in block 33244356! Gas: 687255
2026-02-03 21:09:05 +08:00: \n📊 Total sessions in contract: 10
2026-02-03 21:09:06 +08:00: 🦞 Active nodes: 20 | Shards per cycle: 4
2026-02-03 21:09:08 +08:00: 📋 Active sessions: 7
2026-02-03 21:09:08 +08:00: \n🚀 Processing 7 sessions in 1 batches
2026-02-03 21:09:10 +08:00: \n📦 Batch 1770124148687: Pulsing 7 sessions (E→Recipient) [nonce: 1757]
2026-02-03 21:09:11 +08:00: 📤 Tx sent: 0x51d5b11be38104dce08fa5a87b23512c164e00dbc4bd4aebcdf2822fee428c17
2026-02-03 21:09:16 +08:00: ✅ Batch confirmed in block 33244377! Gas: 611634
2026-02-03 21:09:46 +08:00: \n📊 Total sessions in contract: 10
2026-02-03 21:09:47 +08:00: 🦞 Active nodes: 20 | Shards per cycle: 4
2026-02-03 21:09:49 +08:00: 📋 Active sessions: 7
2026-02-03 21:09:49 +08:00: \n🚀 Processing 7 sessions in 1 batches
2026-02-03 21:09:51 +08:00: \n📦 Batch 1770124189310: Pulsing 7 sessions (Wave Complete) [nonce: 1758]
2026-02-03 21:09:52 +08:00: 📤 Tx sent: 0x712f635edf08d60615f7b63b4514564d1a5f0281dc807047ad6135e87fc05de8
2026-02-03 21:09:57 +08:00: ✅ Batch confirmed in block 33244397! Gas: 632717
2026-02-03 21:10:27 +08:00: \n📊 Total sessions in contract: 10
2026-02-03 21:10:27 +08:00: 🦞 Active nodes: 20 | Shards per cycle: 4
2026-02-03 21:10:30 +08:00: 📋 Active sessions: 7
2026-02-03 21:10:30 +08:00: \n🚀 Processing 7 sessions in 1 batches
2026-02-03 21:10:31 +08:00: \n📦 Batch 1770124230037: Pulsing 7 sessions (Mixer→A) [nonce: 1759]
2026-02-03 21:10:32 +08:00: 📤 Tx sent: 0x2de197e44ceb5b5190025587f2fa81fac6104a58711759f95af73d7edafc93e7
2026-02-03 21:10:37 +08:00: ✅ Batch confirmed in block 33244417! Gas: 745819
2026-02-03 21:11:07 +08:00: \n📊 Total sessions in contract: 10
2026-02-03 21:11:08 +08:00: 🦞 Active nodes: 20 | Shards per cycle: 4
2026-02-03 21:11:10 +08:00: 📋 Active sessions: 7
2026-02-03 21:11:10 +08:00: \n🚀 Processing 7 sessions in 1 batches
2026-02-03 21:11:12 +08:00: \n📦 Batch 1770124270792: Pulsing 7 sessions (A→B) [nonce: 1760]
2026-02-03 21:11:13 +08:00: 📤 Tx sent: 0x0346a0a2f255cbc97e48dcc9e35594b94c8587fd92e32df64198b6e89450c542
2026-02-03 21:11:18 +08:00: ✅ Batch confirmed in block 33244438! Gas: 736207
2026-02-03 21:11:48 +08:00: \n📊 Total sessions in contract: 10
2026-02-03 21:11:49 +08:00: 🦞 Active nodes: 20 | Shards per cycle: 4
2026-02-03 21:11:51 +08:00: 📋 Active sessions: 7
2026-02-03 21:11:51 +08:00: \n🚀 Processing 7 sessions in 1 batches
2026-02-03 21:11:53 +08:00: \n📦 Batch 1770124311418: Pulsing 7 sessions (B→C) [nonce: 1761]
2026-02-03 21:11:54 +08:00: 📤 Tx sent: 0x123adc50c9cf5c4e9d2a533ec2141e15905c83347cd40b88d2a14d1fd2f4b1c6
2026-02-03 21:11:59 +08:00: ✅ Batch confirmed in block 33244458! Gas: 631601
2026-02-03 21:12:29 +08:00: \n📊 Total sessions in contract: 10
2026-02-03 21:12:29 +08:00: 🦞 Active nodes: 20 | Shards per cycle: 4
2026-02-03 21:12:32 +08:00: 📋 Active sessions: 7
2026-02-03 21:12:32 +08:00: \n🚀 Processing 7 sessions in 1 batches
2026-02-03 21:12:34 +08:00: \n📦 Batch 1770124352130: Pulsing 7 sessions (C→D) [nonce: 1762]
2026-02-03 21:12:35 +08:00: 📤 Tx sent: 0x1cd8ed5badfe936f356cdddcbe891da17b9ad959c1a5a5c48f6f49b30cca89b6
2026-02-03 21:12:39 +08:00: ✅ Batch confirmed in block 33244479! Gas: 720843
2026-02-03 21:13:10 +08:00: \n📊 Total sessions in contract: 10
2026-02-03 21:13:10 +08:00: 🦞 Active nodes: 20 | Shards per cycle: 4
2026-02-03 21:13:12 +08:00: 📋 Active sessions: 7
2026-02-03 21:13:12 +08:00: \n🚀 Processing 7 sessions in 1 batches
2026-02-03 21:13:14 +08:00: \n📦 Batch 1770124392980: Pulsing 7 sessions (D→E) [nonce: 1763]
2026-02-03 21:13:15 +08:00: 📤 Tx sent: 0x08bfaa8442050f9f3e4f83f00c0e7fb65558fd96132d0cb961232904c375030d
2026-02-03 21:13:20 +08:00: ✅ Batch confirmed in block 33244499! Gas: 641223
2026-02-03 21:13:50 +08:00: \n📊 Total sessions in contract: 10
2026-02-03 21:13:51 +08:00: 🦞 Active nodes: 20 | Shards per cycle: 4
2026-02-03 21:13:53 +08:00: 📋 Active sessions: 7
2026-02-03 21:13:53 +08:00: \n🚀 Processing 7 sessions in 1 batches
2026-02-03 21:13:55 +08:00: \n📦 Batch 1770124433564: Pulsing 7 sessions (E→Recipient) [nonce: 1764]
2026-02-03 21:13:56 +08:00: 📤 Tx sent: 0x458087874d0c5f9d9226fb6ce8e0ae04f743edbe6ac4b4e635d68b755a19d396
2026-02-03 21:14:01 +08:00: ✅ Batch confirmed in block 33244519! Gas: 572888
2026-02-03 21:14:31 +08:00: \n📊 Total sessions in contract: 10
2026-02-03 21:14:31 +08:00: 🦞 Active nodes: 20 | Shards per cycle: 4
2026-02-03 21:14:34 +08:00: 📋 Active sessions: 7
2026-02-03 21:14:34 +08:00: \n🚀 Processing 7 sessions in 1 batches
2026-02-03 21:14:36 +08:00: \n📦 Batch 1770124474221: Pulsing 7 sessions (Wave Complete) [nonce: 1765]
2026-02-03 21:14:36 +08:00: 📤 Tx sent: 0xe6d2395fbd7dd75b7ceeb73f2c4da3e379e40bd4b1719f0f6cc20902aab2c54a
2026-02-03 21:14:41 +08:00: ✅ Batch confirmed in block 33244539! Gas: 691282
2026-02-03 21:15:12 +08:00: \n📊 Total sessions in contract: 10
2026-02-03 21:15:12 +08:00: 🦞 Active nodes: 20 | Shards per cycle: 4
2026-02-03 21:15:14 +08:00: 📋 Active sessions: 7
2026-02-03 21:15:14 +08:00: \n🚀 Processing 7 sessions in 1 batches
2026-02-03 21:15:16 +08:00: \n📦 Batch 1770124514887: Pulsing 6 sessions (Mixer→A) [nonce: 1766]
2026-02-03 21:15:17 +08:00: 📤 Tx sent: 0x0206ecbe4e08bcf17df4ea511ddf2eaeb2e961f53cf047bc42c62c698e2726d1
2026-02-03 21:15:22 +08:00: ✅ Batch confirmed in block 33244560! Gas: 655068
2026-02-03 21:15:52 +08:00: \n📊 Total sessions in contract: 10
2026-02-03 21:15:53 +08:00: 🦞 Active nodes: 20 | Shards per cycle: 4
2026-02-03 21:15:55 +08:00: 📋 Active sessions: 7
2026-02-03 21:15:55 +08:00: \n🚀 Processing 7 sessions in 1 batches
2026-02-03 21:15:57 +08:00: \n📦 Batch 1770124555652: Pulsing 6 sessions (A→B) [nonce: 1767]
2026-02-03 21:15:58 +08:00: 📤 Tx sent: 0xeb7ea83ff8af6da0cba99769faac04e6e4ecd6fe94f4d75164fbdf0bca0a9baf
2026-02-03 21:16:03 +08:00: ✅ Batch confirmed in block 33244580! Gas: 641141
2026-02-03 21:16:33 +08:00: \n📊 Total sessions in contract: 10
2026-02-03 21:16:34 +08:00: 🦞 Active nodes: 20 | Shards per cycle: 4
2026-02-03 21:16:36 +08:00: 📋 Active sessions: 7
2026-02-03 21:16:36 +08:00: \n🚀 Processing 7 sessions in 1 batches
2026-02-03 21:16:38 +08:00: \n📦 Batch 1770124596231: Pulsing 6 sessions (B→C) [nonce: 1768]
2026-02-03 21:16:38 +08:00: 📤 Tx sent: 0x35caefd8fa9ac4f5d52984476b11eb4cb71d44bea1804e4bc21774bd2f48e6b7
2026-02-03 21:16:43 +08:00: ✅ Batch confirmed in block 33244600! Gas: 629718
2026-02-03 21:17:14 +08:00: \n📊 Total sessions in contract: 10
2026-02-03 21:17:14 +08:00: 🦞 Active nodes: 20 | Shards per cycle: 4
2026-02-03 21:17:16 +08:00: 📋 Active sessions: 7
2026-02-03 21:17:16 +08:00: \n🚀 Processing 7 sessions in 1 batches
2026-02-03 21:17:18 +08:00: \n📦 Batch 1770124636776: Pulsing 5 sessions (C→D) [nonce: 1769]
2026-02-03 21:17:19 +08:00: 📤 Tx sent: 0x6caf5fa8377e9c29ec0bf0eeb81ec28b09a56b0f0537efeb62ffdc38c9b69af4
2026-02-03 21:17:24 +08:00: ✅ Batch confirmed in block 33244621! Gas: 574014
2026-02-03 21:17:54 +08:00: \n📊 Total sessions in contract: 10
2026-02-03 21:17:55 +08:00: 🦞 Active nodes: 20 | Shards per cycle: 4
2026-02-03 21:17:57 +08:00: 📋 Active sessions: 7
2026-02-03 21:17:57 +08:00: \n🚀 Processing 7 sessions in 1 batches
2026-02-03 21:17:59 +08:00: \n📦 Batch 1770124677407: Pulsing 5 sessions (D→E) [nonce: 1770]
2026-02-03 21:18:00 +08:00: 📤 Tx sent: 0x51d7967eb800848a0b2cd4c0901d03a533a782466b0276689c36d27996309d79
2026-02-03 21:18:04 +08:00: ✅ Batch confirmed in block 33244641! Gas: 479164
2026-02-03 21:18:35 +08:00: \n📊 Total sessions in contract: 10
2026-02-03 21:18:35 +08:00: 🦞 Active nodes: 20 | Shards per cycle: 4
2026-02-03 21:18:38 +08:00: 📋 Active sessions: 7
2026-02-03 21:18:38 +08:00: \n🚀 Processing 7 sessions in 1 batches
2026-02-03 21:18:40 +08:00: \n📦 Batch 1770124718146: Pulsing 5 sessions (E→Recipient) [nonce: 1771]
2026-02-03 21:18:40 +08:00: 📤 Tx sent: 0x7b2599b1f9481d97b1a42b84fc5303adcc825ff04bde821bc8ff6ea88df5206e
2026-02-03 21:18:45 +08:00: ✅ Batch confirmed in block 33244661! Gas: 422652
2026-02-03 21:19:16 +08:00: \n📊 Total sessions in contract: 10
2026-02-03 21:19:16 +08:00: 🦞 Active nodes: 20 | Shards per cycle: 4
2026-02-03 21:19:18 +08:00: 📋 Active sessions: 7
2026-02-03 21:19:18 +08:00: \n🚀 Processing 7 sessions in 1 batches
2026-02-03 21:19:20 +08:00: \n📦 Batch 1770124758910: Pulsing 5 sessions (Wave Complete) [nonce: 1772]
2026-02-03 21:19:21 +08:00: 📤 Tx sent: 0x38ff2c005d2656275b6acc3f6d4227b0350ff3ec5bf357ef63c788dcbdf4b553
2026-02-03 21:19:26 +08:00: ✅ Batch confirmed in block 33244682! Gas: 500982
2026-02-03 21:19:56 +08:00: \n📊 Total sessions in contract: 10
2026-02-03 21:19:57 +08:00: 🦞 Active nodes: 20 | Shards per cycle: 4
2026-02-03 21:19:59 +08:00: 📋 Active sessions: 7
2026-02-03 21:19:59 +08:00: \n🚀 Processing 7 sessions in 1 batches
2026-02-03 21:20:01 +08:00: \n📦 Batch 1770124799547: Pulsing 5 sessions (Mixer→A) [nonce: 1773]
2026-02-03 21:20:02 +08:00: 📤 Tx sent: 0x172e4fbe43a8134e86f2f8d9534f4197174c8313f818efc6d6cbc6b8a1f570aa
2026-02-03 21:20:07 +08:00: ✅ Batch confirmed in block 33244702! Gas: 580247
2026-02-03 21:20:37 +08:00: \n📊 Total sessions in contract: 10
2026-02-03 21:20:38 +08:00: 🦞 Active nodes: 20 | Shards per cycle: 4
2026-02-03 21:20:40 +08:00: 📋 Active sessions: 7
2026-02-03 21:20:40 +08:00: \n🚀 Processing 7 sessions in 1 batches
2026-02-03 21:20:42 +08:00: \n📦 Batch 1770124840303: Pulsing 5 sessions (A→B) [nonce: 1774]
2026-02-03 21:20:43 +08:00: 📤 Tx sent: 0x1a08c22e51b7c114d29fda52b4778076b835c0cbf1a401b633fd18b36427897a
2026-02-03 21:20:47 +08:00: ✅ Batch confirmed in block 33244723! Gas: 578273
2026-02-03 21:21:18 +08:00: \n📊 Total sessions in contract: 10
2026-02-03 21:21:18 +08:00: 🦞 Active nodes: 20 | Shards per cycle: 4
2026-02-03 21:21:21 +08:00: 📋 Active sessions: 7
2026-02-03 21:21:21 +08:00: \n🚀 Processing 7 sessions in 1 batches
2026-02-03 21:21:23 +08:00: \n📦 Batch 1770124881281: Pulsing 5 sessions (B→C) [nonce: 1775]
2026-02-03 21:21:24 +08:00: 📤 Tx sent: 0xba0b2cedfd544a8a4a20ea2397eee1aab6a22e1d84a164314e41b6cc48706d74
2026-02-03 21:21:28 +08:00: ✅ Batch confirmed in block 33244743! Gas: 524916
2026-02-03 21:21:59 +08:00: \n📊 Total sessions in contract: 10
2026-02-03 21:21:59 +08:00: 🦞 Active nodes: 20 | Shards per cycle: 4
2026-02-03 21:22:01 +08:00: 📋 Active sessions: 7
2026-02-03 21:22:01 +08:00: \n🚀 Processing 7 sessions in 1 batches
2026-02-03 21:22:03 +08:00: \n📦 Batch 1770124921894: Pulsing 5 sessions (C→D) [nonce: 1776]
2026-02-03 21:22:04 +08:00: 📤 Tx sent: 0x5a1aa0cd950d60fb41d4029db7853629961b48e1317183a0d59c65e323a06bda
2026-02-03 21:22:09 +08:00: ✅ Batch confirmed in block 33244763! Gas: 573918
2026-02-03 21:22:40 +08:00: \n📊 Total sessions in contract: 10
2026-02-03 21:22:40 +08:00: 🦞 Active nodes: 20 | Shards per cycle: 4
2026-02-03 21:22:42 +08:00: 📋 Active sessions: 7
2026-02-03 21:22:42 +08:00: \n🚀 Processing 7 sessions in 1 batches
2026-02-03 21:22:44 +08:00: \n📦 Batch 1770124962785: Pulsing 5 sessions (D→E) [nonce: 1777]
2026-02-03 21:22:45 +08:00: 📤 Tx sent: 0x12327061bf3db024bee1b96db2eb8cc254d6edc4a607f526ed4d3723bc09661d
2026-02-03 21:22:50 +08:00: ✅ Batch confirmed in block 33244784! Gas: 479068
2026-02-03 21:23:20 +08:00: \n📊 Total sessions in contract: 10
2026-02-03 21:23:21 +08:00: 🦞 Active nodes: 20 | Shards per cycle: 4
2026-02-03 21:23:23 +08:00: 📋 Active sessions: 7
2026-02-03 21:23:23 +08:00: \n🚀 Processing 7 sessions in 1 batches
2026-02-03 21:23:25 +08:00: \n📦 Batch 1770125003408: Pulsing 5 sessions (E→Recipient) [nonce: 1778]
2026-02-03 21:23:26 +08:00: 📤 Tx sent: 0x6c8347cd9d37016affcc5482a3813a2672f9727c1947325bf8cd2ed9d3df6f92
2026-02-03 21:23:31 +08:00: ✅ Batch confirmed in block 33244804! Gas: 422460
2026-02-03 21:24:01 +08:00: \n📊 Total sessions in contract: 10
2026-02-03 21:24:01 +08:00: 🦞 Active nodes: 20 | Shards per cycle: 4
2026-02-03 21:24:04 +08:00: 📋 Active sessions: 7
2026-02-03 21:24:04 +08:00: \n🚀 Processing 7 sessions in 1 batches
2026-02-03 21:24:05 +08:00: \n📦 Batch 1770125044063: Pulsing 5 sessions (Wave Complete) [nonce: 1779]
2026-02-03 21:24:06 +08:00: 📤 Tx sent: 0x60b5a4525036b59c0bf8ec328d7d976cd1a7f91aca321c7837381b316781978a
2026-02-03 21:24:11 +08:00: ✅ Batch confirmed in block 33244824! Gas: 577871
2026-02-03 21:24:42 +08:00: \n📊 Total sessions in contract: 10
2026-02-03 21:24:42 +08:00: 🦞 Active nodes: 20 | Shards per cycle: 4
2026-02-03 21:24:44 +08:00: 📋 Active sessions: 7
2026-02-03 21:24:44 +08:00: \n🚀 Processing 7 sessions in 1 batches
2026-02-03 21:24:46 +08:00: \n📦 Batch 1770125084725: Pulsing 4 sessions (D→E) [nonce: 1780]
2026-02-03 21:24:47 +08:00: 📤 Tx sent: 0xc1e39e57ed8280ea55f0626f3bea212231f64d4299b96bc556327197fa7dcfa7
2026-02-03 21:24:52 +08:00: ✅ Batch confirmed in block 33244845! Gas: 488175
2026-02-03 21:25:22 +08:00: \n📊 Total sessions in contract: 10
2026-02-03 21:25:23 +08:00: 🦞 Active nodes: 20 | Shards per cycle: 4
2026-02-03 21:25:25 +08:00: 📋 Active sessions: 7
2026-02-03 21:25:25 +08:00: \n🚀 Processing 7 sessions in 1 batches
2026-02-03 21:25:27 +08:00: \n📦 Batch 1770125125364: Pulsing 4 sessions (E→Recipient) [nonce: 1781]
2026-02-03 21:25:28 +08:00: 📤 Tx sent: 0xc35e1f92cedecb4012a40a0d4b7ff0e56b53567cbb94b3d609ad90046ced6c6f
2026-02-03 21:25:32 +08:00: ✅ Batch confirmed in block 33244865! Gas: 476826
2026-02-03 21:26:03 +08:00: \n📊 Total sessions in contract: 10
2026-02-03 21:26:03 +08:00: 🦞 Active nodes: 20 | Shards per cycle: 4
2026-02-03 21:26:06 +08:00: 📋 Active sessions: 7
2026-02-03 21:26:06 +08:00: \n🚀 Processing 7 sessions in 1 batches
2026-02-03 21:26:07 +08:00: \n📦 Batch 1770125166010: Pulsing 4 sessions (Wave Complete) [nonce: 1782]
2026-02-03 21:26:08 +08:00: 📤 Tx sent: 0x97b9b92b7984721c26fb1a7551a54504413f20e1ac70e395495432577ee103cc
2026-02-03 21:26:13 +08:00: ✅ Batch confirmed in block 33244885! Gas: 425339
2026-02-03 21:26:43 +08:00: \n📊 Total sessions in contract: 10
2026-02-03 21:26:44 +08:00: 🦞 Active nodes: 20 | Shards per cycle: 4
2026-02-03 21:26:46 +08:00: 📋 Active sessions: 7
2026-02-03 21:26:46 +08:00: \n🚀 Processing 7 sessions in 1 batches
2026-02-03 21:26:48 +08:00: \n📦 Batch 1770125206675: Pulsing 4 sessions (Mixer→A) [nonce: 1783]
2026-02-03 21:26:49 +08:00: 📤 Tx sent: 0xe1c0235ba836bce63cd4cfaefb613faea0f9a3ba55eca7b93e5287b949d26a81
2026-02-03 21:26:54 +08:00: ✅ Batch confirmed in block 33244906! Gas: 467211
2026-02-03 21:27:24 +08:00: \n📊 Total sessions in contract: 10
2026-02-03 21:27:25 +08:00: 🦞 Active nodes: 20 | Shards per cycle: 4
2026-02-03 21:27:27 +08:00: 📋 Active sessions: 7
2026-02-03 21:27:27 +08:00: \n🚀 Processing 7 sessions in 1 batches
2026-02-03 21:27:29 +08:00: \n📦 Batch 1770125247294: Pulsing 4 sessions (A→B) [nonce: 1784]
2026-02-03 21:27:30 +08:00: 📤 Tx sent: 0x67ce20c89181e3fe96cf14107c0683d6781a8c88b4a24e64d2a4d5ef7a494e22
2026-02-03 21:27:34 +08:00: ✅ Batch confirmed in block 33244926! Gas: 445409
2026-02-03 21:28:05 +08:00: \n📊 Total sessions in contract: 10
2026-02-03 21:28:05 +08:00: 🦞 Active nodes: 20 | Shards per cycle: 4
2026-02-03 21:28:07 +08:00: 📋 Active sessions: 7
2026-02-03 21:28:07 +08:00: \n🚀 Processing 7 sessions in 1 batches
2026-02-03 21:28:09 +08:00: \n📦 Batch 1770125287945: Pulsing 3 sessions (B→C) [nonce: 1785]
2026-02-03 21:28:10 +08:00: 📤 Tx sent: 0xda1da9fc99edd5a6cac5a380cf89dbba6096507d292334f64008ba97bdaecb29
2026-02-03 21:28:15 +08:00: ✅ Batch confirmed in block 33244946! Gas: 291258
2026-02-03 21:28:45 +08:00: \n📊 Total sessions in contract: 10
2026-02-03 21:28:46 +08:00: 🦞 Active nodes: 20 | Shards per cycle: 4
2026-02-03 21:28:48 +08:00: 📋 Active sessions: 7
2026-02-03 21:28:48 +08:00: \n🚀 Processing 7 sessions in 1 batches
2026-02-03 21:28:50 +08:00: \n📦 Batch 1770125328531: Pulsing 2 sessions (C→D) [nonce: 1786]
2026-02-03 21:28:51 +08:00: 📤 Tx sent: 0xd065eb13223b9a9b3906bc4c2adcc71ce8b49a3cc58d18bbcf36551fa62dc30b
2026-02-03 21:28:56 +08:00: ✅ Batch confirmed in block 33244967! Gas: 260032
2026-02-03 21:29:26 +08:00: \n📊 Total sessions in contract: 10
2026-02-03 21:29:26 +08:00: 🦞 Active nodes: 20 | Shards per cycle: 4
2026-02-03 21:29:29 +08:00: 📋 Active sessions: 7
2026-02-03 21:29:29 +08:00: \n🚀 Processing 7 sessions in 1 batches
2026-02-03 21:29:31 +08:00: \n📦 Batch 1770125369205: Pulsing 2 sessions (D→E) [nonce: 1787]
2026-02-03 21:29:31 +08:00: 📤 Tx sent: 0x43d1e5cd9baa6ea2fca3e6c1e143dd5eeab69e6262e0bc81d34a9ae114eb623b
2026-02-03 21:29:36 +08:00: ✅ Batch confirmed in block 33244987! Gas: 269537
2026-02-03 21:30:07 +08:00: \n📊 Total sessions in contract: 10
2026-02-03 21:30:07 +08:00: 🦞 Active nodes: 20 | Shards per cycle: 4
2026-02-03 21:30:09 +08:00: 📋 Active sessions: 7
2026-02-03 21:30:09 +08:00: \n🚀 Processing 7 sessions in 1 batches
2026-02-03 21:30:11 +08:00: \n📦 Batch 1770125409990: Pulsing 2 sessions (E→Recipient) [nonce: 1788]
2026-02-03 21:30:12 +08:00: 📤 Tx sent: 0x8e67f1fcd16c72a2cb65105dbb90c1aeaf71fcd7782c9e0497482fbfd429778d
2026-02-03 21:30:17 +08:00: ✅ Batch confirmed in block 33245007! Gas: 255428
2026-02-03 21:30:48 +08:00: \n📊 Total sessions in contract: 10
2026-02-03 21:30:48 +08:00: 🦞 Active nodes: 20 | Shards per cycle: 4
2026-02-03 21:30:50 +08:00: 📋 Active sessions: 7
2026-02-03 21:30:50 +08:00: \n🚀 Processing 7 sessions in 1 batches
2026-02-03 21:30:52 +08:00: \n📦 Batch 1770125450778: Pulsing 2 sessions (Wave Complete) [nonce: 1789]
2026-02-03 21:30:53 +08:00: 📤 Tx sent: 0xb203e0fc1b1de01b10fc2f922f7f0e097947e28dafe28e0cc8c58c38aa35dd30
2026-02-03 21:30:58 +08:00: ✅ Batch confirmed in block 33245028! Gas: 186682
2026-02-03 21:31:28 +08:00: \n📊 Total sessions in contract: 10
2026-02-03 21:31:29 +08:00: 🦞 Active nodes: 20 | Shards per cycle: 4
2026-02-03 21:31:31 +08:00: 📋 Active sessions: 7
2026-02-03 21:31:31 +08:00: \n🚀 Processing 7 sessions in 1 batches
2026-02-03 21:31:33 +08:00: \n📦 Batch 1770125491370: Pulsing 2 sessions (Mixer→A) [nonce: 1790]
2026-02-03 21:31:34 +08:00: 📤 Tx sent: 0xc00c0f20196be26900f4eb572b0aabc5d8ca0f0aee92c4b56be457f076e84371
2026-02-03 21:31:38 +08:00: ✅ Batch confirmed in block 33245048! Gas: 251162
2026-02-03 21:32:09 +08:00: \n📊 Total sessions in contract: 10
2026-02-03 21:32:09 +08:00: 🦞 Active nodes: 20 | Shards per cycle: 4
2026-02-03 21:32:12 +08:00: 📋 Active sessions: 7
2026-02-03 21:32:12 +08:00: \n🚀 Processing 7 sessions in 1 batches
2026-02-03 21:32:13 +08:00: \n📦 Batch 1770125532026: Pulsing 2 sessions (A→B) [nonce: 1791]
2026-02-03 21:32:14 +08:00: 📤 Tx sent: 0x054d39f225187f92f1857b39f9e173a7e49a94964b371a63a84f1a646e90e32a
2026-02-03 21:32:19 +08:00: ✅ Batch confirmed in block 33245068! Gas: 253298
2026-02-03 21:32:49 +08:00: \n📊 Total sessions in contract: 10
2026-02-03 21:32:50 +08:00: 🦞 Active nodes: 20 | Shards per cycle: 4
2026-02-03 21:32:53 +08:00: 📋 Active sessions: 7
2026-02-03 21:32:53 +08:00: \n🚀 Processing 7 sessions in 1 batches
2026-02-03 21:32:54 +08:00: \n📦 Batch 1770125573011: Pulsing 2 sessions (B→C) [nonce: 1792]
2026-02-03 21:32:55 +08:00: 📤 Tx sent: 0x3d16fd2abbb5da462c7ddca2adc3920077fa9ddde57a742c57feb965efe2e61b
2026-02-03 21:33:00 +08:00: ✅ Batch confirmed in block 33245089! Gas: 186552
2026-02-03 21:33:30 +08:00: \n📊 Total sessions in contract: 10
2026-02-03 21:33:31 +08:00: 🦞 Active nodes: 20 | Shards per cycle: 4
2026-02-03 21:33:33 +08:00: 📋 Active sessions: 7
2026-02-03 21:33:33 +08:00: \n🚀 Processing 7 sessions in 1 batches
2026-02-03 21:33:35 +08:00: \n📦 Batch 1770125613603: Pulsing 2 sessions (C→D) [nonce: 1793]
2026-02-03 21:33:36 +08:00: 📤 Tx sent: 0xf54006ea872b1d0708476163a8d5923bef5a8f8da85444a64fc98d2be94948a8
2026-02-03 21:33:41 +08:00: ✅ Batch confirmed in block 33245109! Gas: 260032
2026-02-03 21:34:11 +08:00: \n📊 Total sessions in contract: 10
2026-02-03 21:34:11 +08:00: 🦞 Active nodes: 20 | Shards per cycle: 4
2026-02-03 21:34:14 +08:00: 📋 Active sessions: 7
2026-02-03 21:34:14 +08:00: \n🚀 Processing 7 sessions in 1 batches
2026-02-03 21:34:16 +08:00: \n📦 Batch 1770125654362: Pulsing 2 sessions (D→E) [nonce: 1794]
2026-02-03 21:34:17 +08:00: 📤 Tx sent: 0xdc62cc86c96fe9b0d2adee592dd63d577c9f5869e357cf1d7d0aaac01709f7b9
2026-02-03 21:34:21 +08:00: ✅ Batch confirmed in block 33245130! Gas: 269537
2026-02-03 21:34:52 +08:00: \n📊 Total sessions in contract: 10
2026-02-03 21:34:52 +08:00: 🦞 Active nodes: 20 | Shards per cycle: 4
2026-02-03 21:34:55 +08:00: 📋 Active sessions: 7
2026-02-03 21:34:55 +08:00: \n🚀 Processing 7 sessions in 1 batches
2026-02-03 21:34:56 +08:00: \n📦 Batch 1770125695014: Pulsing 2 sessions (E→Recipient) [nonce: 1795]
2026-02-03 21:34:57 +08:00: 📤 Tx sent: 0x1d2f3f11188c069bce72623f5ec632d9a25ad95452f24a260efbc992ba8b767f
2026-02-03 21:35:02 +08:00: ✅ Batch confirmed in block 33245150! Gas: 255428
2026-02-03 21:35:32 +08:00: \n📊 Total sessions in contract: 10
2026-02-03 21:35:33 +08:00: 🦞 Active nodes: 20 | Shards per cycle: 4
2026-02-03 21:35:35 +08:00: 📋 Active sessions: 7
2026-02-03 21:35:35 +08:00: \n🚀 Processing 7 sessions in 1 batches
2026-02-03 21:35:37 +08:00: \n📦 Batch 1770125735666: Pulsing 2 sessions (Wave Complete) [nonce: 1796]
2026-02-03 21:35:38 +08:00: 📤 Tx sent: 0x1e43a1543f12779c575f90ec08103973e273958f4347797e4851b127608fae02
2026-02-03 21:35:43 +08:00: ✅ Batch confirmed in block 33245170! Gas: 186682
2026-02-03 21:36:13 +08:00: \n📊 Total sessions in contract: 10
2026-02-03 21:36:14 +08:00: 🦞 Active nodes: 20 | Shards per cycle: 4
2026-02-03 21:36:16 +08:00: 📋 Active sessions: 7
2026-02-03 21:36:16 +08:00: \n🚀 Processing 7 sessions in 1 batches
2026-02-03 21:36:18 +08:00: \n📦 Batch 1770125776354: Pulsing 2 sessions (Mixer→A) [nonce: 1797]
2026-02-03 21:36:19 +08:00: 📤 Tx sent: 0x7b44b008f3bc02be96abc0591cc36c3be204fce951acfe7e8314b3efd872e67f
2026-02-03 21:36:23 +08:00: ✅ Batch confirmed in block 33245191! Gas: 233420
2026-02-03 21:36:54 +08:00: \n📊 Total sessions in contract: 10
2026-02-03 21:36:54 +08:00: 🦞 Active nodes: 20 | Shards per cycle: 4
2026-02-03 21:36:57 +08:00: 📋 Active sessions: 7
2026-02-03 21:36:57 +08:00: \n🚀 Processing 7 sessions in 1 batches
2026-02-03 21:36:59 +08:00: \n📦 Batch 1770125817422: Pulsing 2 sessions (A→B) [nonce: 1798]
2026-02-03 21:37:00 +08:00: 📤 Tx sent: 0x31aa7f75ecf1365a17d7e33ac2da824297d556d74479a2dfb268eb4718209ced
2026-02-03 21:37:05 +08:00: ✅ Batch confirmed in block 33245211! Gas: 220782
2026-02-03 21:37:35 +08:00: \n📊 Total sessions in contract: 10
2026-02-03 21:37:35 +08:00: 🦞 Active nodes: 20 | Shards per cycle: 4
2026-02-03 21:37:38 +08:00: 📋 Active sessions: 7
2026-02-03 21:37:38 +08:00: \n🚀 Processing 7 sessions in 1 batches
2026-02-03 21:37:39 +08:00: \n📦 Batch 1770125858051: Pulsing 2 sessions (B→C) [nonce: 1799]
2026-02-03 21:37:40 +08:00: 📤 Tx sent: 0x790189f37054e8a8b99a6b9703216e8e022f070a6d5e9fff77ffa9fbb9814430
2026-02-03 21:37:45 +08:00: ✅ Batch confirmed in block 33245231! Gas: 154036
2026-02-03 21:38:16 +08:00: \n📊 Total sessions in contract: 10
2026-02-03 21:38:16 +08:00: 🦞 Active nodes: 20 | Shards per cycle: 4
2026-02-03 21:38:18 +08:00: 📋 Active sessions: 7
2026-02-03 21:38:18 +08:00: \n🚀 Processing 7 sessions in 1 batches
2026-02-03 21:38:20 +08:00: \n📦 Batch 1770125898918: Pulsing 2 sessions (C→D) [nonce: 1800]
2026-02-03 21:38:21 +08:00: 📤 Tx sent: 0x483ed53e42aef52421c11b6ee46523e8bd13bcd6ca817cf3a04f2e5e93bf3d77
2026-02-03 21:38:26 +08:00: ✅ Batch confirmed in block 33245252! Gas: 227516
2026-02-03 21:38:56 +08:00: \n📊 Total sessions in contract: 10
2026-02-03 21:38:57 +08:00: 🦞 Active nodes: 20 | Shards per cycle: 4
2026-02-03 21:38:59 +08:00: 📋 Active sessions: 7
2026-02-03 21:38:59 +08:00: \n🚀 Processing 7 sessions in 1 batches
2026-02-03 21:39:01 +08:00: \n📦 Batch 1770125939582: Pulsing 2 sessions (D→E) [nonce: 1801]
2026-02-03 21:39:02 +08:00: 📤 Tx sent: 0x64e5b3001ef6e8e6dad83868460f4215563266cd2cd6448689daac0b8c123908
2026-02-03 21:39:07 +08:00: ✅ Batch confirmed in block 33245272! Gas: 242021
2026-02-03 21:39:37 +08:00: \n📊 Total sessions in contract: 10
2026-02-03 21:39:38 +08:00: 🦞 Active nodes: 20 | Shards per cycle: 4
2026-02-03 21:39:40 +08:00: 📋 Active sessions: 7
2026-02-03 21:39:40 +08:00: \n🚀 Processing 7 sessions in 1 batches
2026-02-03 21:39:42 +08:00: \n📦 Batch 1770125980442: Pulsing 2 sessions (E→Recipient) [nonce: 1802]
2026-02-03 21:39:43 +08:00: 📤 Tx sent: 0x154eb8cca37bc6ca8d151da7fb11db48a248359c784beaee5f2d689d46c0d272
2026-02-03 21:39:48 +08:00: ✅ Batch confirmed in block 33245293! Gas: 232698
2026-02-03 21:40:18 +08:00: \n📊 Total sessions in contract: 10
2026-02-03 21:40:18 +08:00: 🦞 Active nodes: 20 | Shards per cycle: 4
2026-02-03 21:40:21 +08:00: 📋 Active sessions: 7
2026-02-03 21:40:21 +08:00: \n🚀 Processing 7 sessions in 1 batches
2026-02-03 21:40:22 +08:00: \n📦 Batch 1770126021083: Pulsing 2 sessions (Wave Complete) [nonce: 1803]
2026-02-03 21:40:23 +08:00: 📤 Tx sent: 0xbb3bfaf0a73dada09eb4bfcd7e39303de4889984bd1a518ded46fff8fb45a1c9
2026-02-03 21:40:28 +08:00: ✅ Batch confirmed in block 33245313! Gas: 263764
2026-02-03 21:40:59 +08:00: \n📊 Total sessions in contract: 10
2026-02-03 21:40:59 +08:00: 🦞 Active nodes: 20 | Shards per cycle: 4
2026-02-03 21:41:01 +08:00: 📋 Active sessions: 7
2026-02-03 21:41:01 +08:00: \n🚀 Processing 7 sessions in 1 batches
2026-02-03 21:41:03 +08:00: \n📦 Batch 1770126061766: Pulsing 1 sessions (D→E) [nonce: 1804]
2026-02-03 21:41:04 +08:00: 📤 Tx sent: 0x73caa597c6df55ddd8f731a10d9ce2e18390f5e00eb17b8de07617cf4d887d43
2026-02-03 21:41:09 +08:00: ✅ Batch confirmed in block 33245333! Gas: 159188
2026-02-03 21:41:39 +08:00: \n📊 Total sessions in contract: 10
2026-02-03 21:41:40 +08:00: 🦞 Active nodes: 20 | Shards per cycle: 4
2026-02-03 21:41:42 +08:00: 📋 Active sessions: 7
2026-02-03 21:41:42 +08:00: \n🚀 Processing 7 sessions in 1 batches
2026-02-03 21:41:44 +08:00: \n📦 Batch 1770126102639: Pulsing 1 sessions (E→Recipient) [nonce: 1805]
2026-02-03 21:41:45 +08:00: 📤 Tx sent: 0x73ac8c97510ca893cc271773f4d60dbc5bdd36b7201ef0a5b0c1eaf0c68b8682
2026-02-03 21:41:50 +08:00: ✅ Batch confirmed in block 33245354! Gas: 131449
2026-02-03 21:42:20 +08:00: \n📊 Total sessions in contract: 10
2026-02-03 21:42:21 +08:00: 🦞 Active nodes: 20 | Shards per cycle: 4
2026-02-03 21:42:23 +08:00: 📋 Active sessions: 7
2026-02-03 21:42:23 +08:00: \n🚀 Processing 7 sessions in 1 batches
2026-02-03 21:42:25 +08:00: \n📦 Batch 1770126143437: Pulsing 1 sessions (Wave Complete) [nonce: 1806]
2026-02-03 21:42:26 +08:00: 📤 Tx sent: 0xa0ec91aca1160225405ad4fb4f073ba2e7898063e024d05b2b16458f28169f25
2026-02-03 21:42:31 +08:00: ✅ Batch confirmed in block 33245374! Gas: 49573
2026-02-03 21:43:01 +08:00: \n📊 Total sessions in contract: 10
2026-02-03 21:43:01 +08:00: 🦞 Active nodes: 20 | Shards per cycle: 4
2026-02-03 21:43:04 +08:00: 📋 Active sessions: 7
2026-02-03 21:43:04 +08:00: \n🚀 Processing 7 sessions in 1 batches
2026-02-03 21:43:05 +08:00: \n📦 Batch 1770126184139: Pulsing 1 sessions (Mixer→A) [nonce: 1807]
2026-02-03 21:43:06 +08:00: 📤 Tx sent: 0x027f3a969402c3ef9e752dd97343612304505e42c73059cb53ba7546e09ef875
2026-02-03 21:43:11 +08:00: ✅ Batch confirmed in block 33245394! Gas: 129423
2026-02-03 21:43:42 +08:00: \n📊 Total sessions in contract: 10
2026-02-03 21:43:42 +08:00: 🦞 Active nodes: 20 | Shards per cycle: 4
2026-02-03 21:43:44 +08:00: 📋 Active sessions: 7
2026-02-03 21:43:44 +08:00: \n🚀 Processing 7 sessions in 1 batches
2026-02-03 21:43:46 +08:00: \n📦 Batch 1770126224771: Pulsing 1 sessions (A→B) [nonce: 1808]
2026-02-03 21:43:47 +08:00: 📤 Tx sent: 0x28882409c4eb9a7c0f81b3b2e24ed99ad93d3572a6a147eb8cd43450776fb39e
2026-02-03 21:43:52 +08:00: ✅ Batch confirmed in block 33245415! Gas: 158798
2026-02-03 21:44:22 +08:00: \n📊 Total sessions in contract: 10
2026-02-03 21:44:23 +08:00: 🦞 Active nodes: 20 | Shards per cycle: 4
2026-02-03 21:44:25 +08:00: 📋 Active sessions: 7
2026-02-03 21:44:25 +08:00: \n🚀 Processing 7 sessions in 1 batches
2026-02-03 21:44:27 +08:00: \n📦 Batch 1770126265371: Pulsing 1 sessions (B→C) [nonce: 1809]
2026-02-03 21:44:28 +08:00: 📤 Tx sent: 0xbb5bc766ee5303fda960d8526bf930ee8b9d9583369dcb847dc4e162795d76e8
2026-02-03 21:44:32 +08:00: ✅ Batch confirmed in block 33245435! Gas: 158928
2026-02-03 21:45:03 +08:00: \n📊 Total sessions in contract: 10
2026-02-03 21:45:03 +08:00: 🦞 Active nodes: 20 | Shards per cycle: 4
2026-02-03 21:45:06 +08:00: 📋 Active sessions: 7
2026-02-03 21:45:06 +08:00: \n🚀 Processing 7 sessions in 1 batches
2026-02-03 21:45:07 +08:00: \n📦 Batch 1770126306065: Pulsing 1 sessions (C→D) [nonce: 1810]
2026-02-03 21:45:08 +08:00: 📤 Tx sent: 0x26ade5652e279b300ab4cf73090902fa02942a9b7f2d40aa254b5b6ddc27ba0f
2026-02-03 21:45:13 +08:00: ✅ Batch confirmed in block 33245455! Gas: 159058
2026-02-03 21:45:44 +08:00: \n📊 Total sessions in contract: 10
2026-02-03 21:45:44 +08:00: 🦞 Active nodes: 20 | Shards per cycle: 4
2026-02-03 21:45:46 +08:00: 📋 Active sessions: 7
2026-02-03 21:45:46 +08:00: \n🚀 Processing 7 sessions in 1 batches
2026-02-03 21:45:48 +08:00: \n📦 Batch 1770126346825: Pulsing 1 sessions (D→E) [nonce: 1811]
2026-02-03 21:45:49 +08:00: 📤 Tx sent: 0xce06ffd4ee4d76e2f002e2c8b34c7be7f56d1a2e61e8cb0c425f3652c2f74d2a
2026-02-03 21:45:54 +08:00: ✅ Batch confirmed in block 33245476! Gas: 159188
2026-02-03 21:46:24 +08:00: \n📊 Total sessions in contract: 10
2026-02-03 21:46:25 +08:00: 🦞 Active nodes: 20 | Shards per cycle: 4
2026-02-03 21:46:27 +08:00: 📋 Active sessions: 7
2026-02-03 21:46:27 +08:00: \n🚀 Processing 7 sessions in 1 batches
2026-02-03 21:46:29 +08:00: \n📦 Batch 1770126387584: Pulsing 1 sessions (E→Recipient) [nonce: 1812]
2026-02-03 21:46:30 +08:00: 📤 Tx sent: 0x2478001a34fdb2bd154fd34c68ed9e36c5421edeef43c201b71162cfffab8f39
2026-02-03 21:46:35 +08:00: ✅ Batch confirmed in block 33245496! Gas: 131449
2026-02-03 21:47:05 +08:00: \n📊 Total sessions in contract: 10
2026-02-03 21:47:06 +08:00: 🦞 Active nodes: 20 | Shards per cycle: 4
2026-02-03 21:47:08 +08:00: 📋 Active sessions: 7
2026-02-03 21:47:08 +08:00: \n🚀 Processing 7 sessions in 1 batches
2026-02-03 21:47:10 +08:00: \n📦 Batch 1770126428295: Pulsing 1 sessions (Wave Complete) [nonce: 1813]
2026-02-03 21:47:11 +08:00: 📤 Tx sent: 0xdcc809a92aca327f674e7420551c207f4dcdedce72afae257663739a50279f74
2026-02-03 21:47:15 +08:00: ✅ Batch confirmed in block 33245516! Gas: 49573
2026-02-03 21:47:46 +08:00: \n📊 Total sessions in contract: 10
2026-02-03 21:47:46 +08:00: 🦞 Active nodes: 20 | Shards per cycle: 4
2026-02-03 21:47:49 +08:00: 📋 Active sessions: 7
2026-02-03 21:47:49 +08:00: \n🚀 Processing 7 sessions in 1 batches
2026-02-03 21:47:51 +08:00: \n📦 Batch 1770126469236: Pulsing 1 sessions (Mixer→A) [nonce: 1814]
2026-02-03 21:47:52 +08:00: 📤 Tx sent: 0x270ce0a080352e6581f8a31de2c82d039bbe3f984333e28635ad6b3e2544ab22
2026-02-03 21:47:56 +08:00: ✅ Batch confirmed in block 33245537! Gas: 129423
2026-02-03 21:48:27 +08:00: \n📊 Total sessions in contract: 10
2026-02-03 21:48:27 +08:00: 🦞 Active nodes: 20 | Shards per cycle: 4
2026-02-03 21:48:30 +08:00: 📋 Active sessions: 7
2026-02-03 21:48:30 +08:00: \n🚀 Processing 7 sessions in 1 batches
2026-02-03 21:48:31 +08:00: \n📦 Batch 1770126510035: Pulsing 1 sessions (A→B) [nonce: 1815]
2026-02-03 21:48:32 +08:00: 📤 Tx sent: 0x46b5061b7beba51a3e08cb9907ca935cff38e8cb380b6d9e68f9eaea86554cee
2026-02-03 21:48:37 +08:00: ✅ Batch confirmed in block 33245557! Gas: 158798
2026-02-03 21:49:08 +08:00: \n📊 Total sessions in contract: 10
2026-02-03 21:49:08 +08:00: 🦞 Active nodes: 20 | Shards per cycle: 4
2026-02-03 21:49:11 +08:00: 📋 Active sessions: 7
2026-02-03 21:49:11 +08:00: \n🚀 Processing 7 sessions in 1 batches
2026-02-03 21:49:13 +08:00: \n📦 Batch 1770126551901: Pulsing 1 sessions (B→C) [nonce: 1816]
2026-02-03 21:49:14 +08:00: 📤 Tx sent: 0x7a2c79b098c564b9fab02d257d25578b84163a93430e85f7782456d913fe2a59
2026-02-03 22:04:13 +08:00: 🔄 Recovering nonce from chain...
2026-02-03 22:04:14 +08:00: ✅ Nonce recovered: 1817
2026-02-03 22:04:45 +08:00: \n📊 Total sessions in contract: 10
2026-02-03 22:04:45 +08:00: 🦞 Active nodes: 20 | Shards per cycle: 4
2026-02-03 22:04:47 +08:00: 📋 Active sessions: 7
2026-02-03 22:04:47 +08:00: \n🚀 Processing 7 sessions in 1 batches
2026-02-03 22:04:49 +08:00: \n📦 Batch 1770127487719: Pulsing 1 sessions (C→D) [nonce: 1817]
2026-02-03 22:04:50 +08:00: 📤 Tx sent: 0x35c9560d306330f216ae74bd149737b32d6dd4e641b70a2a69a3603b2d593af7
2026-02-03 22:04:55 +08:00: ✅ Batch confirmed in block 33246046! Gas: 159058
2026-02-03 22:09:37 +08:00: \n📊 Total sessions in contract: 10
2026-02-03 22:09:37 +08:00: 🦞 Active nodes: 20 | Shards per cycle: 4
2026-02-03 22:09:39 +08:00: 📋 Active sessions: 7
2026-02-03 22:09:39 +08:00: \n🚀 Processing 7 sessions in 1 batches
2026-02-03 22:09:41 +08:00: \n📦 Batch 1770127779921: Pulsing 1 sessions (D→E) [nonce: 1818]
2026-02-03 22:09:42 +08:00: 📤 Tx sent: 0xbbd9ad65ad54736e15ec1f74172d550bc2b56a32323bc9113a7c75efbbeb219a
2026-02-03 22:09:47 +08:00: ✅ Batch confirmed in block 33246192! Gas: 159188
2026-02-03 22:10:17 +08:00: \n📊 Total sessions in contract: 10
2026-02-03 22:10:18 +08:00: 🦞 Active nodes: 20 | Shards per cycle: 4
2026-02-03 22:10:20 +08:00: 📋 Active sessions: 7
2026-02-03 22:10:20 +08:00: \n🚀 Processing 7 sessions in 1 batches
2026-02-03 22:10:22 +08:00: \n📦 Batch 1770127820682: Pulsing 1 sessions (E→Recipient) [nonce: 1819]
2026-02-03 22:10:23 +08:00: 📤 Tx sent: 0xc7f856dc14c5645cce9b53ed4d78c8389c352e23e1997c1d2c0cbcc98113798e
2026-02-03 22:10:28 +08:00: ✅ Batch confirmed in block 33246213! Gas: 131449
2026-02-03 22:10:58 +08:00: \n📊 Total sessions in contract: 10
2026-02-03 22:10:59 +08:00: 🦞 Active nodes: 20 | Shards per cycle: 4
2026-02-03 22:11:01 +08:00: 📋 Active sessions: 7
2026-02-03 22:11:01 +08:00: \n🚀 Processing 7 sessions in 1 batches
2026-02-03 22:11:03 +08:00: \n📦 Batch 1770127861354: Pulsing 1 sessions (Wave Complete) [nonce: 1820]
2026-02-03 22:11:04 +08:00: 📤 Tx sent: 0x89d3e9bd45d2c97a78955a785fee5684ad2443f6a4e666a4112e5418bf7d7555
2026-02-03 22:11:08 +08:00: ✅ Batch confirmed in block 33246233! Gas: 49573
2026-02-03 22:11:39 +08:00: \n📊 Total sessions in contract: 10
2026-02-03 22:11:39 +08:00: 🦞 Active nodes: 20 | Shards per cycle: 4
2026-02-03 22:11:42 +08:00: 📋 Active sessions: 7
2026-02-03 22:11:42 +08:00: \n🚀 Processing 7 sessions in 1 batches
2026-02-03 22:11:43 +08:00: \n📦 Batch 1770127902099: Pulsing 1 sessions (Mixer→A) [nonce: 1821]
2026-02-03 22:11:44 +08:00: 📤 Tx sent: 0xb35d18c0d1e7e84d5cd7c39a9d4c94f395ccce7ebf8d7748a52d43aa57d6356d
2026-02-03 22:11:49 +08:00: ✅ Batch confirmed in block 33246253! Gas: 129423
2026-02-03 22:12:20 +08:00: \n📊 Total sessions in contract: 10
2026-02-03 22:12:20 +08:00: 🦞 Active nodes: 20 | Shards per cycle: 4
2026-02-03 22:12:22 +08:00: 📋 Active sessions: 7
2026-02-03 22:12:22 +08:00: \n🚀 Processing 7 sessions in 1 batches
2026-02-03 22:12:24 +08:00: \n📦 Batch 1770127942833: Pulsing 1 sessions (A→B) [nonce: 1822]
2026-02-03 22:12:25 +08:00: 📤 Tx sent: 0xc195f163477426be31fa55636c28f4bf7bd4c0378276d47eccdfa9727990873e
2026-02-03 22:12:30 +08:00: ✅ Batch confirmed in block 33246274! Gas: 158798
2026-02-03 22:13:00 +08:00: \n📊 Total sessions in contract: 10
2026-02-03 22:13:01 +08:00: 🦞 Active nodes: 20 | Shards per cycle: 4
2026-02-03 22:13:03 +08:00: 📋 Active sessions: 7
2026-02-03 22:13:03 +08:00: \n🚀 Processing 7 sessions in 1 batches
2026-02-03 22:13:05 +08:00: \n📦 Batch 1770127983482: Pulsing 1 sessions (B→C) [nonce: 1823]
2026-02-03 22:13:06 +08:00: 📤 Tx sent: 0x2fb9c14637f0f95e3071a08b7761f088e0008811026f7e6faf430f01de85bc51
2026-02-03 22:13:11 +08:00: ✅ Batch confirmed in block 33246294! Gas: 158928
2026-02-03 22:13:41 +08:00: \n📊 Total sessions in contract: 10
2026-02-03 22:13:41 +08:00: 🦞 Active nodes: 20 | Shards per cycle: 4
2026-02-03 22:13:44 +08:00: 📋 Active sessions: 7
2026-02-03 22:13:44 +08:00: \n🚀 Processing 7 sessions in 1 batches
2026-02-03 22:13:45 +08:00: \n📦 Batch 1770128024149: Pulsing 1 sessions (C→D) [nonce: 1824]
2026-02-03 22:13:46 +08:00: 📤 Tx sent: 0x81d364f93ec9de498538e7d307c501654df5b5d27c004d01bfd180dd0837934a
2026-02-03 22:13:51 +08:00: ✅ Batch confirmed in block 33246314! Gas: 159058
2026-02-03 22:14:22 +08:00: \n📊 Total sessions in contract: 10
2026-02-03 22:14:22 +08:00: 🦞 Active nodes: 20 | Shards per cycle: 4
2026-02-03 22:14:24 +08:00: 📋 Active sessions: 7
2026-02-03 22:14:24 +08:00: \n🚀 Processing 7 sessions in 1 batches
2026-02-03 22:14:26 +08:00: \n📦 Batch 1770128064862: Pulsing 1 sessions (D→E) [nonce: 1825]
2026-02-03 22:14:27 +08:00: 📤 Tx sent: 0xd7f50520a9b40392ba2fd269e6805773419a8302a64d63777df464336535f52d
2026-02-03 22:14:32 +08:00: ✅ Batch confirmed in block 33246335! Gas: 159188
2026-02-03 22:15:02 +08:00: \n📊 Total sessions in contract: 10
2026-02-03 22:15:03 +08:00: 🦞 Active nodes: 20 | Shards per cycle: 4
2026-02-03 22:15:05 +08:00: 📋 Active sessions: 7
2026-02-03 22:15:05 +08:00: \n🚀 Processing 7 sessions in 1 batches
2026-02-03 22:15:07 +08:00: \n📦 Batch 1770128105627: Pulsing 1 sessions (E→Recipient) [nonce: 1826]
2026-02-03 22:15:08 +08:00: 📤 Tx sent: 0xfce59b13d7e5c69c2de1a6c616b84c96867c8744a2c3099001e62170c4b58d56
2026-02-03 22:15:13 +08:00: ✅ Batch confirmed in block 33246355! Gas: 131449
2026-02-03 22:15:43 +08:00: \n📊 Total sessions in contract: 10
2026-02-03 22:15:44 +08:00: 🦞 Active nodes: 20 | Shards per cycle: 4
2026-02-03 22:15:46 +08:00: 📋 Active sessions: 7
2026-02-03 22:15:46 +08:00: \n🚀 Processing 7 sessions in 1 batches
2026-02-03 22:15:48 +08:00: \n📦 Batch 1770128146344: Pulsing 1 sessions (Wave Complete) [nonce: 1827]
2026-02-03 22:15:49 +08:00: 📤 Tx sent: 0xe4b6d78c53bc207b534b54d415e4993697541667a9e762a6fa6154ea129768a1
2026-02-03 22:15:53 +08:00: ✅ Batch confirmed in block 33246376! Gas: 49573
2026-02-03 22:16:24 +08:00: \n📊 Total sessions in contract: 10
2026-02-03 22:16:24 +08:00: 🦞 Active nodes: 20 | Shards per cycle: 4
2026-02-03 22:16:27 +08:00: 📋 Active sessions: 7
2026-02-03 22:16:27 +08:00: \n🚀 Processing 7 sessions in 1 batches
2026-02-03 22:16:28 +08:00: \n📦 Batch 1770128187051: Pulsing 1 sessions (Mixer→A) [nonce: 1828]
2026-02-03 22:16:29 +08:00: 📤 Tx sent: 0x46dee760086daa0daf81832768e0a0ba04fad6bcc83f344f461a4451fb809943
2026-02-03 22:16:34 +08:00: ✅ Batch confirmed in block 33246396! Gas: 129423
2026-02-03 22:17:05 +08:00: \n📊 Total sessions in contract: 10
2026-02-03 22:17:05 +08:00: 🦞 Active nodes: 20 | Shards per cycle: 4
2026-02-03 22:17:07 +08:00: 📋 Active sessions: 7
2026-02-03 22:17:07 +08:00: \n🚀 Processing 7 sessions in 1 batches
2026-02-03 22:17:09 +08:00: \n📦 Batch 1770128227703: Pulsing 1 sessions (A→B) [nonce: 1829]
2026-02-03 22:17:10 +08:00: 📤 Tx sent: 0x29eb85c96698aea799274f8265e6f7a1427ce3eb2954aa0f661e76e92111ea59
2026-02-03 22:17:15 +08:00: ✅ Batch confirmed in block 33246416! Gas: 158798
2026-02-03 22:17:45 +08:00: \n📊 Total sessions in contract: 10
2026-02-03 22:17:46 +08:00: 🦞 Active nodes: 20 | Shards per cycle: 4
2026-02-03 22:17:48 +08:00: 📋 Active sessions: 7
2026-02-03 22:17:48 +08:00: \n🚀 Processing 7 sessions in 1 batches
2026-02-03 22:17:50 +08:00: \n📦 Batch 1770128268301: Pulsing 1 sessions (B→C) [nonce: 1830]
2026-02-03 22:17:50 +08:00: 📤 Tx sent: 0xc4f29ef9298d575ac4b1f284e2195d0ab75cba320ddbe6b52ccf3bba20caa959
2026-02-03 22:17:55 +08:00: ✅ Batch confirmed in block 33246436! Gas: 158928
2026-02-03 22:18:26 +08:00: \n📊 Total sessions in contract: 10
2026-02-03 22:18:26 +08:00: 🦞 Active nodes: 20 | Shards per cycle: 4
2026-02-03 22:18:28 +08:00: 📋 Active sessions: 7
2026-02-03 22:18:28 +08:00: \n🚀 Processing 7 sessions in 1 batches
2026-02-03 22:18:30 +08:00: \n📦 Batch 1770128308875: Pulsing 1 sessions (C→D) [nonce: 1831]
2026-02-03 22:18:31 +08:00: 📤 Tx sent: 0x02ae920d703253783a8b2ac4f2948b2d577cc898e2f089f7175372ee493fab71
2026-02-03 22:18:36 +08:00: ✅ Batch confirmed in block 33246457! Gas: 159058
2026-02-03 22:19:06 +08:00: \n📊 Total sessions in contract: 10
2026-02-03 22:19:07 +08:00: 🦞 Active nodes: 20 | Shards per cycle: 4
2026-02-03 22:19:09 +08:00: 📋 Active sessions: 7
2026-02-03 22:19:09 +08:00: \n🚀 Processing 7 sessions in 1 batches
2026-02-03 22:19:11 +08:00: \n📦 Batch 1770128349484: Pulsing 1 sessions (D→E) [nonce: 1832]
2026-02-03 22:19:12 +08:00: 📤 Tx sent: 0xe87e01231632942ee177191c90ba3d99196e23ce78a1029e5084f5c357ce008e
2026-02-03 22:19:17 +08:00: ✅ Batch confirmed in block 33246477! Gas: 159188
2026-02-03 22:19:47 +08:00: \n📊 Total sessions in contract: 10
2026-02-03 22:19:47 +08:00: 🦞 Active nodes: 20 | Shards per cycle: 4
2026-02-03 22:19:50 +08:00: 📋 Active sessions: 7
2026-02-03 22:19:50 +08:00: \n🚀 Processing 7 sessions in 1 batches
2026-02-03 22:19:51 +08:00: \n📦 Batch 1770128390100: Pulsing 1 sessions (E→Recipient) [nonce: 1833]
2026-02-03 22:19:52 +08:00: 📤 Tx sent: 0x60e3422ba5774f154a7651afd2b0fb7ca00fdbdd1963dd53fbe608f684015457
2026-02-03 22:19:57 +08:00: ✅ Batch confirmed in block 33246497! Gas: 131449
2026-02-03 22:20:27 +08:00: \n📊 Total sessions in contract: 10
2026-02-03 22:20:28 +08:00: 🦞 Active nodes: 20 | Shards per cycle: 4
2026-02-03 22:20:30 +08:00: 📋 Active sessions: 7
2026-02-03 22:20:30 +08:00: \n🚀 Processing 7 sessions in 1 batches
2026-02-03 22:20:32 +08:00: \n📦 Batch 1770128430916: Pulsing 1 sessions (Wave Complete) [nonce: 1834]
2026-02-03 22:20:33 +08:00: 📤 Tx sent: 0xc8c947681fc0c823f5abc268d5340a4cb63e6440cab03d7ee58f7a052e5d0663
2026-02-03 22:20:38 +08:00: ✅ Batch confirmed in block 33246518! Gas: 49573
2026-02-03 22:21:08 +08:00: \n📊 Total sessions in contract: 10
2026-02-03 22:21:09 +08:00: 🦞 Active nodes: 20 | Shards per cycle: 4
2026-02-03 22:21:11 +08:00: 📋 Active sessions: 7
2026-02-03 22:21:11 +08:00: \n🚀 Processing 7 sessions in 1 batches
2026-02-03 22:21:13 +08:00: \n📦 Batch 1770128471733: Pulsing 1 sessions (Mixer→A) [nonce: 1835]
2026-02-03 22:21:14 +08:00: 📤 Tx sent: 0x731985a20ccdd68d0a55327c725735df69b4f5c16949ac3e8e387f1a0909029e
2026-02-03 22:21:19 +08:00: ✅ Batch confirmed in block 33246538! Gas: 109181
2026-02-03 22:21:49 +08:00: \n📊 Total sessions in contract: 10
2026-02-03 22:21:50 +08:00: 🦞 Active nodes: 20 | Shards per cycle: 4
2026-02-03 22:21:52 +08:00: 📋 Active sessions: 7
2026-02-03 22:21:52 +08:00: \n🚀 Processing 7 sessions in 1 batches
2026-02-03 22:21:54 +08:00: \n📦 Batch 1770128512503: Pulsing 1 sessions (A→B) [nonce: 1836]
2026-02-03 22:21:55 +08:00: 📤 Tx sent: 0x85095f582a00df02a9d41229207cdab8291a99f7955512b437ce077a989c5249
2026-02-03 22:22:00 +08:00: ✅ Batch confirmed in block 33246559! Gas: 126282
2026-02-03 22:22:30 +08:00: \n📊 Total sessions in contract: 10
2026-02-03 22:22:30 +08:00: 🦞 Active nodes: 20 | Shards per cycle: 4
2026-02-03 22:22:33 +08:00: 📋 Active sessions: 7
2026-02-03 22:22:33 +08:00: \n🚀 Processing 7 sessions in 1 batches
2026-02-03 22:22:34 +08:00: \n📦 Batch 1770128553054: Pulsing 1 sessions (B→C) [nonce: 1837]
2026-02-03 22:22:35 +08:00: 📤 Tx sent: 0x943fdaa9b3604045f53ad2ee5fdd8ef391f1899811138b3aec0493fa7f9bb265
2026-02-03 22:22:40 +08:00: ✅ Batch confirmed in block 33246579! Gas: 126412
2026-02-03 22:23:10 +08:00: \n📊 Total sessions in contract: 10
2026-02-03 22:23:11 +08:00: 🦞 Active nodes: 20 | Shards per cycle: 4
2026-02-03 22:23:13 +08:00: 📋 Active sessions: 7
2026-02-03 22:23:13 +08:00: \n🚀 Processing 7 sessions in 1 batches
2026-02-03 22:23:15 +08:00: \n📦 Batch 1770128593677: Pulsing 1 sessions (C→D) [nonce: 1838]
2026-02-03 22:23:16 +08:00: 📤 Tx sent: 0x92c38f3f6865e0c69f802159ccd5dbd27f9d7795d215f23f024594a597351f34
2026-02-03 22:23:21 +08:00: ✅ Batch confirmed in block 33246599! Gas: 126542
2026-02-03 22:23:51 +08:00: \n📊 Total sessions in contract: 10
2026-02-03 22:23:52 +08:00: 🦞 Active nodes: 20 | Shards per cycle: 4
2026-02-03 22:23:54 +08:00: 📋 Active sessions: 7
2026-02-03 22:23:54 +08:00: \n🚀 Processing 7 sessions in 1 batches
2026-02-03 22:23:56 +08:00: \n📦 Batch 1770128634890: Pulsing 1 sessions (D→E) [nonce: 1839]
2026-02-03 22:23:57 +08:00: 📤 Tx sent: 0x1480e02e70afcd67f3109a0776010b4cd4e2464d48d8d8e3292d7d80017b5a9d
2026-02-03 22:24:02 +08:00: ✅ Batch confirmed in block 33246620! Gas: 126672
2026-02-03 22:24:32 +08:00: \n📊 Total sessions in contract: 10
2026-02-03 22:24:33 +08:00: 🦞 Active nodes: 20 | Shards per cycle: 4
2026-02-03 22:24:35 +08:00: 📋 Active sessions: 7
2026-02-03 22:24:35 +08:00: \n🚀 Processing 7 sessions in 1 batches
2026-02-03 22:24:37 +08:00: \n📦 Batch 1770128675446: Pulsing 1 sessions (E→Recipient) [nonce: 1840]
2026-02-03 22:24:38 +08:00: 📤 Tx sent: 0x7e80eaa2c95e0abb5ea1203d73fa9706f34c43a21d1d99f4b027f068c25bf107
2026-02-03 22:24:43 +08:00: ✅ Batch confirmed in block 33246640! Gas: 104219
2026-02-03 22:25:13 +08:00: \n📊 Total sessions in contract: 10
2026-02-03 22:25:13 +08:00: 🦞 Active nodes: 20 | Shards per cycle: 4
2026-02-03 22:25:16 +08:00: 📋 Active sessions: 7
2026-02-03 22:25:16 +08:00: \n🚀 Processing 7 sessions in 1 batches
2026-02-03 22:25:18 +08:00: \n📦 Batch 1770128716056: Pulsing 1 sessions (Wave Complete) [nonce: 1841]
2026-02-03 22:25:20 +08:00: 📤 Tx sent: 0x249965e50e77aa34cfb16aece4577a80d9601f76c02b30f731e24819066bfc7f
2026-02-03 22:25:24 +08:00: ✅ Batch confirmed in block 33246661! Gas: 128643
2026-02-03 22:25:55 +08:00: \n📊 Total sessions in contract: 10
2026-02-03 22:25:55 +08:00: 🦞 Active nodes: 20 | Shards per cycle: 4
2026-02-03 22:25:58 +08:00: 📋 Active sessions: 7
2026-02-03 22:25:58 +08:00: \n🚀 Processing 7 sessions in 1 batches
2026-02-03 22:26:29 +08:00: \n📊 Total sessions in contract: 10
2026-02-03 22:26:30 +08:00: 🦞 Active nodes: 20 | Shards per cycle: 4
2026-02-03 22:26:33 +08:00: 📋 Active sessions: 7
2026-02-03 22:26:33 +08:00: \n🚀 Processing 7 sessions in 1 batches
2026-02-03 22:27:05 +08:00: \n📊 Total sessions in contract: 10
2026-02-03 22:27:05 +08:00: 🦞 Active nodes: 20 | Shards per cycle: 4
2026-02-03 22:27:08 +08:00: 📋 Active sessions: 7
2026-02-03 22:27:08 +08:00: \n🚀 Processing 7 sessions in 1 batches
2026-02-03 22:27:39 +08:00: \n📊 Total sessions in contract: 10
2026-02-03 22:27:40 +08:00: 🦞 Active nodes: 20 | Shards per cycle: 4
2026-02-03 22:27:42 +08:00: 📋 Active sessions: 7
2026-02-03 22:27:42 +08:00: \n🚀 Processing 7 sessions in 1 batches
2026-02-03 22:28:14 +08:00: \n📊 Total sessions in contract: 10
2026-02-03 22:28:15 +08:00: 🦞 Active nodes: 20 | Shards per cycle: 4
2026-02-03 22:28:17 +08:00: 📋 Active sessions: 7
2026-02-03 22:28:17 +08:00: \n🚀 Processing 7 sessions in 1 batches
2026-02-03 22:28:49 +08:00: \n📊 Total sessions in contract: 10
2026-02-03 22:28:49 +08:00: 🦞 Active nodes: 20 | Shards per cycle: 4
2026-02-03 22:28:52 +08:00: 📋 Active sessions: 7
2026-02-03 22:28:52 +08:00: \n🚀 Processing 7 sessions in 1 batches
2026-02-03 22:29:24 +08:00: \n📊 Total sessions in contract: 10
2026-02-03 22:29:24 +08:00: 🦞 Active nodes: 20 | Shards per cycle: 4
2026-02-03 22:29:26 +08:00: 📋 Active sessions: 7
2026-02-03 22:29:26 +08:00: \n🚀 Processing 7 sessions in 1 batches
2026-02-03 22:29:58 +08:00: \n📊 Total sessions in contract: 10
2026-02-03 22:29:59 +08:00: 🦞 Active nodes: 20 | Shards per cycle: 4
2026-02-03 22:30:01 +08:00: 📋 Active sessions: 7
2026-02-03 22:30:01 +08:00: \n🚀 Processing 7 sessions in 1 batches
2026-02-03 22:30:33 +08:00: \n📊 Total sessions in contract: 10
2026-02-03 22:30:33 +08:00: 🦞 Active nodes: 20 | Shards per cycle: 4
2026-02-03 22:30:36 +08:00: 📋 Active sessions: 7
2026-02-03 22:30:36 +08:00: \n🚀 Processing 7 sessions in 1 batches
2026-02-03 22:31:08 +08:00: \n📊 Total sessions in contract: 10
2026-02-03 22:31:08 +08:00: 🦞 Active nodes: 20 | Shards per cycle: 4
2026-02-03 22:31:11 +08:00: 📋 Active sessions: 7
2026-02-03 22:31:11 +08:00: \n🚀 Processing 7 sessions in 1 batches
2026-02-03 22:31:43 +08:00: \n📊 Total sessions in contract: 10
2026-02-03 22:31:44 +08:00: 🦞 Active nodes: 20 | Shards per cycle: 4
2026-02-03 22:31:46 +08:00: 📋 Active sessions: 7
2026-02-03 22:31:46 +08:00: \n🚀 Processing 7 sessions in 1 batches
2026-02-03 22:32:18 +08:00: \n📊 Total sessions in contract: 10
2026-02-03 22:32:18 +08:00: 🦞 Active nodes: 20 | Shards per cycle: 4
2026-02-03 22:32:21 +08:00: 📋 Active sessions: 7
2026-02-03 22:32:21 +08:00: \n🚀 Processing 7 sessions in 1 batches
2026-02-03 22:32:53 +08:00: \n📊 Total sessions in contract: 10
2026-02-03 22:32:53 +08:00: 🦞 Active nodes: 20 | Shards per cycle: 4
2026-02-03 22:32:56 +08:00: 📋 Active sessions: 7
2026-02-03 22:32:56 +08:00: \n🚀 Processing 7 sessions in 1 batches
2026-02-03 22:33:28 +08:00: \n📊 Total sessions in contract: 10
2026-02-03 22:33:28 +08:00: 🦞 Active nodes: 20 | Shards per cycle: 4
2026-02-03 22:33:30 +08:00: 📋 Active sessions: 7
2026-02-03 22:33:30 +08:00: \n🚀 Processing 7 sessions in 1 batches
2026-02-03 22:34:02 +08:00: \n📊 Total sessions in contract: 10
2026-02-03 22:34:03 +08:00: 🦞 Active nodes: 20 | Shards per cycle: 4
2026-02-03 22:34:06 +08:00: 📋 Active sessions: 7
2026-02-03 22:34:06 +08:00: \n🚀 Processing 7 sessions in 1 batches
2026-02-03 22:34:39 +08:00: \n📊 Total sessions in contract: 10
2026-02-03 22:34:39 +08:00: 🦞 Active nodes: 20 | Shards per cycle: 4
2026-02-03 22:34:41 +08:00: 📋 Active sessions: 7
2026-02-03 22:34:41 +08:00: \n🚀 Processing 7 sessions in 1 batches
2026-02-03 22:35:13 +08:00: \n📊 Total sessions in contract: 10
2026-02-03 22:35:14 +08:00: 🦞 Active nodes: 20 | Shards per cycle: 4
2026-02-03 22:35:16 +08:00: 📋 Active sessions: 7
2026-02-03 22:35:16 +08:00: \n🚀 Processing 7 sessions in 1 batches
2026-02-03 22:35:48 +08:00: \n📊 Total sessions in contract: 10
2026-02-03 22:35:48 +08:00: 🦞 Active nodes: 20 | Shards per cycle: 4
2026-02-03 22:36:54 +08:00: 📋 Active sessions: 7
2026-02-03 22:36:54 +08:00: \n🚀 Processing 7 sessions in 1 batches
2026-02-03 22:39:26 +08:00: \n📊 Total sessions in contract: 10
2026-02-03 22:39:26 +08:00: 🦞 Active nodes: 20 | Shards per cycle: 4
2026-02-03 22:39:28 +08:00: 📋 Active sessions: 7
2026-02-03 22:39:28 +08:00: \n🚀 Processing 7 sessions in 1 batches
2026-02-03 22:52:40 +08:00: \n📊 Total sessions in contract: 10
2026-02-03 22:52:40 +08:00: 🦞 Active nodes: 20 | Shards per cycle: 4
2026-02-03 22:52:43 +08:00: 📋 Active sessions: 7
2026-02-03 22:52:43 +08:00: \n🚀 Processing 7 sessions in 1 batches
2026-02-03 22:53:15 +08:00: \n📊 Total sessions in contract: 10
2026-02-03 22:53:15 +08:00: 🦞 Active nodes: 20 | Shards per cycle: 4
2026-02-03 22:53:17 +08:00: 📋 Active sessions: 7
2026-02-03 22:53:17 +08:00: \n🚀 Processing 7 sessions in 1 batches
2026-02-03 22:53:54 +08:00: \n📊 Total sessions in contract: 10
2026-02-03 22:53:55 +08:00: 🦞 Active nodes: 20 | Shards per cycle: 4
2026-02-03 22:53:57 +08:00: 📋 Active sessions: 7
2026-02-03 22:53:57 +08:00: \n🚀 Processing 7 sessions in 1 batches
2026-02-03 22:54:29 +08:00: \n📊 Total sessions in contract: 10
2026-02-03 22:54:29 +08:00: 🦞 Active nodes: 20 | Shards per cycle: 4
2026-02-03 22:54:31 +08:00: 📋 Active sessions: 7
2026-02-03 22:54:31 +08:00: \n🚀 Processing 7 sessions in 1 batches
2026-02-03 22:55:03 +08:00: \n📊 Total sessions in contract: 10
2026-02-03 22:55:04 +08:00: 🦞 Active nodes: 20 | Shards per cycle: 4
2026-02-03 22:55:06 +08:00: 📋 Active sessions: 7
2026-02-03 22:55:06 +08:00: \n🚀 Processing 7 sessions in 1 batches
2026-02-03 22:55:39 +08:00: \n📊 Total sessions in contract: 10
2026-02-03 22:55:39 +08:00: 🦞 Active nodes: 20 | Shards per cycle: 4
2026-02-03 22:55:41 +08:00: 📋 Active sessions: 7
2026-02-03 22:55:41 +08:00: \n🚀 Processing 7 sessions in 1 batches
2026-02-03 22:56:13 +08:00: \n📊 Total sessions in contract: 10
2026-02-03 22:56:14 +08:00: 🦞 Active nodes: 20 | Shards per cycle: 4
2026-02-03 22:56:16 +08:00: 📋 Active sessions: 7
2026-02-03 22:56:16 +08:00: \n🚀 Processing 7 sessions in 1 batches
2026-02-03 22:56:48 +08:00: \n📊 Total sessions in contract: 10
2026-02-03 22:56:48 +08:00: 🦞 Active nodes: 20 | Shards per cycle: 4
2026-02-03 22:56:51 +08:00: 📋 Active sessions: 7
2026-02-03 22:56:51 +08:00: \n🚀 Processing 7 sessions in 1 batches
2026-02-03 22:57:23 +08:00: \n📊 Total sessions in contract: 10
2026-02-03 22:57:23 +08:00: 🦞 Active nodes: 20 | Shards per cycle: 4
2026-02-03 22:57:26 +08:00: 📋 Active sessions: 7
2026-02-03 22:57:26 +08:00: \n🚀 Processing 7 sessions in 1 batches
2026-02-03 22:57:58 +08:00: \n📊 Total sessions in contract: 10
2026-02-03 22:57:58 +08:00: 🦞 Active nodes: 20 | Shards per cycle: 4
2026-02-03 22:58:00 +08:00: 📋 Active sessions: 7
2026-02-03 22:58:00 +08:00: \n🚀 Processing 7 sessions in 1 batches
2026-02-03 22:58:32 +08:00: \n📊 Total sessions in contract: 10
2026-02-03 22:58:33 +08:00: 🦞 Active nodes: 20 | Shards per cycle: 4
2026-02-03 22:58:35 +08:00: 📋 Active sessions: 7
2026-02-03 22:58:35 +08:00: \n🚀 Processing 7 sessions in 1 batches
2026-02-03 22:59:07 +08:00: \n📊 Total sessions in contract: 10
2026-02-03 22:59:07 +08:00: 🦞 Active nodes: 20 | Shards per cycle: 4
2026-02-03 22:59:10 +08:00: 📋 Active sessions: 7
2026-02-03 22:59:10 +08:00: \n🚀 Processing 7 sessions in 1 batches
2026-02-03 22:59:41 +08:00: \n📊 Total sessions in contract: 10
2026-02-03 22:59:42 +08:00: 🦞 Active nodes: 20 | Shards per cycle: 4
2026-02-03 22:59:44 +08:00: 📋 Active sessions: 7
2026-02-03 22:59:44 +08:00: \n🚀 Processing 7 sessions in 1 batches
2026-02-03 23:00:16 +08:00: \n📊 Total sessions in contract: 10
2026-02-03 23:00:17 +08:00: 🦞 Active nodes: 20 | Shards per cycle: 4
2026-02-03 23:00:19 +08:00: 📋 Active sessions: 7
2026-02-03 23:00:19 +08:00: \n🚀 Processing 7 sessions in 1 batches
2026-02-03 23:00:51 +08:00: \n📊 Total sessions in contract: 10
2026-02-03 23:00:51 +08:00: 🦞 Active nodes: 20 | Shards per cycle: 4
2026-02-03 23:00:54 +08:00: 📋 Active sessions: 7
2026-02-03 23:00:54 +08:00: \n🚀 Processing 7 sessions in 1 batches
2026-02-03 23:01:25 +08:00: \n📊 Total sessions in contract: 10
2026-02-03 23:01:26 +08:00: 🦞 Active nodes: 20 | Shards per cycle: 4
2026-02-03 23:01:28 +08:00: 📋 Active sessions: 7
2026-02-03 23:01:28 +08:00: \n🚀 Processing 7 sessions in 1 batches
2026-02-03 23:02:00 +08:00: \n📊 Total sessions in contract: 10
2026-02-03 23:02:01 +08:00: 🦞 Active nodes: 20 | Shards per cycle: 4
2026-02-03 23:02:03 +08:00: 📋 Active sessions: 7
2026-02-03 23:02:03 +08:00: \n🚀 Processing 7 sessions in 1 batches
2026-02-03 23:02:35 +08:00: \n📊 Total sessions in contract: 10
2026-02-03 23:02:35 +08:00: 🦞 Active nodes: 20 | Shards per cycle: 4
2026-02-03 23:02:38 +08:00: 📋 Active sessions: 7
2026-02-03 23:02:38 +08:00: \n🚀 Processing 7 sessions in 1 batches
2026-02-03 23:03:10 +08:00: \n📊 Total sessions in contract: 10
2026-02-03 23:03:10 +08:00: 🦞 Active nodes: 20 | Shards per cycle: 4
2026-02-03 23:03:12 +08:00: 📋 Active sessions: 7
2026-02-03 23:03:12 +08:00: \n🚀 Processing 7 sessions in 1 batches
2026-02-03 23:03:44 +08:00: \n📊 Total sessions in contract: 10
2026-02-03 23:03:45 +08:00: 🦞 Active nodes: 20 | Shards per cycle: 4
2026-02-03 23:03:47 +08:00: 📋 Active sessions: 7
2026-02-03 23:03:47 +08:00: \n🚀 Processing 7 sessions in 1 batches
2026-02-03 23:04:19 +08:00: \n📊 Total sessions in contract: 10
2026-02-03 23:04:19 +08:00: 🦞 Active nodes: 20 | Shards per cycle: 4
2026-02-03 23:04:22 +08:00: 📋 Active sessions: 7
2026-02-03 23:04:22 +08:00: \n🚀 Processing 7 sessions in 1 batches
2026-02-03 23:04:53 +08:00: \n📊 Total sessions in contract: 10
2026-02-03 23:04:54 +08:00: 🦞 Active nodes: 20 | Shards per cycle: 4
2026-02-03 23:04:56 +08:00: 📋 Active sessions: 7
2026-02-03 23:04:56 +08:00: \n🚀 Processing 7 sessions in 1 batches
2026-02-03 23:05:28 +08:00: \n📊 Total sessions in contract: 10
2026-02-03 23:05:29 +08:00: 🦞 Active nodes: 20 | Shards per cycle: 4
2026-02-03 23:05:31 +08:00: 📋 Active sessions: 7
2026-02-03 23:05:31 +08:00: \n🚀 Processing 7 sessions in 1 batches
2026-02-03 23:06:03 +08:00: \n📊 Total sessions in contract: 10
2026-02-03 23:06:03 +08:00: 🦞 Active nodes: 20 | Shards per cycle: 4
2026-02-03 23:06:06 +08:00: 📋 Active sessions: 7
2026-02-03 23:06:06 +08:00: \n🚀 Processing 7 sessions in 1 batches
2026-02-03 23:06:38 +08:00: \n📊 Total sessions in contract: 10
2026-02-03 23:06:38 +08:00: 🦞 Active nodes: 20 | Shards per cycle: 4
2026-02-03 23:06:40 +08:00: 📋 Active sessions: 7
2026-02-03 23:06:40 +08:00: \n🚀 Processing 7 sessions in 1 batches
2026-02-03 23:07:12 +08:00: \n📊 Total sessions in contract: 10
2026-02-03 23:07:13 +08:00: 🦞 Active nodes: 20 | Shards per cycle: 4
2026-02-03 23:07:15 +08:00: 📋 Active sessions: 7
2026-02-03 23:07:15 +08:00: \n🚀 Processing 7 sessions in 1 batches
2026-02-03 23:07:47 +08:00: \n📊 Total sessions in contract: 10
2026-02-03 23:07:47 +08:00: 🦞 Active nodes: 20 | Shards per cycle: 4
2026-02-03 23:07:50 +08:00: 📋 Active sessions: 7
2026-02-03 23:07:50 +08:00: \n🚀 Processing 7 sessions in 1 batches
2026-02-03 23:08:22 +08:00: \n📊 Total sessions in contract: 10
2026-02-03 23:08:22 +08:00: 🦞 Active nodes: 20 | Shards per cycle: 4
2026-02-03 23:08:24 +08:00: 📋 Active sessions: 7
2026-02-03 23:08:24 +08:00: \n🚀 Processing 7 sessions in 1 batches
2026-02-03 23:08:56 +08:00: \n📊 Total sessions in contract: 10
2026-02-03 23:08:57 +08:00: 🦞 Active nodes: 20 | Shards per cycle: 4
2026-02-03 23:08:59 +08:00: 📋 Active sessions: 7
2026-02-03 23:08:59 +08:00: \n🚀 Processing 7 sessions in 1 batches
2026-02-03 23:09:31 +08:00: \n📊 Total sessions in contract: 10
2026-02-03 23:09:31 +08:00: 🦞 Active nodes: 20 | Shards per cycle: 4
2026-02-03 23:09:34 +08:00: 📋 Active sessions: 7
2026-02-03 23:09:34 +08:00: \n🚀 Processing 7 sessions in 1 batches
2026-02-03 23:10:06 +08:00: \n📊 Total sessions in contract: 10
2026-02-03 23:10:06 +08:00: 🦞 Active nodes: 20 | Shards per cycle: 4
2026-02-03 23:10:08 +08:00: 📋 Active sessions: 7
2026-02-03 23:10:08 +08:00: \n🚀 Processing 7 sessions in 1 batches
2026-02-03 23:10:40 +08:00: \n📊 Total sessions in contract: 10
2026-02-03 23:10:41 +08:00: 🦞 Active nodes: 20 | Shards per cycle: 4
2026-02-03 23:10:43 +08:00: 📋 Active sessions: 7
2026-02-03 23:10:43 +08:00: \n🚀 Processing 7 sessions in 1 batches
2026-02-03 23:11:15 +08:00: \n📊 Total sessions in contract: 10
2026-02-03 23:11:15 +08:00: 🦞 Active nodes: 20 | Shards per cycle: 4
2026-02-03 23:11:18 +08:00: 📋 Active sessions: 7
2026-02-03 23:11:18 +08:00: \n🚀 Processing 7 sessions in 1 batches
2026-02-03 23:11:50 +08:00: \n📊 Total sessions in contract: 10
2026-02-03 23:11:50 +08:00: 🦞 Active nodes: 20 | Shards per cycle: 4
2026-02-03 23:11:52 +08:00: 📋 Active sessions: 7
2026-02-03 23:11:52 +08:00: \n🚀 Processing 7 sessions in 1 batches
2026-02-03 23:12:24 +08:00: \n📊 Total sessions in contract: 10
2026-02-03 23:12:25 +08:00: 🦞 Active nodes: 20 | Shards per cycle: 4
2026-02-03 23:12:27 +08:00: 📋 Active sessions: 7
2026-02-03 23:12:27 +08:00: \n🚀 Processing 7 sessions in 1 batches
2026-02-03 23:12:59 +08:00: \n📊 Total sessions in contract: 10
2026-02-03 23:12:59 +08:00: 🦞 Active nodes: 20 | Shards per cycle: 4
2026-02-03 23:13:02 +08:00: 📋 Active sessions: 7
2026-02-03 23:13:02 +08:00: \n🚀 Processing 7 sessions in 1 batches
2026-02-03 23:13:33 +08:00: \n📊 Total sessions in contract: 10
2026-02-03 23:13:34 +08:00: 🦞 Active nodes: 20 | Shards per cycle: 4
2026-02-03 23:13:36 +08:00: 📋 Active sessions: 7
2026-02-03 23:13:36 +08:00: \n🚀 Processing 7 sessions in 1 batches
2026-02-03 23:14:08 +08:00: \n📊 Total sessions in contract: 10
2026-02-03 23:14:09 +08:00: 🦞 Active nodes: 20 | Shards per cycle: 4
2026-02-03 23:14:11 +08:00: 📋 Active sessions: 7
2026-02-03 23:14:11 +08:00: \n🚀 Processing 7 sessions in 1 batches
2026-02-03 23:14:43 +08:00: \n📊 Total sessions in contract: 10
2026-02-03 23:14:43 +08:00: 🦞 Active nodes: 20 | Shards per cycle: 4
2026-02-03 23:14:45 +08:00: 📋 Active sessions: 7
2026-02-03 23:14:45 +08:00: \n🚀 Processing 7 sessions in 1 batches
2026-02-03 23:15:17 +08:00: \n📊 Total sessions in contract: 10
2026-02-03 23:15:18 +08:00: 🦞 Active nodes: 20 | Shards per cycle: 4
2026-02-03 23:15:20 +08:00: 📋 Active sessions: 7
2026-02-03 23:15:20 +08:00: \n🚀 Processing 7 sessions in 1 batches
2026-02-03 23:15:52 +08:00: \n📊 Total sessions in contract: 10
2026-02-03 23:15:52 +08:00: 🦞 Active nodes: 20 | Shards per cycle: 4
2026-02-03 23:15:55 +08:00: 📋 Active sessions: 7
2026-02-03 23:15:55 +08:00: \n🚀 Processing 7 sessions in 1 batches
2026-02-03 23:16:27 +08:00: \n📊 Total sessions in contract: 10
2026-02-03 23:16:27 +08:00: 🦞 Active nodes: 20 | Shards per cycle: 4
2026-02-03 23:16:30 +08:00: 📋 Active sessions: 7
2026-02-03 23:16:30 +08:00: \n🚀 Processing 7 sessions in 1 batches
2026-02-03 23:17:02 +08:00: \n📊 Total sessions in contract: 10
2026-02-03 23:17:02 +08:00: 🦞 Active nodes: 20 | Shards per cycle: 4
2026-02-03 23:17:05 +08:00: 📋 Active sessions: 7
2026-02-03 23:17:05 +08:00: \n🚀 Processing 7 sessions in 1 batches
2026-02-03 23:17:37 +08:00: \n📊 Total sessions in contract: 10
2026-02-03 23:17:37 +08:00: 🦞 Active nodes: 20 | Shards per cycle: 4
2026-02-03 23:17:40 +08:00: 📋 Active sessions: 7
2026-02-03 23:17:40 +08:00: \n🚀 Processing 7 sessions in 1 batches
2026-02-03 23:18:11 +08:00: \n📊 Total sessions in contract: 10
2026-02-03 23:18:12 +08:00: 🦞 Active nodes: 20 | Shards per cycle: 4
2026-02-03 23:18:14 +08:00: 📋 Active sessions: 7
2026-02-03 23:18:14 +08:00: \n🚀 Processing 7 sessions in 1 batches
2026-02-03 23:18:46 +08:00: \n📊 Total sessions in contract: 10
2026-02-03 23:18:47 +08:00: 🦞 Active nodes: 20 | Shards per cycle: 4
2026-02-03 23:18:49 +08:00: 📋 Active sessions: 7
2026-02-03 23:18:49 +08:00: \n🚀 Processing 7 sessions in 1 batches
2026-02-03 23:19:21 +08:00: \n📊 Total sessions in contract: 10
2026-02-03 23:19:22 +08:00: 🦞 Active nodes: 20 | Shards per cycle: 4
2026-02-03 23:19:24 +08:00: 📋 Active sessions: 7
2026-02-03 23:19:24 +08:00: \n🚀 Processing 7 sessions in 1 batches
2026-02-03 23:19:56 +08:00: \n📊 Total sessions in contract: 10
2026-02-03 23:19:56 +08:00: 🦞 Active nodes: 20 | Shards per cycle: 4
2026-02-03 23:19:58 +08:00: 📋 Active sessions: 7
2026-02-03 23:19:58 +08:00: \n🚀 Processing 7 sessions in 1 batches
2026-02-03 23:20:30 +08:00: \n📊 Total sessions in contract: 10
2026-02-03 23:20:31 +08:00: 🦞 Active nodes: 20 | Shards per cycle: 4
2026-02-03 23:20:33 +08:00: 📋 Active sessions: 7
2026-02-03 23:20:33 +08:00: \n🚀 Processing 7 sessions in 1 batches
2026-02-03 23:21:05 +08:00: \n📊 Total sessions in contract: 10
2026-02-03 23:21:06 +08:00: 🦞 Active nodes: 20 | Shards per cycle: 4
2026-02-03 23:21:08 +08:00: 📋 Active sessions: 7
2026-02-03 23:21:08 +08:00: \n🚀 Processing 7 sessions in 1 batches
2026-02-03 23:21:40 +08:00: \n📊 Total sessions in contract: 10
2026-02-03 23:21:41 +08:00: 🦞 Active nodes: 20 | Shards per cycle: 4
2026-02-03 23:21:43 +08:00: 📋 Active sessions: 7
2026-02-03 23:21:43 +08:00: \n🚀 Processing 7 sessions in 1 batches
2026-02-03 23:22:15 +08:00: \n📊 Total sessions in contract: 10
2026-02-03 23:22:15 +08:00: 🦞 Active nodes: 20 | Shards per cycle: 4
2026-02-03 23:22:18 +08:00: 📋 Active sessions: 7
2026-02-03 23:22:18 +08:00: \n🚀 Processing 7 sessions in 1 batches
2026-02-03 23:22:49 +08:00: \n📊 Total sessions in contract: 10
2026-02-03 23:22:50 +08:00: 🦞 Active nodes: 20 | Shards per cycle: 4
2026-02-03 23:22:52 +08:00: 📋 Active sessions: 7
2026-02-03 23:22:52 +08:00: \n🚀 Processing 7 sessions in 1 batches
2026-02-03 23:23:24 +08:00: \n📊 Total sessions in contract: 10
2026-02-03 23:23:25 +08:00: 🦞 Active nodes: 20 | Shards per cycle: 4
2026-02-03 23:23:27 +08:00: 📋 Active sessions: 7
2026-02-03 23:23:27 +08:00: \n🚀 Processing 7 sessions in 1 batches
2026-02-03 23:23:59 +08:00: \n📊 Total sessions in contract: 10
2026-02-03 23:23:59 +08:00: 🦞 Active nodes: 20 | Shards per cycle: 4
2026-02-03 23:24:01 +08:00: 📋 Active sessions: 7
2026-02-03 23:24:01 +08:00: \n🚀 Processing 7 sessions in 1 batches
2026-02-03 23:24:33 +08:00: \n📊 Total sessions in contract: 10
2026-02-03 23:24:34 +08:00: 🦞 Active nodes: 20 | Shards per cycle: 4
2026-02-03 23:24:36 +08:00: 📋 Active sessions: 7
2026-02-03 23:24:36 +08:00: \n🚀 Processing 7 sessions in 1 batches
2026-02-03 23:25:08 +08:00: \n📊 Total sessions in contract: 10
2026-02-03 23:25:09 +08:00: 🦞 Active nodes: 20 | Shards per cycle: 4
2026-02-03 23:25:11 +08:00: 📋 Active sessions: 7
2026-02-03 23:25:11 +08:00: \n🚀 Processing 7 sessions in 1 batches
2026-02-03 23:25:43 +08:00: \n📊 Total sessions in contract: 10
2026-02-03 23:25:43 +08:00: 🦞 Active nodes: 20 | Shards per cycle: 4
2026-02-03 23:25:46 +08:00: 📋 Active sessions: 7
2026-02-03 23:25:46 +08:00: \n🚀 Processing 7 sessions in 1 batches
2026-02-03 23:26:17 +08:00: \n📊 Total sessions in contract: 10
2026-02-03 23:26:18 +08:00: 🦞 Active nodes: 20 | Shards per cycle: 4
2026-02-03 23:26:20 +08:00: 📋 Active sessions: 7
2026-02-03 23:26:20 +08:00: \n🚀 Processing 7 sessions in 1 batches
2026-02-03 23:26:52 +08:00: \n📊 Total sessions in contract: 10
2026-02-03 23:26:53 +08:00: 🦞 Active nodes: 20 | Shards per cycle: 4
2026-02-03 23:26:55 +08:00: 📋 Active sessions: 7
2026-02-03 23:26:55 +08:00: \n🚀 Processing 7 sessions in 1 batches
2026-02-03 23:27:27 +08:00: \n📊 Total sessions in contract: 10
2026-02-03 23:27:27 +08:00: 🦞 Active nodes: 20 | Shards per cycle: 4
2026-02-03 23:27:29 +08:00: 📋 Active sessions: 7
2026-02-03 23:27:29 +08:00: \n🚀 Processing 7 sessions in 1 batches
2026-02-03 23:28:01 +08:00: \n📊 Total sessions in contract: 10
2026-02-03 23:28:02 +08:00: 🦞 Active nodes: 20 | Shards per cycle: 4
2026-02-03 23:28:05 +08:00: 📋 Active sessions: 7
2026-02-03 23:28:05 +08:00: \n🚀 Processing 7 sessions in 1 batches
2026-02-03 23:28:37 +08:00: \n📊 Total sessions in contract: 10
2026-02-03 23:28:37 +08:00: 🦞 Active nodes: 20 | Shards per cycle: 4
2026-02-03 23:28:40 +08:00: 📋 Active sessions: 7
2026-02-03 23:28:40 +08:00: \n🚀 Processing 7 sessions in 1 batches
2026-02-03 23:29:11 +08:00: \n📊 Total sessions in contract: 10
2026-02-03 23:29:12 +08:00: 🦞 Active nodes: 20 | Shards per cycle: 4
2026-02-03 23:29:14 +08:00: 📋 Active sessions: 7
2026-02-03 23:29:14 +08:00: \n🚀 Processing 7 sessions in 1 batches
2026-02-03 23:29:46 +08:00: \n📊 Total sessions in contract: 10
2026-02-03 23:29:47 +08:00: 🦞 Active nodes: 20 | Shards per cycle: 4
2026-02-03 23:29:49 +08:00: 📋 Active sessions: 7
2026-02-03 23:29:49 +08:00: \n🚀 Processing 7 sessions in 1 batches
2026-02-03 23:30:21 +08:00: \n📊 Total sessions in contract: 10
2026-02-03 23:30:21 +08:00: 🦞 Active nodes: 20 | Shards per cycle: 4
2026-02-03 23:30:24 +08:00: 📋 Active sessions: 7
2026-02-03 23:30:24 +08:00: \n🚀 Processing 7 sessions in 1 batches
2026-02-03 23:30:56 +08:00: \n📊 Total sessions in contract: 10
2026-02-03 23:30:56 +08:00: 🦞 Active nodes: 20 | Shards per cycle: 4
2026-02-03 23:30:58 +08:00: 📋 Active sessions: 7
2026-02-03 23:30:58 +08:00: \n🚀 Processing 7 sessions in 1 batches
2026-02-03 23:31:30 +08:00: \n📊 Total sessions in contract: 10
2026-02-03 23:31:31 +08:00: 🦞 Active nodes: 20 | Shards per cycle: 4
2026-02-03 23:31:33 +08:00: 📋 Active sessions: 7
2026-02-03 23:31:33 +08:00: \n🚀 Processing 7 sessions in 1 batches
2026-02-03 23:32:05 +08:00: \n📊 Total sessions in contract: 10
2026-02-03 23:32:06 +08:00: 🦞 Active nodes: 20 | Shards per cycle: 4
2026-02-03 23:32:08 +08:00: 📋 Active sessions: 7
2026-02-03 23:32:08 +08:00: \n🚀 Processing 7 sessions in 1 batches
2026-02-03 23:32:40 +08:00: \n📊 Total sessions in contract: 10
2026-02-03 23:32:40 +08:00: 🦞 Active nodes: 20 | Shards per cycle: 4
2026-02-03 23:32:43 +08:00: 📋 Active sessions: 7
2026-02-03 23:32:43 +08:00: \n🚀 Processing 7 sessions in 1 batches
2026-02-03 23:33:15 +08:00: \n📊 Total sessions in contract: 10
2026-02-03 23:33:15 +08:00: 🦞 Active nodes: 20 | Shards per cycle: 4
2026-02-03 23:33:17 +08:00: 📋 Active sessions: 7
2026-02-03 23:33:17 +08:00: \n🚀 Processing 7 sessions in 1 batches
2026-02-03 23:33:49 +08:00: \n📊 Total sessions in contract: 10
2026-02-03 23:33:50 +08:00: 🦞 Active nodes: 20 | Shards per cycle: 4
2026-02-03 23:33:52 +08:00: 📋 Active sessions: 7
2026-02-03 23:33:52 +08:00: \n🚀 Processing 7 sessions in 1 batches
2026-02-03 23:34:24 +08:00: \n📊 Total sessions in contract: 10
2026-02-03 23:34:24 +08:00: 🦞 Active nodes: 20 | Shards per cycle: 4
2026-02-03 23:34:27 +08:00: 📋 Active sessions: 7
2026-02-03 23:34:27 +08:00: \n🚀 Processing 7 sessions in 1 batches
2026-02-03 23:34:59 +08:00: \n📊 Total sessions in contract: 10
2026-02-03 23:34:59 +08:00: 🦞 Active nodes: 20 | Shards per cycle: 4
2026-02-03 23:35:01 +08:00: 📋 Active sessions: 7
2026-02-03 23:35:01 +08:00: \n🚀 Processing 7 sessions in 1 batches
2026-02-03 23:35:33 +08:00: \n📊 Total sessions in contract: 10
2026-02-03 23:35:34 +08:00: 🦞 Active nodes: 20 | Shards per cycle: 4
2026-02-03 23:35:36 +08:00: 📋 Active sessions: 7
2026-02-03 23:35:36 +08:00: \n🚀 Processing 7 sessions in 1 batches
2026-02-03 23:36:08 +08:00: \n📊 Total sessions in contract: 10
2026-02-03 23:36:09 +08:00: 🦞 Active nodes: 20 | Shards per cycle: 4
2026-02-03 23:36:11 +08:00: 📋 Active sessions: 7
2026-02-03 23:36:11 +08:00: \n🚀 Processing 7 sessions in 1 batches
2026-02-03 23:36:43 +08:00: \n📊 Total sessions in contract: 10
2026-02-03 23:36:43 +08:00: 🦞 Active nodes: 20 | Shards per cycle: 4
2026-02-03 23:36:45 +08:00: 📋 Active sessions: 7
2026-02-03 23:36:45 +08:00: \n🚀 Processing 7 sessions in 1 batches
2026-02-03 23:37:17 +08:00: \n📊 Total sessions in contract: 10
2026-02-03 23:37:18 +08:00: 🦞 Active nodes: 20 | Shards per cycle: 4
2026-02-03 23:37:20 +08:00: 📋 Active sessions: 7
2026-02-03 23:37:20 +08:00: \n🚀 Processing 7 sessions in 1 batches
2026-02-03 23:37:52 +08:00: \n📊 Total sessions in contract: 10
2026-02-03 23:37:52 +08:00: 🦞 Active nodes: 20 | Shards per cycle: 4
2026-02-03 23:37:55 +08:00: 📋 Active sessions: 7
2026-02-03 23:37:55 +08:00: \n🚀 Processing 7 sessions in 1 batches
2026-02-03 23:38:27 +08:00: \n📊 Total sessions in contract: 10
2026-02-03 23:38:27 +08:00: 🦞 Active nodes: 20 | Shards per cycle: 4
2026-02-03 23:38:29 +08:00: 📋 Active sessions: 7
2026-02-03 23:38:29 +08:00: \n🚀 Processing 7 sessions in 1 batches
2026-02-03 23:39:01 +08:00: \n📊 Total sessions in contract: 10
2026-02-03 23:39:02 +08:00: 🦞 Active nodes: 20 | Shards per cycle: 4
2026-02-03 23:39:04 +08:00: 📋 Active sessions: 7
2026-02-03 23:39:04 +08:00: \n🚀 Processing 7 sessions in 1 batches
2026-02-03 23:39:36 +08:00: \n📊 Total sessions in contract: 10
2026-02-03 23:39:37 +08:00: 🦞 Active nodes: 20 | Shards per cycle: 4
2026-02-03 23:39:39 +08:00: 📋 Active sessions: 7
2026-02-03 23:39:39 +08:00: \n🚀 Processing 7 sessions in 1 batches
2026-02-03 23:40:11 +08:00: \n📊 Total sessions in contract: 10
2026-02-03 23:40:11 +08:00: 🦞 Active nodes: 20 | Shards per cycle: 4
2026-02-03 23:40:14 +08:00: 📋 Active sessions: 7
2026-02-03 23:40:14 +08:00: \n🚀 Processing 7 sessions in 1 batches
2026-02-03 23:40:46 +08:00: \n📊 Total sessions in contract: 10
2026-02-03 23:40:46 +08:00: 🦞 Active nodes: 20 | Shards per cycle: 4
2026-02-03 23:40:48 +08:00: 📋 Active sessions: 7
2026-02-03 23:40:48 +08:00: \n🚀 Processing 7 sessions in 1 batches
2026-02-03 23:41:20 +08:00: \n📊 Total sessions in contract: 10
2026-02-03 23:41:21 +08:00: 🦞 Active nodes: 20 | Shards per cycle: 4
2026-02-03 23:41:23 +08:00: 📋 Active sessions: 7
2026-02-03 23:41:23 +08:00: \n🚀 Processing 7 sessions in 1 batches
2026-02-03 23:41:55 +08:00: \n📊 Total sessions in contract: 10
2026-02-03 23:41:56 +08:00: 🦞 Active nodes: 20 | Shards per cycle: 4
2026-02-03 23:41:59 +08:00: 📋 Active sessions: 7
2026-02-03 23:41:59 +08:00: \n🚀 Processing 7 sessions in 1 batches
2026-02-03 23:46:48 +08:00: \n📊 Total sessions in contract: 10
2026-02-03 23:46:48 +08:00: 🦞 Active nodes: 20 | Shards per cycle: 4
2026-02-03 23:46:51 +08:00: 📋 Active sessions: 7
2026-02-03 23:46:51 +08:00: \n🚀 Processing 7 sessions in 1 batches
2026-02-03 23:47:23 +08:00: \n📊 Total sessions in contract: 10
2026-02-03 23:47:23 +08:00: 🦞 Active nodes: 20 | Shards per cycle: 4
2026-02-03 23:47:25 +08:00: 📋 Active sessions: 7
2026-02-03 23:47:25 +08:00: \n🚀 Processing 7 sessions in 1 batches
2026-02-03 23:47:58 +08:00: \n📊 Total sessions in contract: 10
2026-02-03 23:47:58 +08:00: 🦞 Active nodes: 20 | Shards per cycle: 4
2026-02-03 23:48:01 +08:00: 📋 Active sessions: 7
2026-02-03 23:48:01 +08:00: \n🚀 Processing 7 sessions in 1 batches
2026-02-03 23:48:33 +08:00: \n📊 Total sessions in contract: 10
2026-02-03 23:48:33 +08:00: 🦞 Active nodes: 20 | Shards per cycle: 4
2026-02-03 23:48:35 +08:00: 📋 Active sessions: 7
2026-02-03 23:48:35 +08:00: \n🚀 Processing 7 sessions in 1 batches
2026-02-03 23:49:07 +08:00: \n📊 Total sessions in contract: 10
2026-02-03 23:49:08 +08:00: 🦞 Active nodes: 20 | Shards per cycle: 4
2026-02-03 23:49:10 +08:00: 📋 Active sessions: 7
2026-02-03 23:49:10 +08:00: \n🚀 Processing 7 sessions in 1 batches
2026-02-03 23:49:42 +08:00: \n📊 Total sessions in contract: 10
2026-02-03 23:49:42 +08:00: 🦞 Active nodes: 20 | Shards per cycle: 4
2026-02-03 23:49:45 +08:00: 📋 Active sessions: 7
2026-02-03 23:49:45 +08:00: \n🚀 Processing 7 sessions in 1 batches
2026-02-03 23:50:17 +08:00: \n📊 Total sessions in contract: 10
2026-02-03 23:50:17 +08:00: 🦞 Active nodes: 20 | Shards per cycle: 4
2026-02-03 23:50:19 +08:00: 📋 Active sessions: 7
2026-02-03 23:50:19 +08:00: \n🚀 Processing 7 sessions in 1 batches
2026-02-03 23:50:51 +08:00: \n📊 Total sessions in contract: 10
2026-02-03 23:50:52 +08:00: 🦞 Active nodes: 20 | Shards per cycle: 4
2026-02-03 23:50:54 +08:00: 📋 Active sessions: 7
2026-02-03 23:50:54 +08:00: \n🚀 Processing 7 sessions in 1 batches
2026-02-03 23:51:26 +08:00: \n📊 Total sessions in contract: 10
2026-02-03 23:51:26 +08:00: 🦞 Active nodes: 20 | Shards per cycle: 4
2026-02-03 23:51:29 +08:00: 📋 Active sessions: 7
2026-02-03 23:51:29 +08:00: \n🚀 Processing 7 sessions in 1 batches
2026-02-03 23:52:01 +08:00: \n📊 Total sessions in contract: 10
2026-02-03 23:52:01 +08:00: 🦞 Active nodes: 20 | Shards per cycle: 4
2026-02-03 23:52:03 +08:00: 📋 Active sessions: 7
2026-02-03 23:52:03 +08:00: \n🚀 Processing 7 sessions in 1 batches
2026-02-03 23:52:35 +08:00: \n📊 Total sessions in contract: 10
2026-02-03 23:52:36 +08:00: 🦞 Active nodes: 20 | Shards per cycle: 4
2026-02-03 23:52:38 +08:00: 📋 Active sessions: 7
2026-02-03 23:52:38 +08:00: \n🚀 Processing 7 sessions in 1 batches
2026-02-03 23:53:10 +08:00: \n📊 Total sessions in contract: 10
2026-02-03 23:53:10 +08:00: 🦞 Active nodes: 20 | Shards per cycle: 4
2026-02-03 23:53:13 +08:00: 📋 Active sessions: 7
2026-02-03 23:53:13 +08:00: \n🚀 Processing 7 sessions in 1 batches
2026-02-03 23:53:45 +08:00: \n📊 Total sessions in contract: 10
2026-02-03 23:53:45 +08:00: 🦞 Active nodes: 20 | Shards per cycle: 4
2026-02-03 23:53:47 +08:00: 📋 Active sessions: 7
2026-02-03 23:53:47 +08:00: \n🚀 Processing 7 sessions in 1 batches
2026-02-03 23:54:19 +08:00: \n📊 Total sessions in contract: 10
2026-02-03 23:54:20 +08:00: 🦞 Active nodes: 20 | Shards per cycle: 4
2026-02-03 23:54:22 +08:00: 📋 Active sessions: 7
2026-02-03 23:54:22 +08:00: \n🚀 Processing 7 sessions in 1 batches
2026-02-03 23:54:54 +08:00: \n📊 Total sessions in contract: 10
2026-02-03 23:54:54 +08:00: 🦞 Active nodes: 20 | Shards per cycle: 4
2026-02-03 23:54:57 +08:00: 📋 Active sessions: 7
2026-02-03 23:54:57 +08:00: \n🚀 Processing 7 sessions in 1 batches
2026-02-03 23:55:28 +08:00: \n📊 Total sessions in contract: 10
2026-02-03 23:55:29 +08:00: 🦞 Active nodes: 20 | Shards per cycle: 4
2026-02-03 23:55:31 +08:00: 📋 Active sessions: 7
2026-02-03 23:55:31 +08:00: \n🚀 Processing 7 sessions in 1 batches
2026-02-03 23:56:03 +08:00: \n📊 Total sessions in contract: 10
2026-02-03 23:56:04 +08:00: 🦞 Active nodes: 20 | Shards per cycle: 4
2026-02-03 23:56:06 +08:00: 📋 Active sessions: 7
2026-02-03 23:56:06 +08:00: \n🚀 Processing 7 sessions in 1 batches
2026-02-03 23:56:38 +08:00: \n📊 Total sessions in contract: 10
2026-02-03 23:56:38 +08:00: 🦞 Active nodes: 20 | Shards per cycle: 4
2026-02-03 23:56:41 +08:00: 📋 Active sessions: 7
2026-02-03 23:56:41 +08:00: \n🚀 Processing 7 sessions in 1 batches
2026-02-03 23:57:12 +08:00: \n📊 Total sessions in contract: 10
2026-02-03 23:57:13 +08:00: 🦞 Active nodes: 20 | Shards per cycle: 4
2026-02-03 23:57:15 +08:00: 📋 Active sessions: 7
2026-02-03 23:57:15 +08:00: \n🚀 Processing 7 sessions in 1 batches
2026-02-03 23:57:47 +08:00: \n📊 Total sessions in contract: 10
2026-02-03 23:57:48 +08:00: 🦞 Active nodes: 20 | Shards per cycle: 4
2026-02-03 23:57:50 +08:00: 📋 Active sessions: 7
2026-02-03 23:57:50 +08:00: \n🚀 Processing 7 sessions in 1 batches
2026-02-03 23:58:22 +08:00: \n📊 Total sessions in contract: 10
2026-02-03 23:58:22 +08:00: 🦞 Active nodes: 20 | Shards per cycle: 4
2026-02-03 23:58:25 +08:00: 📋 Active sessions: 7
2026-02-03 23:58:25 +08:00: \n🚀 Processing 7 sessions in 1 batches
2026-02-03 23:58:57 +08:00: \n📊 Total sessions in contract: 10
2026-02-03 23:58:57 +08:00: 🦞 Active nodes: 20 | Shards per cycle: 4
2026-02-03 23:58:59 +08:00: 📋 Active sessions: 7
2026-02-03 23:58:59 +08:00: \n🚀 Processing 7 sessions in 1 batches
2026-02-03 23:59:31 +08:00: \n📊 Total sessions in contract: 10
2026-02-03 23:59:32 +08:00: 🦞 Active nodes: 20 | Shards per cycle: 4
2026-02-03 23:59:34 +08:00: 📋 Active sessions: 7
2026-02-03 23:59:34 +08:00: \n🚀 Processing 7 sessions in 1 batches
2026-02-04 00:00:06 +08:00: \n📊 Total sessions in contract: 10
2026-02-04 00:00:06 +08:00: 🦞 Active nodes: 20 | Shards per cycle: 4
2026-02-04 00:00:09 +08:00: 📋 Active sessions: 7
2026-02-04 00:00:09 +08:00: \n🚀 Processing 7 sessions in 1 batches
2026-02-04 00:00:41 +08:00: \n📊 Total sessions in contract: 10
2026-02-04 00:00:41 +08:00: 🦞 Active nodes: 20 | Shards per cycle: 4
2026-02-04 00:00:43 +08:00: 📋 Active sessions: 7
2026-02-04 00:00:43 +08:00: \n🚀 Processing 7 sessions in 1 batches
2026-02-04 00:01:15 +08:00: \n📊 Total sessions in contract: 10
2026-02-04 00:01:16 +08:00: 🦞 Active nodes: 20 | Shards per cycle: 4
2026-02-04 00:01:18 +08:00: 📋 Active sessions: 7
2026-02-04 00:01:18 +08:00: \n🚀 Processing 7 sessions in 1 batches
2026-02-04 00:01:50 +08:00: \n📊 Total sessions in contract: 10
2026-02-04 00:01:50 +08:00: 🦞 Active nodes: 20 | Shards per cycle: 4
2026-02-04 00:01:53 +08:00: 📋 Active sessions: 7
2026-02-04 00:01:53 +08:00: \n🚀 Processing 7 sessions in 1 batches
2026-02-04 00:02:25 +08:00: \n📊 Total sessions in contract: 10
2026-02-04 00:02:25 +08:00: 🦞 Active nodes: 20 | Shards per cycle: 4
2026-02-04 00:02:28 +08:00: 📋 Active sessions: 7
2026-02-04 00:02:28 +08:00: \n🚀 Processing 7 sessions in 1 batches
2026-02-04 00:03:00 +08:00: \n📊 Total sessions in contract: 10
2026-02-04 00:03:00 +08:00: 🦞 Active nodes: 20 | Shards per cycle: 4
2026-02-04 00:03:03 +08:00: 📋 Active sessions: 7
2026-02-04 00:03:03 +08:00: \n🚀 Processing 7 sessions in 1 batches
2026-02-04 00:03:35 +08:00: \n📊 Total sessions in contract: 10
2026-02-04 00:03:35 +08:00: 🦞 Active nodes: 20 | Shards per cycle: 4
2026-02-04 00:03:37 +08:00: 📋 Active sessions: 7
2026-02-04 00:03:37 +08:00: \n🚀 Processing 7 sessions in 1 batches
2026-02-04 00:04:09 +08:00: \n📊 Total sessions in contract: 10
2026-02-04 00:04:10 +08:00: 🦞 Active nodes: 20 | Shards per cycle: 4
2026-02-04 00:04:12 +08:00: 📋 Active sessions: 7
2026-02-04 00:04:12 +08:00: \n🚀 Processing 7 sessions in 1 batches
2026-02-04 00:04:44 +08:00: \n📊 Total sessions in contract: 10
2026-02-04 00:04:45 +08:00: 🦞 Active nodes: 20 | Shards per cycle: 4
2026-02-04 00:04:47 +08:00: 📋 Active sessions: 7
2026-02-04 00:04:47 +08:00: \n🚀 Processing 7 sessions in 1 batches
2026-02-04 00:05:19 +08:00: \n📊 Total sessions in contract: 10
2026-02-04 00:05:19 +08:00: 🦞 Active nodes: 20 | Shards per cycle: 4
2026-02-04 00:05:21 +08:00: 📋 Active sessions: 7
2026-02-04 00:05:21 +08:00: \n🚀 Processing 7 sessions in 1 batches
2026-02-04 00:05:53 +08:00: \n📊 Total sessions in contract: 10
2026-02-04 00:05:54 +08:00: 🦞 Active nodes: 20 | Shards per cycle: 4
2026-02-04 00:05:56 +08:00: 📋 Active sessions: 7
2026-02-04 00:05:56 +08:00: \n🚀 Processing 7 sessions in 1 batches
2026-02-04 00:06:28 +08:00: \n📊 Total sessions in contract: 10
2026-02-04 00:06:29 +08:00: 🦞 Active nodes: 20 | Shards per cycle: 4
2026-02-04 00:06:31 +08:00: 📋 Active sessions: 7
2026-02-04 00:06:31 +08:00: \n🚀 Processing 7 sessions in 1 batches
2026-02-04 00:07:03 +08:00: \n📊 Total sessions in contract: 10
2026-02-04 00:07:04 +08:00: 🦞 Active nodes: 20 | Shards per cycle: 4
2026-02-04 00:07:06 +08:00: 📋 Active sessions: 7
2026-02-04 00:07:06 +08:00: \n🚀 Processing 7 sessions in 1 batches
2026-02-04 00:07:38 +08:00: \n📊 Total sessions in contract: 10
2026-02-04 00:07:38 +08:00: 🦞 Active nodes: 20 | Shards per cycle: 4
2026-02-04 00:07:41 +08:00: 📋 Active sessions: 7
2026-02-04 00:07:41 +08:00: \n🚀 Processing 7 sessions in 1 batches
2026-02-04 00:08:13 +08:00: \n📊 Total sessions in contract: 10
2026-02-04 00:08:13 +08:00: 🦞 Active nodes: 20 | Shards per cycle: 4
2026-02-04 00:08:16 +08:00: 📋 Active sessions: 7
2026-02-04 00:08:16 +08:00: \n🚀 Processing 7 sessions in 1 batches
2026-02-04 00:08:48 +08:00: \n📊 Total sessions in contract: 10
2026-02-04 00:08:48 +08:00: 🦞 Active nodes: 20 | Shards per cycle: 4
2026-02-04 00:08:50 +08:00: 📋 Active sessions: 7
2026-02-04 00:08:50 +08:00: \n🚀 Processing 7 sessions in 1 batches
2026-02-04 00:09:22 +08:00: \n📊 Total sessions in contract: 10
2026-02-04 00:09:23 +08:00: 🦞 Active nodes: 20 | Shards per cycle: 4
2026-02-04 00:09:25 +08:00: 📋 Active sessions: 7
2026-02-04 00:09:25 +08:00: \n🚀 Processing 7 sessions in 1 batches
2026-02-04 00:09:57 +08:00: \n📊 Total sessions in contract: 10
2026-02-04 00:09:58 +08:00: 🦞 Active nodes: 20 | Shards per cycle: 4
2026-02-04 00:10:00 +08:00: 📋 Active sessions: 7
2026-02-04 00:10:00 +08:00: \n🚀 Processing 7 sessions in 1 batches
2026-02-04 00:10:32 +08:00: \n📊 Total sessions in contract: 10
2026-02-04 00:10:33 +08:00: 🦞 Active nodes: 20 | Shards per cycle: 4
2026-02-04 00:10:35 +08:00: 📋 Active sessions: 7
2026-02-04 00:10:35 +08:00: \n🚀 Processing 7 sessions in 1 batches
2026-02-04 00:11:07 +08:00: \n📊 Total sessions in contract: 10
2026-02-04 00:11:07 +08:00: 🦞 Active nodes: 20 | Shards per cycle: 4
2026-02-04 00:11:10 +08:00: 📋 Active sessions: 7
2026-02-04 00:11:10 +08:00: \n🚀 Processing 7 sessions in 1 batches
2026-02-04 00:11:42 +08:00: \n📊 Total sessions in contract: 10
2026-02-04 00:11:42 +08:00: 🦞 Active nodes: 20 | Shards per cycle: 4
2026-02-04 00:11:44 +08:00: 📋 Active sessions: 7
2026-02-04 00:11:44 +08:00: \n🚀 Processing 7 sessions in 1 batches
2026-02-04 00:12:16 +08:00: \n📊 Total sessions in contract: 10
2026-02-04 00:12:17 +08:00: 🦞 Active nodes: 20 | Shards per cycle: 4
2026-02-04 00:12:19 +08:00: 📋 Active sessions: 7
2026-02-04 00:12:19 +08:00: \n🚀 Processing 7 sessions in 1 batches
2026-02-04 00:12:51 +08:00: \n📊 Total sessions in contract: 10
2026-02-04 00:12:51 +08:00: 🦞 Active nodes: 20 | Shards per cycle: 4
2026-02-04 00:12:54 +08:00: 📋 Active sessions: 7
2026-02-04 00:12:54 +08:00: \n🚀 Processing 7 sessions in 1 batches
2026-02-04 00:13:26 +08:00: \n📊 Total sessions in contract: 10
2026-02-04 00:13:26 +08:00: 🦞 Active nodes: 20 | Shards per cycle: 4
2026-02-04 00:13:28 +08:00: 📋 Active sessions: 7
2026-02-04 00:13:28 +08:00: \n🚀 Processing 7 sessions in 1 batches
2026-02-04 00:14:00 +08:00: \n📊 Total sessions in contract: 10
2026-02-04 00:14:01 +08:00: 🦞 Active nodes: 20 | Shards per cycle: 4
2026-02-04 00:14:03 +08:00: 📋 Active sessions: 7
2026-02-04 00:14:03 +08:00: \n🚀 Processing 7 sessions in 1 batches
2026-02-04 00:14:35 +08:00: \n📊 Total sessions in contract: 10
2026-02-04 00:14:35 +08:00: 🦞 Active nodes: 20 | Shards per cycle: 4
2026-02-04 00:14:38 +08:00: 📋 Active sessions: 7
2026-02-04 00:14:38 +08:00: \n🚀 Processing 7 sessions in 1 batches
2026-02-04 00:15:10 +08:00: \n📊 Total sessions in contract: 10
2026-02-04 00:15:10 +08:00: 🦞 Active nodes: 20 | Shards per cycle: 4
2026-02-04 00:15:13 +08:00: 📋 Active sessions: 7
2026-02-04 00:15:13 +08:00: \n🚀 Processing 7 sessions in 1 batches
2026-02-04 00:15:44 +08:00: \n📊 Total sessions in contract: 10
2026-02-04 00:15:45 +08:00: 🦞 Active nodes: 20 | Shards per cycle: 4
2026-02-04 00:15:47 +08:00: 📋 Active sessions: 7
2026-02-04 00:15:47 +08:00: \n🚀 Processing 7 sessions in 1 batches
2026-02-04 00:16:19 +08:00: \n📊 Total sessions in contract: 10
2026-02-04 00:16:20 +08:00: 🦞 Active nodes: 20 | Shards per cycle: 4
2026-02-04 00:16:22 +08:00: 📋 Active sessions: 7
2026-02-04 00:16:22 +08:00: \n🚀 Processing 7 sessions in 1 batches
2026-02-04 00:16:54 +08:00: \n📊 Total sessions in contract: 10
2026-02-04 00:16:54 +08:00: 🦞 Active nodes: 20 | Shards per cycle: 4
2026-02-04 00:16:57 +08:00: 📋 Active sessions: 7
2026-02-04 00:16:57 +08:00: \n🚀 Processing 7 sessions in 1 batches
2026-02-04 00:17:29 +08:00: \n📊 Total sessions in contract: 10
2026-02-04 00:17:29 +08:00: 🦞 Active nodes: 20 | Shards per cycle: 4
2026-02-04 00:17:31 +08:00: 📋 Active sessions: 7
2026-02-04 00:17:31 +08:00: \n🚀 Processing 7 sessions in 1 batches
2026-02-04 00:18:03 +08:00: \n📊 Total sessions in contract: 10
2026-02-04 00:18:04 +08:00: 🦞 Active nodes: 20 | Shards per cycle: 4
2026-02-04 00:18:06 +08:00: 📋 Active sessions: 7
2026-02-04 00:18:06 +08:00: \n🚀 Processing 7 sessions in 1 batches
2026-02-04 00:18:38 +08:00: \n📊 Total sessions in contract: 10
2026-02-04 00:18:39 +08:00: 🦞 Active nodes: 20 | Shards per cycle: 4
2026-02-04 00:18:41 +08:00: 📋 Active sessions: 7
2026-02-04 00:18:41 +08:00: \n🚀 Processing 7 sessions in 1 batches
2026-02-04 00:19:13 +08:00: \n📊 Total sessions in contract: 10
2026-02-04 00:19:13 +08:00: 🦞 Active nodes: 20 | Shards per cycle: 4
2026-02-04 00:19:16 +08:00: 📋 Active sessions: 7
2026-02-04 00:19:16 +08:00: \n🚀 Processing 7 sessions in 1 batches
2026-02-04 00:19:48 +08:00: \n📊 Total sessions in contract: 10
2026-02-04 00:19:48 +08:00: 🦞 Active nodes: 20 | Shards per cycle: 4
2026-02-04 00:19:51 +08:00: 📋 Active sessions: 7
2026-02-04 00:19:51 +08:00: \n🚀 Processing 7 sessions in 1 batches
2026-02-04 00:20:23 +08:00: \n📊 Total sessions in contract: 10
2026-02-04 00:20:24 +08:00: 🦞 Active nodes: 20 | Shards per cycle: 4
2026-02-04 00:20:26 +08:00: 📋 Active sessions: 7
2026-02-04 00:20:26 +08:00: \n🚀 Processing 7 sessions in 1 batches
2026-02-04 00:20:58 +08:00: \n📊 Total sessions in contract: 10
2026-02-04 00:20:58 +08:00: 🦞 Active nodes: 20 | Shards per cycle: 4
2026-02-04 00:21:01 +08:00: 📋 Active sessions: 7
2026-02-04 00:21:01 +08:00: \n🚀 Processing 7 sessions in 1 batches
2026-02-04 00:21:33 +08:00: \n📊 Total sessions in contract: 10
2026-02-04 00:21:33 +08:00: 🦞 Active nodes: 20 | Shards per cycle: 4
2026-02-04 00:21:35 +08:00: 📋 Active sessions: 7
2026-02-04 00:21:35 +08:00: \n🚀 Processing 7 sessions in 1 batches
2026-02-04 00:22:07 +08:00: \n📊 Total sessions in contract: 10
2026-02-04 00:22:08 +08:00: 🦞 Active nodes: 20 | Shards per cycle: 4
2026-02-04 00:22:10 +08:00: 📋 Active sessions: 7
2026-02-04 00:22:10 +08:00: \n🚀 Processing 7 sessions in 1 batches
2026-02-04 00:22:42 +08:00: \n📊 Total sessions in contract: 10
2026-02-04 00:22:43 +08:00: 🦞 Active nodes: 20 | Shards per cycle: 4
2026-02-04 00:22:45 +08:00: 📋 Active sessions: 7
2026-02-04 00:22:45 +08:00: \n🚀 Processing 7 sessions in 1 batches
2026-02-04 00:23:17 +08:00: \n📊 Total sessions in contract: 10
2026-02-04 00:23:17 +08:00: 🦞 Active nodes: 20 | Shards per cycle: 4
2026-02-04 00:23:20 +08:00: 📋 Active sessions: 7
2026-02-04 00:23:20 +08:00: \n🚀 Processing 7 sessions in 1 batches
2026-02-04 00:23:51 +08:00: \n📊 Total sessions in contract: 10
2026-02-04 00:23:52 +08:00: 🦞 Active nodes: 20 | Shards per cycle: 4
2026-02-04 00:23:54 +08:00: 📋 Active sessions: 7
2026-02-04 00:23:54 +08:00: \n🚀 Processing 7 sessions in 1 batches
2026-02-04 00:24:26 +08:00: \n📊 Total sessions in contract: 10
2026-02-04 00:24:27 +08:00: 🦞 Active nodes: 20 | Shards per cycle: 4
2026-02-04 00:24:29 +08:00: 📋 Active sessions: 7
2026-02-04 00:24:29 +08:00: \n🚀 Processing 7 sessions in 1 batches
2026-02-04 00:25:01 +08:00: \n📊 Total sessions in contract: 10
2026-02-04 00:25:01 +08:00: 🦞 Active nodes: 20 | Shards per cycle: 4
2026-02-04 00:25:04 +08:00: 📋 Active sessions: 7
2026-02-04 00:25:04 +08:00: \n🚀 Processing 7 sessions in 1 batches
2026-02-04 00:25:36 +08:00: \n📊 Total sessions in contract: 10
2026-02-04 00:25:36 +08:00: 🦞 Active nodes: 20 | Shards per cycle: 4
2026-02-04 00:25:39 +08:00: 📋 Active sessions: 7
2026-02-04 00:25:39 +08:00: \n🚀 Processing 7 sessions in 1 batches
2026-02-04 00:26:10 +08:00: \n📊 Total sessions in contract: 10
2026-02-04 00:26:11 +08:00: 🦞 Active nodes: 20 | Shards per cycle: 4
2026-02-04 00:26:13 +08:00: 📋 Active sessions: 7
2026-02-04 00:26:13 +08:00: \n🚀 Processing 7 sessions in 1 batches
2026-02-04 00:26:45 +08:00: \n📊 Total sessions in contract: 10
2026-02-04 00:26:46 +08:00: 🦞 Active nodes: 20 | Shards per cycle: 4
2026-02-04 00:26:48 +08:00: 📋 Active sessions: 7
2026-02-04 00:26:48 +08:00: \n🚀 Processing 7 sessions in 1 batches
2026-02-04 00:27:20 +08:00: \n📊 Total sessions in contract: 10
2026-02-04 00:27:21 +08:00: 🦞 Active nodes: 20 | Shards per cycle: 4
2026-02-04 00:27:23 +08:00: 📋 Active sessions: 7
2026-02-04 00:27:23 +08:00: \n🚀 Processing 7 sessions in 1 batches
2026-02-04 00:27:55 +08:00: \n📊 Total sessions in contract: 10
2026-02-04 00:27:55 +08:00: 🦞 Active nodes: 20 | Shards per cycle: 4
2026-02-04 00:27:58 +08:00: 📋 Active sessions: 7
2026-02-04 00:27:58 +08:00: \n🚀 Processing 7 sessions in 1 batches
2026-02-04 00:28:30 +08:00: \n📊 Total sessions in contract: 10
2026-02-04 00:28:30 +08:00: 🦞 Active nodes: 20 | Shards per cycle: 4
2026-02-04 00:28:32 +08:00: 📋 Active sessions: 7
2026-02-04 00:28:32 +08:00: \n🚀 Processing 7 sessions in 1 batches
2026-02-04 00:29:04 +08:00: \n📊 Total sessions in contract: 10
2026-02-04 00:29:05 +08:00: 🦞 Active nodes: 20 | Shards per cycle: 4
2026-02-04 00:29:07 +08:00: 📋 Active sessions: 7
2026-02-04 00:29:07 +08:00: \n🚀 Processing 7 sessions in 1 batches
2026-02-04 00:29:39 +08:00: \n📊 Total sessions in contract: 10
2026-02-04 00:29:39 +08:00: 🦞 Active nodes: 20 | Shards per cycle: 4
2026-02-04 00:29:42 +08:00: 📋 Active sessions: 7
2026-02-04 00:29:42 +08:00: \n🚀 Processing 7 sessions in 1 batches
2026-02-04 00:30:14 +08:00: \n📊 Total sessions in contract: 10
2026-02-04 00:30:14 +08:00: 🦞 Active nodes: 20 | Shards per cycle: 4
2026-02-04 00:30:17 +08:00: 📋 Active sessions: 7
2026-02-04 00:30:17 +08:00: \n🚀 Processing 7 sessions in 1 batches
2026-02-04 00:30:49 +08:00: \n📊 Total sessions in contract: 10
2026-02-04 00:30:49 +08:00: 🦞 Active nodes: 20 | Shards per cycle: 4
2026-02-04 00:30:52 +08:00: 📋 Active sessions: 7
2026-02-04 00:30:52 +08:00: \n🚀 Processing 7 sessions in 1 batches
2026-02-04 00:31:24 +08:00: \n📊 Total sessions in contract: 10
2026-02-04 00:31:24 +08:00: 🦞 Active nodes: 20 | Shards per cycle: 4
2026-02-04 00:31:27 +08:00: 📋 Active sessions: 7
2026-02-04 00:31:27 +08:00: \n🚀 Processing 7 sessions in 1 batches
2026-02-04 00:31:59 +08:00: \n📊 Total sessions in contract: 10
2026-02-04 00:31:59 +08:00: 🦞 Active nodes: 20 | Shards per cycle: 4
2026-02-04 00:32:02 +08:00: 📋 Active sessions: 7
2026-02-04 00:32:02 +08:00: \n🚀 Processing 7 sessions in 1 batches
2026-02-04 00:32:34 +08:00: \n📊 Total sessions in contract: 10
2026-02-04 00:32:34 +08:00: 🦞 Active nodes: 20 | Shards per cycle: 4
2026-02-04 00:32:37 +08:00: 📋 Active sessions: 7
2026-02-04 00:32:37 +08:00: \n🚀 Processing 7 sessions in 1 batches
2026-02-04 00:33:08 +08:00: \n📊 Total sessions in contract: 10
2026-02-04 00:33:09 +08:00: 🦞 Active nodes: 20 | Shards per cycle: 4
2026-02-04 00:33:11 +08:00: 📋 Active sessions: 7
2026-02-04 00:33:11 +08:00: \n🚀 Processing 7 sessions in 1 batches
2026-02-04 00:33:43 +08:00: \n📊 Total sessions in contract: 10
2026-02-04 00:33:44 +08:00: 🦞 Active nodes: 20 | Shards per cycle: 4
2026-02-04 00:33:46 +08:00: 📋 Active sessions: 7
2026-02-04 00:33:46 +08:00: \n🚀 Processing 7 sessions in 1 batches
2026-02-04 00:34:18 +08:00: \n📊 Total sessions in contract: 10
2026-02-04 00:34:19 +08:00: 🦞 Active nodes: 20 | Shards per cycle: 4
2026-02-04 00:34:21 +08:00: 📋 Active sessions: 7
2026-02-04 00:34:21 +08:00: \n🚀 Processing 7 sessions in 1 batches
2026-02-04 00:34:53 +08:00: \n📊 Total sessions in contract: 10
2026-02-04 00:34:54 +08:00: 🦞 Active nodes: 20 | Shards per cycle: 4
2026-02-04 00:34:56 +08:00: 📋 Active sessions: 7
2026-02-04 00:34:56 +08:00: \n🚀 Processing 7 sessions in 1 batches
2026-02-04 00:35:28 +08:00: \n📊 Total sessions in contract: 10
2026-02-04 00:35:29 +08:00: 🦞 Active nodes: 20 | Shards per cycle: 4
2026-02-04 00:35:31 +08:00: 📋 Active sessions: 7
2026-02-04 00:35:31 +08:00: \n🚀 Processing 7 sessions in 1 batches
2026-02-04 00:36:03 +08:00: \n📊 Total sessions in contract: 10
2026-02-04 00:36:04 +08:00: 🦞 Active nodes: 20 | Shards per cycle: 4
2026-02-04 00:36:06 +08:00: 📋 Active sessions: 7
2026-02-04 00:36:06 +08:00: \n🚀 Processing 7 sessions in 1 batches
2026-02-04 00:36:38 +08:00: \n📊 Total sessions in contract: 10
2026-02-04 00:36:38 +08:00: 🦞 Active nodes: 20 | Shards per cycle: 4
2026-02-04 00:36:41 +08:00: 📋 Active sessions: 7
2026-02-04 00:36:41 +08:00: \n🚀 Processing 7 sessions in 1 batches
2026-02-04 00:37:13 +08:00: \n📊 Total sessions in contract: 10
2026-02-04 00:37:13 +08:00: 🦞 Active nodes: 20 | Shards per cycle: 4
2026-02-04 00:37:16 +08:00: 📋 Active sessions: 7
2026-02-04 00:37:16 +08:00: \n🚀 Processing 7 sessions in 1 batches
2026-02-04 00:37:48 +08:00: \n📊 Total sessions in contract: 10
2026-02-04 00:37:49 +08:00: 🦞 Active nodes: 20 | Shards per cycle: 4
2026-02-04 00:37:51 +08:00: 📋 Active sessions: 7
2026-02-04 00:37:51 +08:00: \n🚀 Processing 7 sessions in 1 batches
2026-02-04 00:38:23 +08:00: \n📊 Total sessions in contract: 10
2026-02-04 00:38:23 +08:00: 🦞 Active nodes: 20 | Shards per cycle: 4
2026-02-04 00:38:26 +08:00: 📋 Active sessions: 7
2026-02-04 00:38:26 +08:00: \n🚀 Processing 7 sessions in 1 batches
2026-02-04 00:38:58 +08:00: \n📊 Total sessions in contract: 10
2026-02-04 00:38:58 +08:00: 🦞 Active nodes: 20 | Shards per cycle: 4
2026-02-04 00:39:00 +08:00: 📋 Active sessions: 7
2026-02-04 00:39:00 +08:00: \n🚀 Processing 7 sessions in 1 batches
2026-02-04 00:39:32 +08:00: \n📊 Total sessions in contract: 10
2026-02-04 00:39:33 +08:00: 🦞 Active nodes: 20 | Shards per cycle: 4
2026-02-04 00:39:35 +08:00: 📋 Active sessions: 7
2026-02-04 00:39:35 +08:00: \n🚀 Processing 7 sessions in 1 batches
2026-02-04 00:40:07 +08:00: \n📊 Total sessions in contract: 10
2026-02-04 00:40:08 +08:00: 🦞 Active nodes: 20 | Shards per cycle: 4
2026-02-04 00:40:10 +08:00: 📋 Active sessions: 7
2026-02-04 00:40:10 +08:00: \n🚀 Processing 7 sessions in 1 batches
2026-02-04 00:40:42 +08:00: \n📊 Total sessions in contract: 10
2026-02-04 00:40:43 +08:00: 🦞 Active nodes: 20 | Shards per cycle: 4
2026-02-04 00:40:45 +08:00: 📋 Active sessions: 7
2026-02-04 00:40:45 +08:00: \n🚀 Processing 7 sessions in 1 batches
2026-02-04 00:41:17 +08:00: \n📊 Total sessions in contract: 10
2026-02-04 00:41:17 +08:00: 🦞 Active nodes: 20 | Shards per cycle: 4
2026-02-04 00:41:20 +08:00: 📋 Active sessions: 7
2026-02-04 00:41:20 +08:00: \n🚀 Processing 7 sessions in 1 batches
2026-02-04 00:41:52 +08:00: \n📊 Total sessions in contract: 10
2026-02-04 00:41:52 +08:00: 🦞 Active nodes: 20 | Shards per cycle: 4
2026-02-04 00:41:55 +08:00: 📋 Active sessions: 7
2026-02-04 00:41:55 +08:00: \n🚀 Processing 7 sessions in 1 batches
2026-02-04 00:42:27 +08:00: \n📊 Total sessions in contract: 10
2026-02-04 00:42:27 +08:00: 🦞 Active nodes: 20 | Shards per cycle: 4
2026-02-04 00:42:29 +08:00: 📋 Active sessions: 7
2026-02-04 00:42:29 +08:00: \n🚀 Processing 7 sessions in 1 batches
2026-02-04 00:43:01 +08:00: \n📊 Total sessions in contract: 10
2026-02-04 00:43:02 +08:00: 🦞 Active nodes: 20 | Shards per cycle: 4
2026-02-04 00:43:05 +08:00: 📋 Active sessions: 7
2026-02-04 00:43:05 +08:00: \n🚀 Processing 7 sessions in 1 batches
2026-02-04 00:43:37 +08:00: \n📊 Total sessions in contract: 10
2026-02-04 00:43:37 +08:00: 🦞 Active nodes: 20 | Shards per cycle: 4
2026-02-04 00:43:40 +08:00: 📋 Active sessions: 7
2026-02-04 00:43:40 +08:00: \n🚀 Processing 7 sessions in 1 batches
2026-02-04 00:44:12 +08:00: \n📊 Total sessions in contract: 10
2026-02-04 00:44:12 +08:00: 🦞 Active nodes: 20 | Shards per cycle: 4
2026-02-04 00:44:15 +08:00: 📋 Active sessions: 7
2026-02-04 00:44:15 +08:00: \n🚀 Processing 7 sessions in 1 batches
2026-02-04 00:44:47 +08:00: \n📊 Total sessions in contract: 10
2026-02-04 00:44:48 +08:00: 🦞 Active nodes: 20 | Shards per cycle: 4
2026-02-04 00:44:50 +08:00: 📋 Active sessions: 7
2026-02-04 00:44:50 +08:00: \n🚀 Processing 7 sessions in 1 batches
2026-02-04 00:45:22 +08:00: \n📊 Total sessions in contract: 10
2026-02-04 00:45:22 +08:00: 🦞 Active nodes: 20 | Shards per cycle: 4
2026-02-04 00:45:25 +08:00: 📋 Active sessions: 7
2026-02-04 00:45:25 +08:00: \n🚀 Processing 7 sessions in 1 batches
2026-02-04 00:45:57 +08:00: \n📊 Total sessions in contract: 10
2026-02-04 00:45:57 +08:00: 🦞 Active nodes: 20 | Shards per cycle: 4
2026-02-04 00:46:00 +08:00: 📋 Active sessions: 7
2026-02-04 00:46:00 +08:00: \n🚀 Processing 7 sessions in 1 batches
2026-02-04 00:46:32 +08:00: \n📊 Total sessions in contract: 10
2026-02-04 00:46:32 +08:00: 🦞 Active nodes: 20 | Shards per cycle: 4
2026-02-04 00:46:34 +08:00: 📋 Active sessions: 7
2026-02-04 00:46:34 +08:00: \n🚀 Processing 7 sessions in 1 batches
2026-02-04 01:02:10 +08:00: \n📊 Total sessions in contract: 10
2026-02-04 01:02:10 +08:00: 🦞 Active nodes: 20 | Shards per cycle: 4
2026-02-04 01:02:13 +08:00: 📋 Active sessions: 7
2026-02-04 01:02:13 +08:00: \n🚀 Processing 7 sessions in 1 batches
2026-02-04 01:02:45 +08:00: \n📊 Total sessions in contract: 10
2026-02-04 01:02:45 +08:00: 🦞 Active nodes: 20 | Shards per cycle: 4
2026-02-04 01:02:48 +08:00: 📋 Active sessions: 7
2026-02-04 01:02:48 +08:00: \n🚀 Processing 7 sessions in 1 batches
2026-02-04 01:18:19 +08:00: \n📊 Total sessions in contract: 10
2026-02-04 01:18:20 +08:00: 🦞 Active nodes: 20 | Shards per cycle: 4
2026-02-04 01:18:22 +08:00: 📋 Active sessions: 7
2026-02-04 01:18:22 +08:00: \n🚀 Processing 7 sessions in 1 batches
2026-02-04 01:18:54 +08:00: \n📊 Total sessions in contract: 10
2026-02-04 01:18:55 +08:00: 🦞 Active nodes: 20 | Shards per cycle: 4
2026-02-04 01:18:57 +08:00: 📋 Active sessions: 7
2026-02-04 01:18:57 +08:00: \n🚀 Processing 7 sessions in 1 batches
2026-02-04 01:34:27 +08:00: \n📊 Total sessions in contract: 10
2026-02-04 01:34:28 +08:00: 🦞 Active nodes: 20 | Shards per cycle: 4
2026-02-04 01:34:30 +08:00: 📋 Active sessions: 7
2026-02-04 01:34:30 +08:00: \n🚀 Processing 7 sessions in 1 batches
2026-02-04 01:35:02 +08:00: \n📊 Total sessions in contract: 10
2026-02-04 01:35:03 +08:00: 🦞 Active nodes: 20 | Shards per cycle: 4
2026-02-04 01:35:05 +08:00: 📋 Active sessions: 7
2026-02-04 01:35:05 +08:00: \n🚀 Processing 7 sessions in 1 batches
2026-02-04 01:50:43 +08:00: \n📊 Total sessions in contract: 10
2026-02-04 01:50:43 +08:00: 🦞 Active nodes: 20 | Shards per cycle: 4
2026-02-04 01:50:46 +08:00: 📋 Active sessions: 7
2026-02-04 01:50:46 +08:00: \n🚀 Processing 7 sessions in 1 batches
2026-02-04 01:51:18 +08:00: \n📊 Total sessions in contract: 10
2026-02-04 01:51:18 +08:00: 🦞 Active nodes: 20 | Shards per cycle: 4
2026-02-04 01:51:21 +08:00: 📋 Active sessions: 7
2026-02-04 01:51:21 +08:00: \n🚀 Processing 7 sessions in 1 batches
2026-02-04 02:06:58 +08:00: \n📊 Total sessions in contract: 10
2026-02-04 02:06:58 +08:00: 🦞 Active nodes: 20 | Shards per cycle: 4
2026-02-04 02:07:01 +08:00: 📋 Active sessions: 7
2026-02-04 02:07:01 +08:00: \n🚀 Processing 7 sessions in 1 batches
2026-02-04 02:07:33 +08:00: \n📊 Total sessions in contract: 10
2026-02-04 02:07:33 +08:00: 🦞 Active nodes: 20 | Shards per cycle: 4
2026-02-04 02:07:36 +08:00: 📋 Active sessions: 7
2026-02-04 02:07:36 +08:00: \n🚀 Processing 7 sessions in 1 batches
2026-02-04 02:23:14 +08:00: \n📊 Total sessions in contract: 10
2026-02-04 02:23:14 +08:00: 🦞 Active nodes: 20 | Shards per cycle: 4
2026-02-04 02:23:17 +08:00: 📋 Active sessions: 7
2026-02-04 02:23:17 +08:00: \n🚀 Processing 7 sessions in 1 batches
2026-02-04 02:23:48 +08:00: \n📊 Total sessions in contract: 10
2026-02-04 02:23:49 +08:00: 🦞 Active nodes: 20 | Shards per cycle: 4
2026-02-04 02:23:51 +08:00: 📋 Active sessions: 7
2026-02-04 02:23:51 +08:00: \n🚀 Processing 7 sessions in 1 batches
2026-02-04 02:39:23 +08:00: \n📊 Total sessions in contract: 10
2026-02-04 02:39:23 +08:00: 🦞 Active nodes: 20 | Shards per cycle: 4
2026-02-04 02:39:26 +08:00: 📋 Active sessions: 7
2026-02-04 02:39:26 +08:00: \n🚀 Processing 7 sessions in 1 batches
2026-02-04 02:39:58 +08:00: \n📊 Total sessions in contract: 10
2026-02-04 02:39:58 +08:00: 🦞 Active nodes: 20 | Shards per cycle: 4
2026-02-04 02:40:00 +08:00: 📋 Active sessions: 7
2026-02-04 02:40:00 +08:00: \n🚀 Processing 7 sessions in 1 batches
2026-02-04 02:47:37 +08:00: \n📊 Total sessions in contract: 10
2026-02-04 02:47:38 +08:00: 🦞 Active nodes: 20 | Shards per cycle: 4
2026-02-04 02:47:40 +08:00: 📋 Active sessions: 7
2026-02-04 02:47:40 +08:00: \n🚀 Processing 7 sessions in 1 batches
2026-02-04 02:48:12 +08:00: \n📊 Total sessions in contract: 10
2026-02-04 02:48:13 +08:00: 🦞 Active nodes: 20 | Shards per cycle: 4
2026-02-04 02:48:15 +08:00: 📋 Active sessions: 7
2026-02-04 02:48:15 +08:00: \n🚀 Processing 7 sessions in 1 batches
2026-02-04 03:03:27 +08:00: \n📊 Total sessions in contract: 10
2026-02-04 03:03:28 +08:00: 🦞 Active nodes: 20 | Shards per cycle: 4
2026-02-04 03:03:30 +08:00: 📋 Active sessions: 7
2026-02-04 03:03:30 +08:00: \n🚀 Processing 7 sessions in 1 batches
2026-02-04 03:04:02 +08:00: \n📊 Total sessions in contract: 10
2026-02-04 03:04:03 +08:00: 🦞 Active nodes: 20 | Shards per cycle: 4
2026-02-04 03:04:05 +08:00: 📋 Active sessions: 7
2026-02-04 03:04:05 +08:00: \n🚀 Processing 7 sessions in 1 batches
2026-02-04 03:19:41 +08:00: \n📊 Total sessions in contract: 10
2026-02-04 03:19:41 +08:00: 🦞 Active nodes: 20 | Shards per cycle: 4
2026-02-04 03:19:43 +08:00: 📋 Active sessions: 7
2026-02-04 03:19:43 +08:00: \n🚀 Processing 7 sessions in 1 batches
2026-02-04 03:20:15 +08:00: \n📊 Total sessions in contract: 10
2026-02-04 03:20:16 +08:00: 🦞 Active nodes: 20 | Shards per cycle: 4
2026-02-04 03:20:18 +08:00: 📋 Active sessions: 7
2026-02-04 03:20:18 +08:00: \n🚀 Processing 7 sessions in 1 batches
2026-02-04 03:35:55 +08:00: \n📊 Total sessions in contract: 10
2026-02-04 03:35:55 +08:00: 🦞 Active nodes: 20 | Shards per cycle: 4
2026-02-04 03:35:58 +08:00: 📋 Active sessions: 7
2026-02-04 03:35:58 +08:00: \n🚀 Processing 7 sessions in 1 batches
2026-02-04 03:36:30 +08:00: \n📊 Total sessions in contract: 10
2026-02-04 03:36:30 +08:00: 🦞 Active nodes: 20 | Shards per cycle: 4
2026-02-04 03:36:32 +08:00: 📋 Active sessions: 7
2026-02-04 03:36:32 +08:00: \n🚀 Processing 7 sessions in 1 batches
2026-02-04 03:52:06 +08:00: \n📊 Total sessions in contract: 10
2026-02-04 03:52:06 +08:00: 🦞 Active nodes: 20 | Shards per cycle: 4
2026-02-04 03:52:09 +08:00: 📋 Active sessions: 7
2026-02-04 03:52:09 +08:00: \n🚀 Processing 7 sessions in 1 batches
2026-02-04 03:52:40 +08:00: \n📊 Total sessions in contract: 10
2026-02-04 03:52:41 +08:00: 🦞 Active nodes: 20 | Shards per cycle: 4
2026-02-04 03:52:43 +08:00: 📋 Active sessions: 7
2026-02-04 03:52:43 +08:00: \n🚀 Processing 7 sessions in 1 batches
2026-02-04 04:08:07 +08:00: \n📊 Total sessions in contract: 10
2026-02-04 04:08:08 +08:00: 🦞 Active nodes: 20 | Shards per cycle: 4
2026-02-04 04:08:10 +08:00: 📋 Active sessions: 7
2026-02-04 04:08:10 +08:00: \n🚀 Processing 7 sessions in 1 batches
2026-02-04 04:08:42 +08:00: \n📊 Total sessions in contract: 10
2026-02-04 04:08:42 +08:00: 🦞 Active nodes: 20 | Shards per cycle: 4
2026-02-04 04:08:45 +08:00: 📋 Active sessions: 7
2026-02-04 04:08:45 +08:00: \n🚀 Processing 7 sessions in 1 batches
2026-02-04 04:24:16 +08:00: \n📊 Total sessions in contract: 10
2026-02-04 04:24:17 +08:00: 🦞 Active nodes: 20 | Shards per cycle: 4
2026-02-04 04:24:19 +08:00: 📋 Active sessions: 7
2026-02-04 04:24:19 +08:00: \n🚀 Processing 7 sessions in 1 batches
2026-02-04 04:24:51 +08:00: \n📊 Total sessions in contract: 10
2026-02-04 04:24:52 +08:00: 🦞 Active nodes: 20 | Shards per cycle: 4
2026-02-04 04:24:54 +08:00: 📋 Active sessions: 7
2026-02-04 04:24:54 +08:00: \n🚀 Processing 7 sessions in 1 batches
2026-02-04 04:40:32 +08:00: \n📊 Total sessions in contract: 10
2026-02-04 04:40:33 +08:00: 🦞 Active nodes: 20 | Shards per cycle: 4
2026-02-04 04:40:35 +08:00: 📋 Active sessions: 7
2026-02-04 04:40:35 +08:00: \n🚀 Processing 7 sessions in 1 batches
2026-02-04 04:41:07 +08:00: \n📊 Total sessions in contract: 10
2026-02-04 04:41:07 +08:00: 🦞 Active nodes: 20 | Shards per cycle: 4
2026-02-04 04:41:10 +08:00: 📋 Active sessions: 7
2026-02-04 04:41:10 +08:00: \n🚀 Processing 7 sessions in 1 batches
2026-02-04 04:56:34 +08:00: \n📊 Total sessions in contract: 10
2026-02-04 04:56:35 +08:00: 🦞 Active nodes: 20 | Shards per cycle: 4
2026-02-04 04:56:37 +08:00: 📋 Active sessions: 7
2026-02-04 04:56:37 +08:00: \n🚀 Processing 7 sessions in 1 batches
2026-02-04 04:57:09 +08:00: \n📊 Total sessions in contract: 10
2026-02-04 04:57:09 +08:00: 🦞 Active nodes: 20 | Shards per cycle: 4
2026-02-04 04:57:12 +08:00: 📋 Active sessions: 7
2026-02-04 04:57:12 +08:00: \n🚀 Processing 7 sessions in 1 batches
2026-02-04 05:12:47 +08:00: \n📊 Total sessions in contract: 10
2026-02-04 05:12:48 +08:00: 🦞 Active nodes: 20 | Shards per cycle: 4
2026-02-04 05:12:50 +08:00: 📋 Active sessions: 7
2026-02-04 05:12:50 +08:00: \n🚀 Processing 7 sessions in 1 batches
2026-02-04 05:13:22 +08:00: \n📊 Total sessions in contract: 10
2026-02-04 05:13:23 +08:00: 🦞 Active nodes: 20 | Shards per cycle: 4
2026-02-04 05:13:25 +08:00: 📋 Active sessions: 7
2026-02-04 05:13:25 +08:00: \n🚀 Processing 7 sessions in 1 batches
2026-02-04 05:28:57 +08:00: \n📊 Total sessions in contract: 10
2026-02-04 05:28:57 +08:00: 🦞 Active nodes: 20 | Shards per cycle: 4
2026-02-04 05:28:59 +08:00: 📋 Active sessions: 7
2026-02-04 05:28:59 +08:00: \n🚀 Processing 7 sessions in 1 batches
2026-02-04 05:29:31 +08:00: \n📊 Total sessions in contract: 10
2026-02-04 05:29:32 +08:00: 🦞 Active nodes: 20 | Shards per cycle: 4
2026-02-04 05:29:34 +08:00: 📋 Active sessions: 7
2026-02-04 05:29:34 +08:00: \n🚀 Processing 7 sessions in 1 batches
2026-02-04 05:39:44 +08:00: \n📊 Total sessions in contract: 10
2026-02-04 05:39:45 +08:00: 🦞 Active nodes: 20 | Shards per cycle: 4
2026-02-04 05:39:47 +08:00: 📋 Active sessions: 7
2026-02-04 05:39:47 +08:00: \n🚀 Processing 7 sessions in 1 batches
2026-02-04 05:40:19 +08:00: \n📊 Total sessions in contract: 10
2026-02-04 05:40:19 +08:00: 🦞 Active nodes: 20 | Shards per cycle: 4
2026-02-04 05:40:22 +08:00: 📋 Active sessions: 7
2026-02-04 05:40:22 +08:00: \n🚀 Processing 7 sessions in 1 batches
2026-02-04 05:55:53 +08:00: \n📊 Total sessions in contract: 10
2026-02-04 05:55:53 +08:00: 🦞 Active nodes: 20 | Shards per cycle: 4
2026-02-04 05:55:56 +08:00: 📋 Active sessions: 7
2026-02-04 05:55:56 +08:00: \n🚀 Processing 7 sessions in 1 batches
2026-02-04 05:56:28 +08:00: \n📊 Total sessions in contract: 10
2026-02-04 05:56:28 +08:00: 🦞 Active nodes: 20 | Shards per cycle: 4
2026-02-04 05:56:30 +08:00: 📋 Active sessions: 7
2026-02-04 05:56:30 +08:00: \n🚀 Processing 7 sessions in 1 batches
2026-02-04 06:12:07 +08:00: \n📊 Total sessions in contract: 10
2026-02-04 06:12:07 +08:00: 🦞 Active nodes: 20 | Shards per cycle: 4
2026-02-04 06:12:10 +08:00: 📋 Active sessions: 7
2026-02-04 06:12:10 +08:00: \n🚀 Processing 7 sessions in 1 batches
2026-02-04 06:12:42 +08:00: \n📊 Total sessions in contract: 10
2026-02-04 06:12:42 +08:00: 🦞 Active nodes: 20 | Shards per cycle: 4
2026-02-04 06:12:44 +08:00: 📋 Active sessions: 7
2026-02-04 06:12:44 +08:00: \n🚀 Processing 7 sessions in 1 batches
2026-02-04 06:28:22 +08:00: \n📊 Total sessions in contract: 10
2026-02-04 06:28:22 +08:00: 🦞 Active nodes: 20 | Shards per cycle: 4
2026-02-04 06:28:25 +08:00: 📋 Active sessions: 7
2026-02-04 06:28:25 +08:00: \n🚀 Processing 7 sessions in 1 batches
2026-02-04 06:28:57 +08:00: \n📊 Total sessions in contract: 10
2026-02-04 06:28:57 +08:00: 🦞 Active nodes: 20 | Shards per cycle: 4
2026-02-04 06:28:59 +08:00: 📋 Active sessions: 7
2026-02-04 06:28:59 +08:00: \n🚀 Processing 7 sessions in 1 batches
2026-02-04 06:38:59 +08:00: \n📊 Total sessions in contract: 10
2026-02-04 06:39:00 +08:00: 🦞 Active nodes: 20 | Shards per cycle: 4
2026-02-04 06:39:02 +08:00: 📋 Active sessions: 7
2026-02-04 06:39:02 +08:00: \n🚀 Processing 7 sessions in 1 batches
2026-02-04 06:39:34 +08:00: \n📊 Total sessions in contract: 10
2026-02-04 06:39:34 +08:00: 🦞 Active nodes: 20 | Shards per cycle: 4
2026-02-04 06:39:37 +08:00: 📋 Active sessions: 7
2026-02-04 06:39:37 +08:00: \n🚀 Processing 7 sessions in 1 batches
2026-02-04 06:55:14 +08:00: \n📊 Total sessions in contract: 10
2026-02-04 06:55:14 +08:00: 🦞 Active nodes: 20 | Shards per cycle: 4
2026-02-04 06:55:16 +08:00: 📋 Active sessions: 7
2026-02-04 06:55:16 +08:00: \n🚀 Processing 7 sessions in 1 batches
2026-02-04 06:55:48 +08:00: \n📊 Total sessions in contract: 10
2026-02-04 06:55:49 +08:00: 🦞 Active nodes: 20 | Shards per cycle: 4
2026-02-04 06:55:51 +08:00: 📋 Active sessions: 7
2026-02-04 06:55:51 +08:00: \n🚀 Processing 7 sessions in 1 batches
2026-02-04 07:11:28 +08:00: \n📊 Total sessions in contract: 10
2026-02-04 07:11:29 +08:00: 🦞 Active nodes: 20 | Shards per cycle: 4
2026-02-04 07:11:31 +08:00: 📋 Active sessions: 7
2026-02-04 07:11:31 +08:00: \n🚀 Processing 7 sessions in 1 batches
2026-02-04 07:12:03 +08:00: \n📊 Total sessions in contract: 10
2026-02-04 07:12:04 +08:00: 🦞 Active nodes: 20 | Shards per cycle: 4
2026-02-04 07:12:06 +08:00: 📋 Active sessions: 7
2026-02-04 07:12:06 +08:00: \n🚀 Processing 7 sessions in 1 batches
2026-02-04 07:27:46 +08:00: \n📊 Total sessions in contract: 10
2026-02-04 07:27:46 +08:00: 🦞 Active nodes: 20 | Shards per cycle: 4
2026-02-04 07:27:48 +08:00: 📋 Active sessions: 7
2026-02-04 07:27:48 +08:00: \n🚀 Processing 7 sessions in 1 batches
2026-02-04 07:28:20 +08:00: \n📊 Total sessions in contract: 10
2026-02-04 07:28:21 +08:00: 🦞 Active nodes: 20 | Shards per cycle: 4
2026-02-04 07:28:23 +08:00: 📋 Active sessions: 7
2026-02-04 07:28:23 +08:00: \n🚀 Processing 7 sessions in 1 batches
2026-02-04 07:43:42 +08:00: \n📊 Total sessions in contract: 10
2026-02-04 07:43:43 +08:00: 🦞 Active nodes: 20 | Shards per cycle: 4
2026-02-04 07:43:45 +08:00: 📋 Active sessions: 7
2026-02-04 07:43:45 +08:00: \n🚀 Processing 7 sessions in 1 batches
2026-02-04 07:44:17 +08:00: \n📊 Total sessions in contract: 10
2026-02-04 07:44:17 +08:00: 🦞 Active nodes: 20 | Shards per cycle: 4
2026-02-04 07:44:20 +08:00: 📋 Active sessions: 7
2026-02-04 07:44:20 +08:00: \n🚀 Processing 7 sessions in 1 batches
2026-02-04 07:59:55 +08:00: \n📊 Total sessions in contract: 10
2026-02-04 07:59:55 +08:00: 🦞 Active nodes: 20 | Shards per cycle: 4
2026-02-04 07:59:58 +08:00: 📋 Active sessions: 7
2026-02-04 07:59:58 +08:00: \n🚀 Processing 7 sessions in 1 batches
2026-02-04 08:00:30 +08:00: \n📊 Total sessions in contract: 10
2026-02-04 08:00:30 +08:00: 🦞 Active nodes: 20 | Shards per cycle: 4
2026-02-04 08:00:32 +08:00: 📋 Active sessions: 7
2026-02-04 08:00:32 +08:00: \n🚀 Processing 7 sessions in 1 batches
2026-02-04 08:16:04 +08:00: \n📊 Total sessions in contract: 10
2026-02-04 08:16:05 +08:00: 🦞 Active nodes: 20 | Shards per cycle: 4
2026-02-04 08:16:07 +08:00: 📋 Active sessions: 7
2026-02-04 08:16:07 +08:00: \n🚀 Processing 7 sessions in 1 batches
2026-02-04 08:16:39 +08:00: \n📊 Total sessions in contract: 10
2026-02-04 08:16:39 +08:00: 🦞 Active nodes: 20 | Shards per cycle: 4
2026-02-04 08:16:42 +08:00: 📋 Active sessions: 7
2026-02-04 08:16:42 +08:00: \n🚀 Processing 7 sessions in 1 batches
2026-02-04 08:32:18 +08:00: \n📊 Total sessions in contract: 10
2026-02-04 08:32:19 +08:00: 🦞 Active nodes: 20 | Shards per cycle: 4
2026-02-04 08:32:21 +08:00: 📋 Active sessions: 7
2026-02-04 08:32:21 +08:00: \n🚀 Processing 7 sessions in 1 batches
2026-02-04 08:32:53 +08:00: \n📊 Total sessions in contract: 10
2026-02-04 08:32:53 +08:00: 🦞 Active nodes: 20 | Shards per cycle: 4
2026-02-04 08:32:56 +08:00: 📋 Active sessions: 7
2026-02-04 08:32:56 +08:00: \n🚀 Processing 7 sessions in 1 batches
2026-02-04 08:39:59 +08:00: \n📊 Total sessions in contract: 10
2026-02-04 08:40:00 +08:00: 🦞 Active nodes: 20 | Shards per cycle: 4
2026-02-04 08:40:02 +08:00: 📋 Active sessions: 7
2026-02-04 08:40:02 +08:00: \n🚀 Processing 7 sessions in 1 batches
2026-02-04 08:40:34 +08:00: \n📊 Total sessions in contract: 10
2026-02-04 08:40:35 +08:00: 🦞 Active nodes: 20 | Shards per cycle: 4
2026-02-04 08:40:37 +08:00: 📋 Active sessions: 7
2026-02-04 08:40:37 +08:00: \n🚀 Processing 7 sessions in 1 batches
2026-02-04 08:56:09 +08:00: \n📊 Total sessions in contract: 10
2026-02-04 08:56:09 +08:00: 🦞 Active nodes: 20 | Shards per cycle: 4
2026-02-04 08:56:11 +08:00: 📋 Active sessions: 7
2026-02-04 08:56:11 +08:00: \n🚀 Processing 7 sessions in 1 batches
2026-02-04 08:56:43 +08:00: \n📊 Total sessions in contract: 10
2026-02-04 08:56:44 +08:00: 🦞 Active nodes: 20 | Shards per cycle: 4
2026-02-04 08:56:46 +08:00: 📋 Active sessions: 7
2026-02-04 08:56:46 +08:00: \n🚀 Processing 7 sessions in 1 batches
2026-02-04 09:12:13 +08:00: \n📊 Total sessions in contract: 10
2026-02-04 09:12:14 +08:00: 🦞 Active nodes: 20 | Shards per cycle: 4
2026-02-04 09:12:16 +08:00: 📋 Active sessions: 7
2026-02-04 09:12:16 +08:00: \n🚀 Processing 7 sessions in 1 batches
2026-02-04 09:12:48 +08:00: \n📊 Total sessions in contract: 10
2026-02-04 09:12:49 +08:00: 🦞 Active nodes: 20 | Shards per cycle: 4
2026-02-04 09:12:51 +08:00: 📋 Active sessions: 7
2026-02-04 09:12:51 +08:00: \n🚀 Processing 7 sessions in 1 batches
2026-02-04 09:28:27 +08:00: \n📊 Total sessions in contract: 10
2026-02-04 09:28:27 +08:00: 🦞 Active nodes: 20 | Shards per cycle: 4
2026-02-04 09:28:29 +08:00: 📋 Active sessions: 7
2026-02-04 09:28:29 +08:00: \n🚀 Processing 7 sessions in 1 batches
2026-02-04 09:29:01 +08:00: \n📊 Total sessions in contract: 10
2026-02-04 09:29:02 +08:00: 🦞 Active nodes: 20 | Shards per cycle: 4
2026-02-04 09:29:04 +08:00: 📋 Active sessions: 7
2026-02-04 09:29:04 +08:00: \n🚀 Processing 7 sessions in 1 batches
2026-02-04 09:40:59 +08:00: \n📊 Total sessions in contract: 10
2026-02-04 09:41:00 +08:00: 🦞 Active nodes: 20 | Shards per cycle: 4
2026-02-04 09:41:02 +08:00: 📋 Active sessions: 7
2026-02-04 09:41:02 +08:00: \n🚀 Processing 7 sessions in 1 batches
2026-02-04 09:41:34 +08:00: \n📊 Total sessions in contract: 10
2026-02-04 09:41:34 +08:00: 🦞 Active nodes: 20 | Shards per cycle: 4
2026-02-04 09:41:37 +08:00: 📋 Active sessions: 7
2026-02-04 09:41:37 +08:00: \n🚀 Processing 7 sessions in 1 batches
2026-02-04 09:57:09 +08:00: \n📊 Total sessions in contract: 10
2026-02-04 09:57:09 +08:00: 🦞 Active nodes: 20 | Shards per cycle: 4
2026-02-04 09:57:11 +08:00: 📋 Active sessions: 7
2026-02-04 09:57:11 +08:00: \n🚀 Processing 7 sessions in 1 batches
2026-02-04 09:57:43 +08:00: \n📊 Total sessions in contract: 10
2026-02-04 09:57:44 +08:00: 🦞 Active nodes: 20 | Shards per cycle: 4
2026-02-04 09:57:46 +08:00: 📋 Active sessions: 7
2026-02-04 09:57:46 +08:00: \n🚀 Processing 7 sessions in 1 batches
2026-02-04 10:13:23 +08:00: \n📊 Total sessions in contract: 10
2026-02-04 10:13:23 +08:00: 🦞 Active nodes: 20 | Shards per cycle: 4
2026-02-04 10:13:26 +08:00: 📋 Active sessions: 7
2026-02-04 10:13:26 +08:00: \n🚀 Processing 7 sessions in 1 batches
2026-02-04 10:13:58 +08:00: \n📊 Total sessions in contract: 10
2026-02-04 10:13:58 +08:00: 🦞 Active nodes: 20 | Shards per cycle: 4
2026-02-04 10:14:00 +08:00: 📋 Active sessions: 7
2026-02-04 10:14:00 +08:00: \n🚀 Processing 7 sessions in 1 batches
2026-02-04 10:29:32 +08:00: \n📊 Total sessions in contract: 10
2026-02-04 10:29:32 +08:00: 🦞 Active nodes: 20 | Shards per cycle: 4
2026-02-04 10:29:35 +08:00: 📋 Active sessions: 7
2026-02-04 10:29:35 +08:00: \n🚀 Processing 7 sessions in 1 batches
2026-02-04 10:30:07 +08:00: \n📊 Total sessions in contract: 10
2026-02-04 10:30:07 +08:00: 🦞 Active nodes: 20 | Shards per cycle: 4
2026-02-04 10:30:10 +08:00: 📋 Active sessions: 7
2026-02-04 10:30:10 +08:00: \n🚀 Processing 7 sessions in 1 batches
2026-02-04 10:41:59 +08:00: \n📊 Total sessions in contract: 10
2026-02-04 10:42:00 +08:00: 🦞 Active nodes: 20 | Shards per cycle: 4
2026-02-04 10:42:02 +08:00: 📋 Active sessions: 7
2026-02-04 10:42:02 +08:00: \n🚀 Processing 7 sessions in 1 batches
2026-02-04 10:42:34 +08:00: \n📊 Total sessions in contract: 10
2026-02-04 10:42:34 +08:00: 🦞 Active nodes: 20 | Shards per cycle: 4
2026-02-04 10:42:37 +08:00: 📋 Active sessions: 7
2026-02-04 10:42:37 +08:00: \n🚀 Processing 7 sessions in 1 batches
2026-02-04 10:58:14 +08:00: \n📊 Total sessions in contract: 10
2026-02-04 10:58:14 +08:00: 🦞 Active nodes: 20 | Shards per cycle: 4
2026-02-04 10:58:16 +08:00: 📋 Active sessions: 7
2026-02-04 10:58:16 +08:00: \n🚀 Processing 7 sessions in 1 batches
2026-02-04 10:58:48 +08:00: \n📊 Total sessions in contract: 10
2026-02-04 10:58:49 +08:00: 🦞 Active nodes: 20 | Shards per cycle: 4
2026-02-04 10:58:51 +08:00: 📋 Active sessions: 7
2026-02-04 10:58:51 +08:00: \n🚀 Processing 7 sessions in 1 batches
2026-02-04 11:14:21 +08:00: \n📊 Total sessions in contract: 10
2026-02-04 11:14:21 +08:00: 🦞 Active nodes: 20 | Shards per cycle: 4
2026-02-04 11:14:24 +08:00: 📋 Active sessions: 7
2026-02-04 11:14:24 +08:00: \n🚀 Processing 7 sessions in 1 batches
2026-02-04 11:14:56 +08:00: \n📊 Total sessions in contract: 10
2026-02-04 11:14:56 +08:00: 🦞 Active nodes: 20 | Shards per cycle: 4
2026-02-04 11:14:58 +08:00: 📋 Active sessions: 7
2026-02-04 11:14:58 +08:00: \n🚀 Processing 7 sessions in 1 batches
2026-02-04 11:30:18 +08:00: \n📊 Total sessions in contract: 10
2026-02-04 11:30:19 +08:00: 🦞 Active nodes: 20 | Shards per cycle: 4
2026-02-04 11:30:21 +08:00: 📋 Active sessions: 7
2026-02-04 11:30:21 +08:00: \n🚀 Processing 7 sessions in 1 batches
2026-02-04 11:30:53 +08:00: \n📊 Total sessions in contract: 10
2026-02-04 11:30:53 +08:00: 🦞 Active nodes: 20 | Shards per cycle: 4
2026-02-04 11:30:56 +08:00: 📋 Active sessions: 7
2026-02-04 11:30:56 +08:00: \n🚀 Processing 7 sessions in 1 batches
2026-02-04 11:42:59 +08:00: \n📊 Total sessions in contract: 10
2026-02-04 11:43:00 +08:00: 🦞 Active nodes: 20 | Shards per cycle: 4
2026-02-04 11:43:02 +08:00: 📋 Active sessions: 7
2026-02-04 11:43:02 +08:00: \n🚀 Processing 7 sessions in 1 batches
2026-02-04 11:43:34 +08:00: \n📊 Total sessions in contract: 10
2026-02-04 11:43:34 +08:00: 🦞 Active nodes: 20 | Shards per cycle: 4
2026-02-04 11:43:36 +08:00: 📋 Active sessions: 7
2026-02-04 11:43:36 +08:00: \n🚀 Processing 7 sessions in 1 batches
2026-02-04 11:59:08 +08:00: \n📊 Total sessions in contract: 10
2026-02-04 11:59:09 +08:00: 🦞 Active nodes: 20 | Shards per cycle: 4
2026-02-04 11:59:11 +08:00: 📋 Active sessions: 7
2026-02-04 11:59:11 +08:00: \n🚀 Processing 7 sessions in 1 batches
2026-02-04 11:59:43 +08:00: \n📊 Total sessions in contract: 10
2026-02-04 11:59:44 +08:00: 🦞 Active nodes: 20 | Shards per cycle: 4
2026-02-04 11:59:46 +08:00: 📋 Active sessions: 7
2026-02-04 11:59:46 +08:00: \n🚀 Processing 7 sessions in 1 batches
2026-02-04 12:15:35 +08:00: \n📊 Total sessions in contract: 10
2026-02-04 12:15:36 +08:00: 🦞 Active nodes: 20 | Shards per cycle: 4
2026-02-04 12:15:38 +08:00: 📋 Active sessions: 7
2026-02-04 12:15:38 +08:00: \n🚀 Processing 7 sessions in 1 batches
2026-02-04 12:31:10 +08:00: \n📊 Total sessions in contract: 10
2026-02-04 12:31:10 +08:00: 🦞 Active nodes: 20 | Shards per cycle: 4
2026-02-04 12:31:12 +08:00: 📋 Active sessions: 7
2026-02-04 12:31:12 +08:00: \n🚀 Processing 7 sessions in 1 batches
2026-02-04 12:43:59 +08:00: \n📊 Total sessions in contract: 10
2026-02-04 12:44:00 +08:00: 🦞 Active nodes: 20 | Shards per cycle: 4
2026-02-04 12:44:02 +08:00: 📋 Active sessions: 7
2026-02-04 12:44:02 +08:00: \n🚀 Processing 7 sessions in 1 batches
2026-02-04 12:44:34 +08:00: \n📊 Total sessions in contract: 10
2026-02-04 12:44:35 +08:00: 🦞 Active nodes: 20 | Shards per cycle: 4
2026-02-04 12:44:37 +08:00: 📋 Active sessions: 7
2026-02-04 12:44:37 +08:00: \n🚀 Processing 7 sessions in 1 batches
2026-02-04 13:00:11 +08:00: \n📊 Total sessions in contract: 10
2026-02-04 13:00:11 +08:00: 🦞 Active nodes: 20 | Shards per cycle: 4
2026-02-04 13:00:14 +08:00: 📋 Active sessions: 7
2026-02-04 13:00:14 +08:00: \n🚀 Processing 7 sessions in 1 batches
2026-02-04 13:00:46 +08:00: \n📊 Total sessions in contract: 10
2026-02-04 13:00:46 +08:00: 🦞 Active nodes: 20 | Shards per cycle: 4
2026-02-04 13:00:48 +08:00: 📋 Active sessions: 7
2026-02-04 13:00:48 +08:00: \n🚀 Processing 7 sessions in 1 batches
2026-02-04 13:16:27 +08:00: \n📊 Total sessions in contract: 10
2026-02-04 13:16:27 +08:00: 🦞 Active nodes: 20 | Shards per cycle: 4
2026-02-04 13:16:29 +08:00: 📋 Active sessions: 7
2026-02-04 13:16:29 +08:00: \n🚀 Processing 7 sessions in 1 batches
2026-02-04 13:17:01 +08:00: \n📊 Total sessions in contract: 10
2026-02-04 13:17:02 +08:00: 🦞 Active nodes: 20 | Shards per cycle: 4
2026-02-04 13:17:04 +08:00: 📋 Active sessions: 7
2026-02-04 13:17:04 +08:00: \n🚀 Processing 7 sessions in 1 batches
2026-02-04 13:32:36 +08:00: \n📊 Total sessions in contract: 10
2026-02-04 13:32:36 +08:00: 🦞 Active nodes: 20 | Shards per cycle: 4
2026-02-04 13:32:39 +08:00: 📋 Active sessions: 7
2026-02-04 13:32:39 +08:00: \n🚀 Processing 7 sessions in 1 batches
2026-02-04 13:33:11 +08:00: \n📊 Total sessions in contract: 10
2026-02-04 13:33:11 +08:00: 🦞 Active nodes: 20 | Shards per cycle: 4
2026-02-04 13:33:13 +08:00: 📋 Active sessions: 7
2026-02-04 13:33:13 +08:00: \n🚀 Processing 7 sessions in 1 batches
2026-02-04 13:34:50 +08:00: \n📊 Total sessions in contract: 10
2026-02-04 13:34:50 +08:00: 🦞 Active nodes: 20 | Shards per cycle: 4
2026-02-04 13:34:53 +08:00: 📋 Active sessions: 7
2026-02-04 13:34:53 +08:00: \n🚀 Processing 7 sessions in 1 batches
2026-02-04 13:35:25 +08:00: \n📊 Total sessions in contract: 10
2026-02-04 13:35:25 +08:00: 🦞 Active nodes: 20 | Shards per cycle: 4
2026-02-04 13:35:27 +08:00: 📋 Active sessions: 7
2026-02-04 13:35:27 +08:00: \n🚀 Processing 7 sessions in 1 batches
2026-02-04 13:35:59 +08:00: \n📊 Total sessions in contract: 10
2026-02-04 13:36:00 +08:00: 🦞 Active nodes: 20 | Shards per cycle: 4
2026-02-04 13:36:02 +08:00: 📋 Active sessions: 7
2026-02-04 13:36:02 +08:00: \n🚀 Processing 7 sessions in 1 batches
2026-02-04 13:36:34 +08:00: \n📊 Total sessions in contract: 10
2026-02-04 13:36:34 +08:00: 🦞 Active nodes: 20 | Shards per cycle: 4
2026-02-04 13:36:36 +08:00: 📋 Active sessions: 7
2026-02-04 13:36:36 +08:00: \n🚀 Processing 7 sessions in 1 batches
2026-02-04 13:37:08 +08:00: \n📊 Total sessions in contract: 10
2026-02-04 13:37:09 +08:00: 🦞 Active nodes: 20 | Shards per cycle: 4
2026-02-04 13:37:11 +08:00: 📋 Active sessions: 7
2026-02-04 13:37:11 +08:00: \n🚀 Processing 7 sessions in 1 batches
2026-02-04 13:37:43 +08:00: \n📊 Total sessions in contract: 10
2026-02-04 13:37:43 +08:00: 🦞 Active nodes: 20 | Shards per cycle: 4
2026-02-04 13:37:45 +08:00: 📋 Active sessions: 7
2026-02-04 13:37:45 +08:00: \n🚀 Processing 7 sessions in 1 batches
2026-02-04 13:38:17 +08:00: \n📊 Total sessions in contract: 10
2026-02-04 13:38:18 +08:00: 🦞 Active nodes: 20 | Shards per cycle: 4
2026-02-04 13:38:20 +08:00: 📋 Active sessions: 7
2026-02-04 13:38:20 +08:00: \n🚀 Processing 7 sessions in 1 batches
2026-02-04 13:38:52 +08:00: \n📊 Total sessions in contract: 10
2026-02-04 13:38:52 +08:00: 🦞 Active nodes: 20 | Shards per cycle: 4
2026-02-04 13:38:55 +08:00: 📋 Active sessions: 7
2026-02-04 13:38:55 +08:00: \n🚀 Processing 7 sessions in 1 batches
2026-02-04 13:39:27 +08:00: \n📊 Total sessions in contract: 10
2026-02-04 13:39:27 +08:00: 🦞 Active nodes: 20 | Shards per cycle: 4
2026-02-04 13:39:29 +08:00: 📋 Active sessions: 7
2026-02-04 13:39:29 +08:00: \n🚀 Processing 7 sessions in 1 batches
2026-02-04 13:40:01 +08:00: \n📊 Total sessions in contract: 10
2026-02-04 13:40:02 +08:00: 🦞 Active nodes: 20 | Shards per cycle: 4
2026-02-04 13:40:04 +08:00: 📋 Active sessions: 7
2026-02-04 13:40:04 +08:00: \n🚀 Processing 7 sessions in 1 batches
2026-02-04 13:40:36 +08:00: \n📊 Total sessions in contract: 10
2026-02-04 13:40:36 +08:00: 🦞 Active nodes: 20 | Shards per cycle: 4
2026-02-04 13:40:39 +08:00: 📋 Active sessions: 7
2026-02-04 13:40:39 +08:00: \n🚀 Processing 7 sessions in 1 batches
2026-02-04 13:41:11 +08:00: \n📊 Total sessions in contract: 10
2026-02-04 13:41:11 +08:00: 🦞 Active nodes: 20 | Shards per cycle: 4
2026-02-04 13:41:13 +08:00: 📋 Active sessions: 7
2026-02-04 13:41:13 +08:00: \n🚀 Processing 7 sessions in 1 batches
2026-02-04 13:42:26 +08:00: \n📊 Total sessions in contract: 10
2026-02-04 13:42:26 +08:00: 🦞 Active nodes: 20 | Shards per cycle: 4
2026-02-04 13:42:29 +08:00: 📋 Active sessions: 7
2026-02-04 13:42:29 +08:00: \n🚀 Processing 7 sessions in 1 batches
2026-02-04 13:43:01 +08:00: \n📊 Total sessions in contract: 10
2026-02-04 13:43:01 +08:00: 🦞 Active nodes: 20 | Shards per cycle: 4
2026-02-04 13:43:03 +08:00: 📋 Active sessions: 7
2026-02-04 13:43:03 +08:00: \n🚀 Processing 7 sessions in 1 batches
2026-02-04 13:43:35 +08:00: \n📊 Total sessions in contract: 10
2026-02-04 13:43:36 +08:00: 🦞 Active nodes: 20 | Shards per cycle: 4
2026-02-04 13:43:38 +08:00: 📋 Active sessions: 7
2026-02-04 13:43:38 +08:00: \n🚀 Processing 7 sessions in 1 batches
2026-02-04 13:44:10 +08:00: \n📊 Total sessions in contract: 10
2026-02-04 13:44:10 +08:00: 🦞 Active nodes: 20 | Shards per cycle: 4
2026-02-04 13:44:12 +08:00: 📋 Active sessions: 7
2026-02-04 13:44:12 +08:00: \n🚀 Processing 7 sessions in 1 batches
2026-02-04 13:44:44 +08:00: \n📊 Total sessions in contract: 10
2026-02-04 13:44:45 +08:00: 🦞 Active nodes: 20 | Shards per cycle: 4
2026-02-04 13:44:47 +08:00: 📋 Active sessions: 7
2026-02-04 13:44:47 +08:00: \n🚀 Processing 7 sessions in 1 batches
2026-02-04 13:45:19 +08:00: \n📊 Total sessions in contract: 11
2026-02-04 13:45:19 +08:00: 🦞 Active nodes: 20 | Shards per cycle: 4
2026-02-04 13:45:22 +08:00: 🔍 Found active session 11: 1.0 POL (10 shards)
2026-02-04 13:45:22 +08:00: 📋 Active sessions: 8
2026-02-04 13:45:22 +08:00: \n🚀 Processing 8 sessions in 1 batches
2026-02-04 13:45:54 +08:00: \n📊 Total sessions in contract: 11
2026-02-04 13:45:55 +08:00: 🦞 Active nodes: 20 | Shards per cycle: 4
2026-02-04 13:45:57 +08:00: 📋 Active sessions: 8
2026-02-04 13:45:57 +08:00: \n🚀 Processing 8 sessions in 1 batches
2026-02-04 13:45:59 +08:00: \n📦 Batch 1770183957516: Pulsing 1 sessions (Mixer→A) [nonce: 1842]
2026-02-04 13:46:00 +08:00: 🔄 Recovering nonce from chain...
2026-02-04 13:46:00 +08:00: ✅ Nonce recovered: 1843
2026-02-04 13:46:30 +08:00: \n📊 Total sessions in contract: 11
2026-02-04 13:46:31 +08:00: 🦞 Active nodes: 20 | Shards per cycle: 4
2026-02-04 13:46:33 +08:00: 📋 Active sessions: 8
2026-02-04 13:46:33 +08:00: \n🚀 Processing 8 sessions in 1 batches
2026-02-04 13:46:35 +08:00: \n📦 Batch 1770183993894: Pulsing 1 sessions (Mixer→A) [nonce: 1843]
2026-02-04 13:46:36 +08:00: 📤 Tx sent: 0xb8cfdcc72b33136a31befe800a19776f171d5a0460575c16b7f28510a0a5c243
2026-02-04 13:46:41 +08:00: ✅ Batch confirmed in block 33274300! Gas: 129423
2026-02-04 13:47:12 +08:00: \n📊 Total sessions in contract: 11
2026-02-04 13:47:12 +08:00: 🦞 Active nodes: 20 | Shards per cycle: 4
2026-02-04 13:47:15 +08:00: 📋 Active sessions: 8
2026-02-04 13:47:15 +08:00: \n🚀 Processing 8 sessions in 1 batches
2026-02-04 13:47:17 +08:00: \n📦 Batch 1770184035016: Pulsing 1 sessions (A→B) [nonce: 1844]
2026-02-04 13:47:17 +08:00: 📤 Tx sent: 0xa4316da1c5298a3fb5c00aa80831b1493e7e80619abfeb6d3168bb9957ff56d8
2026-02-04 13:47:22 +08:00: ✅ Batch confirmed in block 33274320! Gas: 158798
2026-02-04 13:47:53 +08:00: \n📊 Total sessions in contract: 11
2026-02-04 13:47:53 +08:00: 🦞 Active nodes: 20 | Shards per cycle: 4
2026-02-04 13:47:56 +08:00: 📋 Active sessions: 8
2026-02-04 13:47:56 +08:00: \n🚀 Processing 8 sessions in 1 batches
2026-02-04 13:47:57 +08:00: \n📦 Batch 1770184076000: Pulsing 1 sessions (B→C) [nonce: 1845]
2026-02-04 13:47:58 +08:00: 📤 Tx sent: 0x29d1f26e9ca18605202b768e811494776d6554a7be9809e882cf7193b59ccb8d
2026-02-04 13:48:03 +08:00: ✅ Batch confirmed in block 33274341! Gas: 158928
2026-02-04 13:48:34 +08:00: \n📊 Total sessions in contract: 11
2026-02-04 13:48:34 +08:00: 🦞 Active nodes: 20 | Shards per cycle: 4
2026-02-04 13:48:37 +08:00: 📋 Active sessions: 8
2026-02-04 13:48:37 +08:00: \n🚀 Processing 8 sessions in 1 batches
2026-02-04 13:48:39 +08:00: \n📦 Batch 1770184117230: Pulsing 1 sessions (C→D) [nonce: 1846]
2026-02-04 13:48:40 +08:00: 📤 Tx sent: 0x8ddfe28876357c82cc9584a934667ca90845ce278bfa31c53cf859767ac70866
2026-02-04 13:48:45 +08:00: ✅ Batch confirmed in block 33274361! Gas: 159058
2026-02-04 13:49:15 +08:00: \n📊 Total sessions in contract: 11
2026-02-04 13:49:15 +08:00: 🦞 Active nodes: 20 | Shards per cycle: 4
2026-02-04 13:49:18 +08:00: 📋 Active sessions: 8
2026-02-04 13:49:18 +08:00: \n🚀 Processing 8 sessions in 1 batches
2026-02-04 13:49:20 +08:00: \n📦 Batch 1770184158278: Pulsing 1 sessions (D→E) [nonce: 1847]
2026-02-04 13:49:21 +08:00: 📤 Tx sent: 0x878f1ca1ee69f28edcfb438c54c2801ee33e7bcd969ecda332eb368376b5b3e5
2026-02-04 13:49:26 +08:00: ✅ Batch confirmed in block 33274382! Gas: 159188
2026-02-04 13:49:56 +08:00: \n📊 Total sessions in contract: 11
2026-02-04 13:49:56 +08:00: 🦞 Active nodes: 20 | Shards per cycle: 4
2026-02-04 13:49:59 +08:00: 📋 Active sessions: 8
2026-02-04 13:49:59 +08:00: \n🚀 Processing 8 sessions in 1 batches
2026-02-04 13:50:01 +08:00: \n📦 Batch 1770184199284: Pulsing 1 sessions (E→Recipient) [nonce: 1848]
2026-02-04 13:50:02 +08:00: 📤 Tx sent: 0x3f2bca13ebe557c2e54c8a6a9bb336dc4ce700cd5d8f14e3dbfa37b29c7c545b
2026-02-04 13:50:07 +08:00: ✅ Batch confirmed in block 33274402! Gas: 131449
2026-02-04 13:50:37 +08:00: \n📊 Total sessions in contract: 11
2026-02-04 13:50:37 +08:00: 🦞 Active nodes: 20 | Shards per cycle: 4
2026-02-04 13:50:40 +08:00: 📋 Active sessions: 8
2026-02-04 13:50:40 +08:00: \n🚀 Processing 8 sessions in 1 batches
2026-02-04 13:50:42 +08:00: \n📦 Batch 1770184240301: Pulsing 1 sessions (Wave Complete) [nonce: 1849]
2026-02-04 13:50:43 +08:00: 📤 Tx sent: 0x41744cefa93f9945c41d0da32d40ebc91eb51851b5c38e685f88f7e747869232
2026-02-04 13:50:48 +08:00: ✅ Batch confirmed in block 33274423! Gas: 49573
2026-02-04 13:51:18 +08:00: \n📊 Total sessions in contract: 11
2026-02-04 13:51:18 +08:00: 🦞 Active nodes: 20 | Shards per cycle: 4
2026-02-04 13:51:21 +08:00: 📋 Active sessions: 8
2026-02-04 13:51:21 +08:00: \n🚀 Processing 8 sessions in 1 batches
2026-02-04 13:51:23 +08:00: \n📦 Batch 1770184281369: Pulsing 1 sessions (Mixer→A) [nonce: 1850]
2026-02-04 13:51:24 +08:00: 📤 Tx sent: 0xdbd7415aa3b77952a88ea232954ad97ffa6874705a76424fdbd6bc0b23a8eb94
2026-02-04 13:51:29 +08:00: ✅ Batch confirmed in block 33274443! Gas: 129423
2026-02-04 13:51:59 +08:00: \n📊 Total sessions in contract: 11
2026-02-04 13:52:00 +08:00: 🦞 Active nodes: 20 | Shards per cycle: 4
2026-02-04 13:52:02 +08:00: 📋 Active sessions: 8
2026-02-04 13:52:02 +08:00: \n🚀 Processing 8 sessions in 1 batches
2026-02-04 13:52:04 +08:00: \n📦 Batch 1770184322560: Pulsing 1 sessions (A→B) [nonce: 1851]
2026-02-04 13:52:05 +08:00: 📤 Tx sent: 0x0cfbf9b7ba3297b2e41b9132778412e586d6a3cad9514ab67610f2fd5a7002b4
2026-02-04 13:52:10 +08:00: ✅ Batch confirmed in block 33274464! Gas: 158798
2026-02-04 13:52:40 +08:00: \n📊 Total sessions in contract: 11
2026-02-04 13:52:41 +08:00: 🦞 Active nodes: 20 | Shards per cycle: 4
2026-02-04 13:52:43 +08:00: 📋 Active sessions: 8
2026-02-04 13:52:43 +08:00: \n🚀 Processing 8 sessions in 1 batches
2026-02-04 13:52:45 +08:00: \n📦 Batch 1770184363712: Pulsing 1 sessions (B→C) [nonce: 1852]
2026-02-04 13:52:46 +08:00: 📤 Tx sent: 0xfdc2607ed83c99b17bd535e1f7fd3d01eba776264dbca40b5d544ee78935967e
2026-02-04 13:52:51 +08:00: ✅ Batch confirmed in block 33274484! Gas: 158928
2026-02-04 13:53:21 +08:00: \n📊 Total sessions in contract: 11
2026-02-04 13:53:22 +08:00: 🦞 Active nodes: 20 | Shards per cycle: 4
2026-02-04 13:53:24 +08:00: 📋 Active sessions: 8
2026-02-04 13:53:24 +08:00: \n🚀 Processing 8 sessions in 1 batches
2026-02-04 13:53:26 +08:00: \n📦 Batch 1770184404809: Pulsing 1 sessions (C→D) [nonce: 1853]
2026-02-04 13:53:27 +08:00: 📤 Tx sent: 0x66f96a795a4a9eedff3cbcf264b986516d68f2062daaa6bf014ae6bb3b036a65
2026-02-04 13:53:32 +08:00: ✅ Batch confirmed in block 33274505! Gas: 159058
2026-02-04 13:54:03 +08:00: \n📊 Total sessions in contract: 11
2026-02-04 13:54:03 +08:00: 🦞 Active nodes: 20 | Shards per cycle: 4
2026-02-04 13:54:06 +08:00: 📋 Active sessions: 8
2026-02-04 13:54:06 +08:00: \n🚀 Processing 8 sessions in 1 batches
2026-02-04 13:54:08 +08:00: \n📦 Batch 1770184446064: Pulsing 1 sessions (D→E) [nonce: 1854]
2026-02-04 13:54:09 +08:00: 📤 Tx sent: 0xada184d1a2a44b4f87bb05c7088efaa551355f7387b751507240f900a84fc661
2026-02-04 13:54:13 +08:00: ✅ Batch confirmed in block 33274526! Gas: 159188
2026-02-04 13:54:44 +08:00: \n📊 Total sessions in contract: 11
2026-02-04 13:54:44 +08:00: 🦞 Active nodes: 20 | Shards per cycle: 4
2026-02-04 13:54:47 +08:00: 📋 Active sessions: 8
2026-02-04 13:54:47 +08:00: \n🚀 Processing 8 sessions in 1 batches
2026-02-04 13:54:49 +08:00: \n📦 Batch 1770184487144: Pulsing 1 sessions (E→Recipient) [nonce: 1855]
2026-02-04 13:54:50 +08:00: 📤 Tx sent: 0x156ea777252808413d5f39f59f46b26dd54f5f24e90f91c6167a99f464a43e1d
2026-02-04 13:54:54 +08:00: ✅ Batch confirmed in block 33274546! Gas: 131449
2026-02-04 13:55:25 +08:00: \n📊 Total sessions in contract: 11
2026-02-04 13:55:25 +08:00: 🦞 Active nodes: 20 | Shards per cycle: 4
2026-02-04 13:55:28 +08:00: 📋 Active sessions: 8
2026-02-04 13:55:28 +08:00: \n🚀 Processing 8 sessions in 1 batches
2026-02-04 13:55:30 +08:00: \n📦 Batch 1770184528302: Pulsing 1 sessions (Wave Complete) [nonce: 1856]
2026-02-04 13:55:31 +08:00: 📤 Tx sent: 0xafc3b2932325f0047521031e836eb74903a77ffcfae4c9bfd68bc1664f779ccc
2026-02-04 13:55:36 +08:00: ✅ Batch confirmed in block 33274567! Gas: 49573
2026-02-04 13:56:06 +08:00: \n📊 Total sessions in contract: 11
2026-02-04 13:56:06 +08:00: 🦞 Active nodes: 20 | Shards per cycle: 4
2026-02-04 13:56:09 +08:00: 📋 Active sessions: 8
2026-02-04 13:56:09 +08:00: \n🚀 Processing 8 sessions in 1 batches
2026-02-04 13:56:11 +08:00: \n📦 Batch 1770184569342: Pulsing 1 sessions (Mixer→A) [nonce: 1857]
2026-02-04 13:56:12 +08:00: 📤 Tx sent: 0xfe2254ec4c5aa42525970864e9eb1204ed501e50df3cad1425da5ddc2658d655
2026-02-04 13:56:17 +08:00: ✅ Batch confirmed in block 33274587! Gas: 109181
2026-02-04 13:56:47 +08:00: \n📊 Total sessions in contract: 11
2026-02-04 13:56:47 +08:00: 🦞 Active nodes: 20 | Shards per cycle: 4
2026-02-04 13:56:50 +08:00: 📋 Active sessions: 8
2026-02-04 13:56:50 +08:00: \n🚀 Processing 8 sessions in 1 batches
2026-02-04 13:56:52 +08:00: \n📦 Batch 1770184610320: Pulsing 1 sessions (A→B) [nonce: 1858]
2026-02-04 13:56:53 +08:00: 📤 Tx sent: 0xfcc3c698cc0c980bb02d5f6688aaac8bb475f017f3c4b7a09d672024b70c87b8
2026-02-04 13:56:58 +08:00: ✅ Batch confirmed in block 33274608! Gas: 126282
2026-02-04 13:57:28 +08:00: \n📊 Total sessions in contract: 11
2026-02-04 13:57:28 +08:00: 🦞 Active nodes: 20 | Shards per cycle: 4
2026-02-04 13:57:31 +08:00: 📋 Active sessions: 8
2026-02-04 13:57:31 +08:00: \n🚀 Processing 8 sessions in 1 batches
2026-02-04 13:57:33 +08:00: \n📦 Batch 1770184651319: Pulsing 1 sessions (B→C) [nonce: 1859]
2026-02-04 13:57:34 +08:00: 📤 Tx sent: 0x6af034fcede67378058344481581f1ca866198fb3c6731a8fd9801aeca6efb8e
2026-02-04 13:57:39 +08:00: ✅ Batch confirmed in block 33274628! Gas: 126412
2026-02-04 13:58:09 +08:00: \n📊 Total sessions in contract: 11
2026-02-04 13:58:09 +08:00: 🦞 Active nodes: 20 | Shards per cycle: 4
2026-02-04 13:58:12 +08:00: 📋 Active sessions: 8
2026-02-04 13:58:12 +08:00: \n🚀 Processing 8 sessions in 1 batches
2026-02-04 13:58:14 +08:00: \n📦 Batch 1770184692286: Pulsing 1 sessions (C→D) [nonce: 1860]
2026-02-04 13:58:15 +08:00: 📤 Tx sent: 0x55e2c2722675ee4e96bc1d265c5965855bf725084a188303e059645e4e25ccbe
2026-02-04 13:58:20 +08:00: ✅ Batch confirmed in block 33274649! Gas: 126542
2026-02-04 14:01:09 +08:00: \n🚀 Processing 8 sessions in 1 batches
2026-02-04 14:01:33 +08:00: \n📦 Batch 1770184869663: Pulsing 1 sessions (D→E) [nonce: 1861]
2026-02-04 14:01:34 +08:00: 📤 Tx sent: 0xe8307de183ba9b679b26a7b5618e5ac9e10b1104be105d9c67b0d1c900a9e814
2026-02-04 14:01:39 +08:00: ✅ Batch confirmed in block 33274749! Gas: 126672
2026-02-04 14:02:09 +08:00: \n📊 Total sessions in contract: 11
2026-02-04 14:02:10 +08:00: 🦞 Active nodes: 20 | Shards per cycle: 4
2026-02-04 14:02:12 +08:00: 📋 Active sessions: 8
2026-02-04 14:02:12 +08:00: \n🚀 Processing 8 sessions in 1 batches
2026-02-04 14:02:14 +08:00: \n📦 Batch 1770184932882: Pulsing 1 sessions (E→Recipient) [nonce: 1862]
2026-02-04 14:02:15 +08:00: 📤 Tx sent: 0xd9cd7e0a32ceb67899ce6bc6d38be32db42e793f8c8b2ed5a95fffe8498bfdc1
2026-02-04 14:02:20 +08:00: ✅ Batch confirmed in block 33274769! Gas: 104219
2026-02-04 14:02:51 +08:00: \n📊 Total sessions in contract: 11
2026-02-04 14:02:51 +08:00: 🦞 Active nodes: 20 | Shards per cycle: 4
2026-02-04 14:02:53 +08:00: 📋 Active sessions: 8
2026-02-04 14:02:53 +08:00: \n🚀 Processing 8 sessions in 1 batches
2026-02-04 14:02:55 +08:00: \n📦 Batch 1770184973935: Pulsing 1 sessions (Wave Complete) [nonce: 1863]
2026-02-04 14:02:56 +08:00: 📤 Tx sent: 0xe11f950c481035fd2d6b7b87290478947df7f2d6efc18666f791665f5f6a7f59
2026-02-04 14:03:01 +08:00: ✅ Batch confirmed in block 33274790! Gas: 128643
2026-02-04 14:03:32 +08:00: \n📊 Total sessions in contract: 11
2026-02-04 14:03:32 +08:00: 🦞 Active nodes: 20 | Shards per cycle: 4
2026-02-04 14:03:34 +08:00: 📋 Active sessions: 8
2026-02-04 14:03:34 +08:00: \n🚀 Processing 8 sessions in 1 batches
2026-02-04 14:04:07 +08:00: \n📊 Total sessions in contract: 11
2026-02-04 14:04:07 +08:00: 🦞 Active nodes: 20 | Shards per cycle: 4
2026-02-04 14:04:09 +08:00: 📋 Active sessions: 8
2026-02-04 14:04:09 +08:00: \n🚀 Processing 8 sessions in 1 batches
2026-02-04 14:04:42 +08:00: \n📊 Total sessions in contract: 11
2026-02-04 14:04:42 +08:00: 🦞 Active nodes: 20 | Shards per cycle: 4
2026-02-04 14:04:44 +08:00: 📋 Active sessions: 8
2026-02-04 14:04:44 +08:00: \n🚀 Processing 8 sessions in 1 batches
2026-02-04 14:05:17 +08:00: \n📊 Total sessions in contract: 11
2026-02-04 14:05:17 +08:00: 🦞 Active nodes: 20 | Shards per cycle: 4
2026-02-04 14:05:20 +08:00: 📋 Active sessions: 8
2026-02-04 14:05:20 +08:00: \n🚀 Processing 8 sessions in 1 batches
2026-02-04 14:05:52 +08:00: \n📊 Total sessions in contract: 11
2026-02-04 14:05:52 +08:00: 🦞 Active nodes: 20 | Shards per cycle: 4
2026-02-04 14:05:55 +08:00: 📋 Active sessions: 8
2026-02-04 14:05:55 +08:00: \n🚀 Processing 8 sessions in 1 batches
2026-02-04 14:06:27 +08:00: \n📊 Total sessions in contract: 11
2026-02-04 14:06:27 +08:00: 🦞 Active nodes: 20 | Shards per cycle: 4
2026-02-04 14:06:30 +08:00: 📋 Active sessions: 8
2026-02-04 14:06:30 +08:00: \n🚀 Processing 8 sessions in 1 batches
2026-02-04 14:07:02 +08:00: \n📊 Total sessions in contract: 11
2026-02-04 14:07:02 +08:00: 🦞 Active nodes: 20 | Shards per cycle: 4
2026-02-04 14:07:05 +08:00: 📋 Active sessions: 8
2026-02-04 14:07:05 +08:00: \n🚀 Processing 8 sessions in 1 batches
2026-02-04 14:07:37 +08:00: \n📊 Total sessions in contract: 11
2026-02-04 14:07:37 +08:00: 🦞 Active nodes: 20 | Shards per cycle: 4
2026-02-04 14:07:40 +08:00: 📋 Active sessions: 8
2026-02-04 14:07:40 +08:00: \n🚀 Processing 8 sessions in 1 batches
2026-02-04 14:08:12 +08:00: \n📊 Total sessions in contract: 11
2026-02-04 14:08:12 +08:00: 🦞 Active nodes: 20 | Shards per cycle: 4
2026-02-04 14:08:15 +08:00: 📋 Active sessions: 8
2026-02-04 14:08:15 +08:00: \n🚀 Processing 8 sessions in 1 batches
2026-02-04 14:08:47 +08:00: \n📊 Total sessions in contract: 11
2026-02-04 14:08:47 +08:00: 🦞 Active nodes: 20 | Shards per cycle: 4
2026-02-04 14:08:50 +08:00: 📋 Active sessions: 8
2026-02-04 14:08:50 +08:00: \n🚀 Processing 8 sessions in 1 batches
2026-02-04 14:09:22 +08:00: \n📊 Total sessions in contract: 11
2026-02-04 14:09:22 +08:00: 🦞 Active nodes: 20 | Shards per cycle: 4
2026-02-04 14:09:25 +08:00: 📋 Active sessions: 8
2026-02-04 14:09:25 +08:00: \n🚀 Processing 8 sessions in 1 batches
2026-02-04 14:09:57 +08:00: \n📊 Total sessions in contract: 11
2026-02-04 14:09:57 +08:00: 🦞 Active nodes: 20 | Shards per cycle: 4
2026-02-04 14:10:00 +08:00: 📋 Active sessions: 8
2026-02-04 14:10:00 +08:00: \n🚀 Processing 8 sessions in 1 batches
2026-02-04 14:10:32 +08:00: \n📊 Total sessions in contract: 11
2026-02-04 14:10:32 +08:00: 🦞 Active nodes: 20 | Shards per cycle: 4
2026-02-04 14:10:35 +08:00: 📋 Active sessions: 8
2026-02-04 14:10:35 +08:00: \n🚀 Processing 8 sessions in 1 batches
2026-02-04 14:11:07 +08:00: \n📊 Total sessions in contract: 11
2026-02-04 14:11:07 +08:00: 🦞 Active nodes: 20 | Shards per cycle: 4
2026-02-04 14:11:10 +08:00: 📋 Active sessions: 8
2026-02-04 14:11:10 +08:00: \n🚀 Processing 8 sessions in 1 batches
2026-02-04 14:11:42 +08:00: \n📊 Total sessions in contract: 11
2026-02-04 14:11:43 +08:00: 🦞 Active nodes: 20 | Shards per cycle: 4
2026-02-04 14:11:45 +08:00: 📋 Active sessions: 8
2026-02-04 14:11:45 +08:00: \n🚀 Processing 8 sessions in 1 batches
2026-02-04 14:12:17 +08:00: \n📊 Total sessions in contract: 11
2026-02-04 14:12:18 +08:00: 🦞 Active nodes: 20 | Shards per cycle: 4
2026-02-04 14:12:20 +08:00: 📋 Active sessions: 8
2026-02-04 14:12:20 +08:00: \n🚀 Processing 8 sessions in 1 batches
2026-02-04 14:12:52 +08:00: \n📊 Total sessions in contract: 11
2026-02-04 14:12:53 +08:00: 🦞 Active nodes: 20 | Shards per cycle: 4
2026-02-04 14:12:55 +08:00: 📋 Active sessions: 8
2026-02-04 14:12:55 +08:00: \n🚀 Processing 8 sessions in 1 batches
2026-02-04 14:13:28 +08:00: \n📊 Total sessions in contract: 11
2026-02-04 14:13:28 +08:00: 🦞 Active nodes: 20 | Shards per cycle: 4
2026-02-04 14:13:31 +08:00: 📋 Active sessions: 8
2026-02-04 14:13:31 +08:00: \n🚀 Processing 8 sessions in 1 batches
2026-02-04 14:14:03 +08:00: \n📊 Total sessions in contract: 11
2026-02-04 14:14:03 +08:00: 🦞 Active nodes: 20 | Shards per cycle: 4
2026-02-04 14:14:06 +08:00: 📋 Active sessions: 8
2026-02-04 14:14:06 +08:00: \n🚀 Processing 8 sessions in 1 batches
2026-02-04 14:14:38 +08:00: \n📊 Total sessions in contract: 11
2026-02-04 14:14:38 +08:00: 🦞 Active nodes: 20 | Shards per cycle: 4
2026-02-04 14:14:41 +08:00: 📋 Active sessions: 8
2026-02-04 14:14:41 +08:00: \n🚀 Processing 8 sessions in 1 batches
2026-02-04 14:18:50 +08:00: \n🚀 Processing 8 sessions in 1 batches
2026-02-04 14:19:21 +08:00: \n📊 Total sessions in contract: 11
2026-02-04 14:19:21 +08:00: 🦞 Active nodes: 20 | Shards per cycle: 4
2026-02-04 14:19:24 +08:00: 📋 Active sessions: 8
2026-02-04 14:19:24 +08:00: \n🚀 Processing 8 sessions in 1 batches
2026-02-04 14:19:56 +08:00: \n📊 Total sessions in contract: 11
2026-02-04 14:19:56 +08:00: 🦞 Active nodes: 20 | Shards per cycle: 4
2026-02-04 14:19:59 +08:00: 📋 Active sessions: 8
2026-02-04 14:19:59 +08:00: \n🚀 Processing 8 sessions in 1 batches
2026-02-04 14:20:31 +08:00: \n📊 Total sessions in contract: 11
2026-02-04 14:20:31 +08:00: 🦞 Active nodes: 20 | Shards per cycle: 4
2026-02-04 14:20:34 +08:00: 📋 Active sessions: 8
2026-02-04 14:20:34 +08:00: \n🚀 Processing 8 sessions in 1 batches
2026-02-04 14:21:06 +08:00: \n📊 Total sessions in contract: 11
2026-02-04 14:21:06 +08:00: 🦞 Active nodes: 20 | Shards per cycle: 4
2026-02-04 14:21:09 +08:00: 📋 Active sessions: 8
2026-02-04 14:21:09 +08:00: \n🚀 Processing 8 sessions in 1 batches
2026-02-04 14:21:41 +08:00: \n📊 Total sessions in contract: 11
2026-02-04 14:21:41 +08:00: 🦞 Active nodes: 20 | Shards per cycle: 4
2026-02-04 14:21:44 +08:00: 📋 Active sessions: 8
2026-02-04 14:21:44 +08:00: \n🚀 Processing 8 sessions in 1 batches
2026-02-04 14:22:16 +08:00: \n📊 Total sessions in contract: 11
2026-02-04 14:22:16 +08:00: 🦞 Active nodes: 20 | Shards per cycle: 4
2026-02-04 14:22:19 +08:00: 📋 Active sessions: 8
2026-02-04 14:22:19 +08:00: \n🚀 Processing 8 sessions in 1 batches
2026-02-04 14:22:51 +08:00: \n📊 Total sessions in contract: 11
2026-02-04 14:22:51 +08:00: 🦞 Active nodes: 20 | Shards per cycle: 4
2026-02-04 14:22:54 +08:00: 📋 Active sessions: 8
2026-02-04 14:22:54 +08:00: \n🚀 Processing 8 sessions in 1 batches
2026-02-04 14:23:26 +08:00: \n📊 Total sessions in contract: 11
2026-02-04 14:23:26 +08:00: 🦞 Active nodes: 20 | Shards per cycle: 4
2026-02-04 14:23:29 +08:00: 📋 Active sessions: 8
2026-02-04 14:23:29 +08:00: \n🚀 Processing 8 sessions in 1 batches
2026-02-04 14:24:01 +08:00: \n📊 Total sessions in contract: 11
2026-02-04 14:24:01 +08:00: 🦞 Active nodes: 20 | Shards per cycle: 4
2026-02-04 14:24:04 +08:00: 📋 Active sessions: 8
2026-02-04 14:24:04 +08:00: \n🚀 Processing 8 sessions in 1 batches
2026-02-04 14:24:36 +08:00: \n📊 Total sessions in contract: 11
2026-02-04 14:24:37 +08:00: 🦞 Active nodes: 20 | Shards per cycle: 4
2026-02-04 14:24:39 +08:00: 📋 Active sessions: 8
2026-02-04 14:24:39 +08:00: \n🚀 Processing 8 sessions in 1 batches
2026-02-04 14:25:11 +08:00: \n📊 Total sessions in contract: 11
2026-02-04 14:25:12 +08:00: 🦞 Active nodes: 20 | Shards per cycle: 4
2026-02-04 14:25:14 +08:00: 📋 Active sessions: 8
2026-02-04 14:25:14 +08:00: \n🚀 Processing 8 sessions in 1 batches
2026-02-04 14:25:46 +08:00: \n📊 Total sessions in contract: 11
2026-02-04 14:25:47 +08:00: 🦞 Active nodes: 20 | Shards per cycle: 4
2026-02-04 14:25:49 +08:00: 📋 Active sessions: 8
2026-02-04 14:25:49 +08:00: \n🚀 Processing 8 sessions in 1 batches
2026-02-04 14:26:21 +08:00: \n📊 Total sessions in contract: 11
2026-02-04 14:26:22 +08:00: 🦞 Active nodes: 20 | Shards per cycle: 4
2026-02-04 14:34:35 +08:00: \n🚀 Processing 8 sessions in 1 batches
2026-02-04 14:35:08 +08:00: \n📊 Total sessions in contract: 11
2026-02-04 14:35:08 +08:00: 🦞 Active nodes: 20 | Shards per cycle: 4
2026-02-04 14:35:11 +08:00: 📋 Active sessions: 8
2026-02-04 14:35:11 +08:00: \n🚀 Processing 8 sessions in 1 batches
2026-02-04 14:35:43 +08:00: \n📊 Total sessions in contract: 11
2026-02-04 14:35:43 +08:00: 🦞 Active nodes: 20 | Shards per cycle: 4
2026-02-04 14:35:46 +08:00: 📋 Active sessions: 8
2026-02-04 14:35:46 +08:00: \n🚀 Processing 8 sessions in 1 batches
2026-02-04 14:36:18 +08:00: \n📊 Total sessions in contract: 11
2026-02-04 14:36:19 +08:00: 🦞 Active nodes: 20 | Shards per cycle: 4
2026-02-04 14:36:21 +08:00: 📋 Active sessions: 8
2026-02-04 14:36:21 +08:00: \n🚀 Processing 8 sessions in 1 batches
2026-02-04 14:36:53 +08:00: \n📊 Total sessions in contract: 11
2026-02-04 14:36:54 +08:00: 🦞 Active nodes: 20 | Shards per cycle: 4
2026-02-04 14:36:56 +08:00: 📋 Active sessions: 8
2026-02-04 14:36:56 +08:00: \n🚀 Processing 8 sessions in 1 batches
2026-02-04 14:37:28 +08:00: \n📊 Total sessions in contract: 11
2026-02-04 14:37:29 +08:00: 🦞 Active nodes: 20 | Shards per cycle: 4
2026-02-04 14:37:31 +08:00: 📋 Active sessions: 8
2026-02-04 14:37:31 +08:00: \n🚀 Processing 8 sessions in 1 batches
2026-02-04 14:38:03 +08:00: \n📊 Total sessions in contract: 11
2026-02-04 14:38:04 +08:00: 🦞 Active nodes: 20 | Shards per cycle: 4
2026-02-04 14:38:06 +08:00: 📋 Active sessions: 8
2026-02-04 14:38:06 +08:00: \n🚀 Processing 8 sessions in 1 batches
2026-02-04 14:38:38 +08:00: \n📊 Total sessions in contract: 11
2026-02-04 14:38:39 +08:00: 🦞 Active nodes: 20 | Shards per cycle: 4
2026-02-04 14:38:41 +08:00: 📋 Active sessions: 8
2026-02-04 14:38:41 +08:00: \n🚀 Processing 8 sessions in 1 batches
2026-02-04 14:39:13 +08:00: \n📊 Total sessions in contract: 11
2026-02-04 14:39:14 +08:00: 🦞 Active nodes: 20 | Shards per cycle: 4
2026-02-04 14:39:16 +08:00: 📋 Active sessions: 8
2026-02-04 14:39:16 +08:00: \n🚀 Processing 8 sessions in 1 batches
2026-02-04 14:39:48 +08:00: \n📊 Total sessions in contract: 11
2026-02-04 14:39:49 +08:00: 🦞 Active nodes: 20 | Shards per cycle: 4
2026-02-04 14:39:51 +08:00: 📋 Active sessions: 8
2026-02-04 14:39:51 +08:00: \n🚀 Processing 8 sessions in 1 batches
2026-02-04 14:40:23 +08:00: \n📊 Total sessions in contract: 11
2026-02-04 14:40:24 +08:00: 🦞 Active nodes: 20 | Shards per cycle: 4
2026-02-04 14:40:27 +08:00: 📋 Active sessions: 8
2026-02-04 14:40:27 +08:00: \n🚀 Processing 8 sessions in 1 batches
2026-02-04 14:40:59 +08:00: \n📊 Total sessions in contract: 11
2026-02-04 14:41:00 +08:00: 🦞 Active nodes: 20 | Shards per cycle: 4
2026-02-04 14:41:02 +08:00: 📋 Active sessions: 8
2026-02-04 14:41:02 +08:00: \n🚀 Processing 8 sessions in 1 batches
2026-02-04 14:41:34 +08:00: \n📊 Total sessions in contract: 11
2026-02-04 14:41:35 +08:00: 🦞 Active nodes: 20 | Shards per cycle: 4
2026-02-04 14:41:37 +08:00: 📋 Active sessions: 8
2026-02-04 14:41:37 +08:00: \n🚀 Processing 8 sessions in 1 batches
2026-02-04 14:42:09 +08:00: \n📊 Total sessions in contract: 11
2026-02-04 14:42:10 +08:00: 🦞 Active nodes: 20 | Shards per cycle: 4
2026-02-04 14:42:12 +08:00: 📋 Active sessions: 8
2026-02-04 14:42:12 +08:00: \n🚀 Processing 8 sessions in 1 batches
2026-02-04 14:42:45 +08:00: \n📊 Total sessions in contract: 11
2026-02-04 14:42:45 +08:00: 🦞 Active nodes: 20 | Shards per cycle: 4
2026-02-04 14:42:48 +08:00: 📋 Active sessions: 8
2026-02-04 14:42:48 +08:00: \n🚀 Processing 8 sessions in 1 batches
2026-02-04 14:43:20 +08:00: \n📊 Total sessions in contract: 11
2026-02-04 14:43:20 +08:00: 🦞 Active nodes: 20 | Shards per cycle: 4
2026-02-04 14:43:23 +08:00: 📋 Active sessions: 8
2026-02-04 14:43:23 +08:00: \n🚀 Processing 8 sessions in 1 batches
2026-02-04 14:43:55 +08:00: \n📊 Total sessions in contract: 11
2026-02-04 14:43:55 +08:00: 🦞 Active nodes: 20 | Shards per cycle: 4
2026-02-04 14:43:58 +08:00: 📋 Active sessions: 8
2026-02-04 14:43:58 +08:00: \n🚀 Processing 8 sessions in 1 batches
2026-02-04 14:44:30 +08:00: \n📊 Total sessions in contract: 11
2026-02-04 14:44:30 +08:00: 🦞 Active nodes: 20 | Shards per cycle: 4
2026-02-04 14:44:33 +08:00: 📋 Active sessions: 8
2026-02-04 14:44:33 +08:00: \n🚀 Processing 8 sessions in 1 batches
2026-02-04 14:45:05 +08:00: \n📊 Total sessions in contract: 11
2026-02-04 14:45:05 +08:00: 🦞 Active nodes: 20 | Shards per cycle: 4
2026-02-04 14:45:08 +08:00: 📋 Active sessions: 8
2026-02-04 14:45:08 +08:00: \n🚀 Processing 8 sessions in 1 batches
2026-02-04 14:45:40 +08:00: \n📊 Total sessions in contract: 11
2026-02-04 14:45:41 +08:00: 🦞 Active nodes: 20 | Shards per cycle: 4
2026-02-04 14:45:43 +08:00: 📋 Active sessions: 8
2026-02-04 14:45:43 +08:00: \n🚀 Processing 8 sessions in 1 batches
2026-02-04 14:46:15 +08:00: \n📊 Total sessions in contract: 11
2026-02-04 14:46:16 +08:00: 🦞 Active nodes: 20 | Shards per cycle: 4
2026-02-04 14:46:18 +08:00: 📋 Active sessions: 8
2026-02-04 14:46:18 +08:00: \n🚀 Processing 8 sessions in 1 batches
2026-02-04 14:46:50 +08:00: \n📊 Total sessions in contract: 11
2026-02-04 14:46:51 +08:00: 🦞 Active nodes: 20 | Shards per cycle: 4
2026-02-04 14:46:53 +08:00: 📋 Active sessions: 8
2026-02-04 14:46:53 +08:00: \n🚀 Processing 8 sessions in 1 batches
2026-02-04 14:47:25 +08:00: \n📊 Total sessions in contract: 11
2026-02-04 14:47:26 +08:00: 🦞 Active nodes: 20 | Shards per cycle: 4
2026-02-04 14:47:28 +08:00: 📋 Active sessions: 8
2026-02-04 14:47:28 +08:00: \n🚀 Processing 8 sessions in 1 batches
2026-02-04 14:48:01 +08:00: \n📊 Total sessions in contract: 11
2026-02-04 14:48:01 +08:00: 🦞 Active nodes: 20 | Shards per cycle: 4
2026-02-04 14:48:03 +08:00: 📋 Active sessions: 8
2026-02-04 14:48:03 +08:00: \n🚀 Processing 8 sessions in 1 batches
2026-02-04 14:48:36 +08:00: \n📊 Total sessions in contract: 11
2026-02-04 14:48:36 +08:00: 🦞 Active nodes: 20 | Shards per cycle: 4
2026-02-04 14:48:38 +08:00: 📋 Active sessions: 8
2026-02-04 14:48:38 +08:00: \n🚀 Processing 8 sessions in 1 batches
2026-02-04 14:49:11 +08:00: \n📊 Total sessions in contract: 11
2026-02-04 14:49:11 +08:00: 🦞 Active nodes: 20 | Shards per cycle: 4
2026-02-04 14:49:14 +08:00: 📋 Active sessions: 8
2026-02-04 14:49:14 +08:00: \n🚀 Processing 8 sessions in 1 batches
2026-02-04 14:49:46 +08:00: \n📊 Total sessions in contract: 11
2026-02-04 14:49:46 +08:00: 🦞 Active nodes: 20 | Shards per cycle: 4
2026-02-04 14:49:48 +08:00: 📋 Active sessions: 8
2026-02-04 14:49:48 +08:00: \n🚀 Processing 8 sessions in 1 batches
2026-02-04 14:50:21 +08:00: \n📊 Total sessions in contract: 11
2026-02-04 14:50:21 +08:00: 🦞 Active nodes: 20 | Shards per cycle: 4
2026-02-04 14:50:24 +08:00: 📋 Active sessions: 8
2026-02-04 14:50:24 +08:00: \n🚀 Processing 8 sessions in 1 batches
2026-02-04 14:50:56 +08:00: \n📊 Total sessions in contract: 11
2026-02-04 14:50:56 +08:00: 🦞 Active nodes: 20 | Shards per cycle: 4
2026-02-04 14:50:59 +08:00: 📋 Active sessions: 8
2026-02-04 14:50:59 +08:00: \n🚀 Processing 8 sessions in 1 batches
2026-02-04 14:51:31 +08:00: \n📊 Total sessions in contract: 11
2026-02-04 14:51:31 +08:00: 🦞 Active nodes: 20 | Shards per cycle: 4
2026-02-04 14:51:34 +08:00: 📋 Active sessions: 8
2026-02-04 14:51:34 +08:00: \n🚀 Processing 8 sessions in 1 batches
2026-02-04 14:52:06 +08:00: \n📊 Total sessions in contract: 11
2026-02-04 14:52:06 +08:00: 🦞 Active nodes: 20 | Shards per cycle: 4
2026-02-04 14:52:09 +08:00: 📋 Active sessions: 8
2026-02-04 14:52:09 +08:00: \n🚀 Processing 8 sessions in 1 batches
2026-02-04 14:52:41 +08:00: \n📊 Total sessions in contract: 11
2026-02-04 14:52:41 +08:00: 🦞 Active nodes: 20 | Shards per cycle: 4
2026-02-04 14:52:44 +08:00: 📋 Active sessions: 8
2026-02-04 14:52:44 +08:00: \n🚀 Processing 8 sessions in 1 batches
2026-02-04 14:53:16 +08:00: \n📊 Total sessions in contract: 11
2026-02-04 14:53:16 +08:00: 🦞 Active nodes: 20 | Shards per cycle: 4
2026-02-04 14:53:19 +08:00: 📋 Active sessions: 8
2026-02-04 14:53:19 +08:00: \n🚀 Processing 8 sessions in 1 batches
2026-02-04 14:53:51 +08:00: \n📊 Total sessions in contract: 11
2026-02-04 14:53:51 +08:00: 🦞 Active nodes: 20 | Shards per cycle: 4
2026-02-04 14:53:54 +08:00: 📋 Active sessions: 8
2026-02-04 14:53:54 +08:00: \n🚀 Processing 8 sessions in 1 batches
2026-02-04 14:54:26 +08:00: \n📊 Total sessions in contract: 11
2026-02-04 14:54:26 +08:00: 🦞 Active nodes: 20 | Shards per cycle: 4
2026-02-04 14:54:29 +08:00: 📋 Active sessions: 8
2026-02-04 14:54:29 +08:00: \n🚀 Processing 8 sessions in 1 batches
2026-02-04 14:55:01 +08:00: \n📊 Total sessions in contract: 11
2026-02-04 14:55:01 +08:00: 🦞 Active nodes: 20 | Shards per cycle: 4
2026-02-04 14:55:04 +08:00: 📋 Active sessions: 8
2026-02-04 14:55:04 +08:00: \n🚀 Processing 8 sessions in 1 batches
2026-02-04 14:55:36 +08:00: \n📊 Total sessions in contract: 11
2026-02-04 14:55:36 +08:00: 🦞 Active nodes: 20 | Shards per cycle: 4
2026-02-04 14:55:39 +08:00: 📋 Active sessions: 8
2026-02-04 14:55:39 +08:00: \n🚀 Processing 8 sessions in 1 batches
2026-02-04 14:56:11 +08:00: \n📊 Total sessions in contract: 11
2026-02-04 14:56:11 +08:00: 🦞 Active nodes: 20 | Shards per cycle: 4
2026-02-04 14:56:14 +08:00: 📋 Active sessions: 8
2026-02-04 14:56:14 +08:00: \n🚀 Processing 8 sessions in 1 batches
2026-02-04 14:56:46 +08:00: \n📊 Total sessions in contract: 11
2026-02-04 14:56:46 +08:00: 🦞 Active nodes: 20 | Shards per cycle: 4
2026-02-04 14:56:49 +08:00: 📋 Active sessions: 8
2026-02-04 14:56:49 +08:00: \n🚀 Processing 8 sessions in 1 batches
2026-02-04 14:57:21 +08:00: \n📊 Total sessions in contract: 11
2026-02-04 14:57:21 +08:00: 🦞 Active nodes: 20 | Shards per cycle: 4
2026-02-04 14:57:24 +08:00: 📋 Active sessions: 8
2026-02-04 14:57:24 +08:00: \n🚀 Processing 8 sessions in 1 batches
2026-02-04 14:57:56 +08:00: \n📊 Total sessions in contract: 11
2026-02-04 14:57:56 +08:00: 🦞 Active nodes: 20 | Shards per cycle: 4
2026-02-04 14:57:59 +08:00: 📋 Active sessions: 8
2026-02-04 14:57:59 +08:00: \n🚀 Processing 8 sessions in 1 batches
2026-02-04 14:58:31 +08:00: \n📊 Total sessions in contract: 11
2026-02-04 14:58:31 +08:00: 🦞 Active nodes: 20 | Shards per cycle: 4
2026-02-04 14:58:34 +08:00: 📋 Active sessions: 8
2026-02-04 14:58:34 +08:00: \n🚀 Processing 8 sessions in 1 batches
2026-02-04 14:59:06 +08:00: \n📊 Total sessions in contract: 11
2026-02-04 14:59:07 +08:00: 🦞 Active nodes: 20 | Shards per cycle: 4
2026-02-04 14:59:09 +08:00: 📋 Active sessions: 8
2026-02-04 14:59:09 +08:00: \n🚀 Processing 8 sessions in 1 batches
2026-02-04 14:59:41 +08:00: \n📊 Total sessions in contract: 11
2026-02-04 14:59:42 +08:00: 🦞 Active nodes: 20 | Shards per cycle: 4
2026-02-04 14:59:44 +08:00: 📋 Active sessions: 8
2026-02-04 14:59:44 +08:00: \n🚀 Processing 8 sessions in 1 batches
2026-02-04 15:00:17 +08:00: \n📊 Total sessions in contract: 11
2026-02-04 15:00:17 +08:00: 🦞 Active nodes: 20 | Shards per cycle: 4
2026-02-04 15:00:19 +08:00: 📋 Active sessions: 8
2026-02-04 15:00:19 +08:00: \n🚀 Processing 8 sessions in 1 batches
2026-02-04 15:00:52 +08:00: \n📊 Total sessions in contract: 11
2026-02-04 15:00:52 +08:00: 🦞 Active nodes: 20 | Shards per cycle: 4
2026-02-04 15:00:54 +08:00: 📋 Active sessions: 8
2026-02-04 15:00:54 +08:00: \n🚀 Processing 8 sessions in 1 batches
2026-02-04 15:01:27 +08:00: \n📊 Total sessions in contract: 11
2026-02-04 15:01:27 +08:00: 🦞 Active nodes: 20 | Shards per cycle: 4
2026-02-04 15:01:30 +08:00: 📋 Active sessions: 8
2026-02-04 15:01:30 +08:00: \n🚀 Processing 8 sessions in 1 batches
2026-02-04 15:02:02 +08:00: \n📊 Total sessions in contract: 11
2026-02-04 15:02:02 +08:00: 🦞 Active nodes: 20 | Shards per cycle: 4
2026-02-04 15:02:05 +08:00: 📋 Active sessions: 8
2026-02-04 15:02:05 +08:00: \n🚀 Processing 8 sessions in 1 batches
2026-02-04 15:08:44 +08:00: \n📊 Total sessions in contract: 11
2026-02-04 15:08:44 +08:00: 🦞 Active nodes: 20 | Shards per cycle: 4
2026-02-04 15:08:47 +08:00: 📋 Active sessions: 8
2026-02-04 15:08:47 +08:00: \n🚀 Processing 8 sessions in 1 batches
2026-02-04 15:09:19 +08:00: \n📊 Total sessions in contract: 11
2026-02-04 15:09:19 +08:00: 🦞 Active nodes: 20 | Shards per cycle: 4
2026-02-04 15:09:22 +08:00: 📋 Active sessions: 8
2026-02-04 15:09:22 +08:00: \n🚀 Processing 8 sessions in 1 batches
2026-02-04 15:09:54 +08:00: \n📊 Total sessions in contract: 11
2026-02-04 15:09:55 +08:00: 🦞 Active nodes: 20 | Shards per cycle: 4
2026-02-04 15:09:57 +08:00: 📋 Active sessions: 8
2026-02-04 15:09:57 +08:00: \n🚀 Processing 8 sessions in 1 batches
2026-02-04 15:10:29 +08:00: \n📊 Total sessions in contract: 11
2026-02-04 15:10:30 +08:00: 🦞 Active nodes: 20 | Shards per cycle: 4
2026-02-04 15:10:32 +08:00: 📋 Active sessions: 8
2026-02-04 15:10:32 +08:00: \n🚀 Processing 8 sessions in 1 batches
2026-02-04 15:11:04 +08:00: \n📊 Total sessions in contract: 11
2026-02-04 15:11:05 +08:00: 🦞 Active nodes: 20 | Shards per cycle: 4
2026-02-04 15:11:07 +08:00: 📋 Active sessions: 8
2026-02-04 15:11:07 +08:00: \n🚀 Processing 8 sessions in 1 batches
2026-02-04 15:11:39 +08:00: \n📊 Total sessions in contract: 11
2026-02-04 15:11:40 +08:00: 🦞 Active nodes: 20 | Shards per cycle: 4
2026-02-04 15:11:42 +08:00: 📋 Active sessions: 8
2026-02-04 15:11:42 +08:00: \n🚀 Processing 8 sessions in 1 batches
2026-02-04 15:12:14 +08:00: \n📊 Total sessions in contract: 11
2026-02-04 15:12:15 +08:00: 🦞 Active nodes: 20 | Shards per cycle: 4
2026-02-04 15:12:17 +08:00: 📋 Active sessions: 8
2026-02-04 15:12:17 +08:00: \n🚀 Processing 8 sessions in 1 batches
2026-02-04 15:12:49 +08:00: \n📊 Total sessions in contract: 11
2026-02-04 15:12:50 +08:00: 🦞 Active nodes: 20 | Shards per cycle: 4
2026-02-04 15:12:52 +08:00: 📋 Active sessions: 8
2026-02-04 15:12:52 +08:00: \n🚀 Processing 8 sessions in 1 batches
2026-02-04 15:13:25 +08:00: \n📊 Total sessions in contract: 11
2026-02-04 15:13:25 +08:00: 🦞 Active nodes: 20 | Shards per cycle: 4
2026-02-04 15:13:27 +08:00: 📋 Active sessions: 8
2026-02-04 15:13:27 +08:00: \n🚀 Processing 8 sessions in 1 batches
2026-02-04 15:14:00 +08:00: \n📊 Total sessions in contract: 11
2026-02-04 15:14:00 +08:00: 🦞 Active nodes: 20 | Shards per cycle: 4
2026-02-04 15:14:03 +08:00: 📋 Active sessions: 8
2026-02-04 15:14:03 +08:00: \n🚀 Processing 8 sessions in 1 batches
2026-02-04 15:14:39 +08:00: \n🚀 Processing 8 sessions in 1 batches
2026-02-04 15:15:15 +08:00: \n📊 Total sessions in contract: 11
2026-02-04 15:15:16 +08:00: 🦞 Active nodes: 20 | Shards per cycle: 4
2026-02-04 15:15:18 +08:00: 📋 Active sessions: 8
2026-02-04 15:15:18 +08:00: \n🚀 Processing 8 sessions in 1 batches
2026-02-04 15:15:51 +08:00: \n📊 Total sessions in contract: 11
2026-02-04 15:15:51 +08:00: 🦞 Active nodes: 20 | Shards per cycle: 4
2026-02-04 15:15:53 +08:00: 📋 Active sessions: 8
2026-02-04 15:15:53 +08:00: \n🚀 Processing 8 sessions in 1 batches
2026-02-04 15:16:26 +08:00: \n📊 Total sessions in contract: 11
2026-02-04 15:16:26 +08:00: 🦞 Active nodes: 20 | Shards per cycle: 4
2026-02-04 15:16:29 +08:00: 📋 Active sessions: 8
2026-02-04 15:16:29 +08:00: \n🚀 Processing 8 sessions in 1 batches
2026-02-04 15:17:20 +08:00: \n📊 Total sessions in contract: 12
2026-02-04 15:17:21 +08:00: 🦞 Active nodes: 20 | Shards per cycle: 4
2026-02-04 15:17:24 +08:00: 🔍 Found active session 12: 1.0 POL (10 shards)
2026-02-04 15:17:24 +08:00: 📋 Active sessions: 9
2026-02-04 15:17:24 +08:00: \n🚀 Processing 9 sessions in 1 batches
2026-02-04 15:17:26 +08:00: \n📦 Batch 1770189444017: Pulsing 1 sessions (Mixer→A) [nonce: 1864]
2026-02-04 15:17:27 +08:00: 🔄 Recovering nonce from chain...
2026-02-04 15:17:27 +08:00: ✅ Nonce recovered: 1865
2026-02-04 15:17:57 +08:00: \n📊 Total sessions in contract: 12
2026-02-04 15:17:58 +08:00: 🦞 Active nodes: 20 | Shards per cycle: 4
2026-02-04 15:18:00 +08:00: 📋 Active sessions: 9
2026-02-04 15:18:00 +08:00: \n🚀 Processing 9 sessions in 1 batches
2026-02-04 15:18:03 +08:00: \n📦 Batch 1770189480869: Pulsing 1 sessions (Mixer→A) [nonce: 1865]
2026-02-04 15:18:04 +08:00: 📤 Tx sent: 0x92c3f9e985743919b6f9fcc730e777efc9ceca240467e5238b4829691649858d
2026-02-04 15:18:08 +08:00: ✅ Batch confirmed in block 33277043! Gas: 129423
2026-02-04 15:18:39 +08:00: \n📊 Total sessions in contract: 12
2026-02-04 15:18:39 +08:00: 🦞 Active nodes: 20 | Shards per cycle: 4
2026-02-04 15:18:43 +08:00: 📋 Active sessions: 9
2026-02-04 15:18:43 +08:00: \n🚀 Processing 9 sessions in 1 batches
2026-02-04 15:18:45 +08:00: \n📦 Batch 1770189523278: Pulsing 1 sessions (A→B) [nonce: 1866]
2026-02-04 15:18:46 +08:00: 📤 Tx sent: 0xaa0ad8f7994855437599a7453c31036f7b37536908574235f1255c0c68d2a66f
2026-02-04 15:18:51 +08:00: ✅ Batch confirmed in block 33277064! Gas: 158798
2026-02-04 15:34:06 +08:00: \n📊 Total sessions in contract: 12
2026-02-04 15:34:07 +08:00: 🦞 Active nodes: 20 | Shards per cycle: 4
2026-02-04 15:34:10 +08:00: 📋 Active sessions: 9
2026-02-04 15:34:10 +08:00: \n🚀 Processing 9 sessions in 1 batches
2026-02-04 15:34:12 +08:00: \n📦 Batch 1770190450091: Pulsing 1 sessions (B→C) [nonce: 1867]
2026-02-04 15:34:13 +08:00: 📤 Tx sent: 0xea2897211b8122ae561c1938572b3d997ec491e7db296a51e2fc63a8ea72b246
2026-02-04 15:34:18 +08:00: ✅ Batch confirmed in block 33277528! Gas: 158928
2026-02-04 15:34:48 +08:00: \n📊 Total sessions in contract: 12
2026-02-04 15:34:49 +08:00: 🦞 Active nodes: 20 | Shards per cycle: 4
2026-02-04 15:34:51 +08:00: 📋 Active sessions: 9
2026-02-04 15:34:51 +08:00: \n🚀 Processing 9 sessions in 1 batches
2026-02-04 15:34:54 +08:00: \n📦 Batch 1770190491801: Pulsing 1 sessions (C→D) [nonce: 1868]
2026-02-04 15:34:54 +08:00: 📤 Tx sent: 0x900e74385283631adcdcd5c60684fba6f293da74dc1aaa970918e04aea4281a7
2026-02-04 15:34:59 +08:00: ✅ Batch confirmed in block 33277548! Gas: 159058
2026-02-04 15:35:30 +08:00: \n📊 Total sessions in contract: 12
2026-02-04 15:35:30 +08:00: 🦞 Active nodes: 20 | Shards per cycle: 4
2026-02-04 15:35:33 +08:00: 📋 Active sessions: 9
2026-02-04 15:35:33 +08:00: \n🚀 Processing 9 sessions in 1 batches
2026-02-04 15:35:35 +08:00: \n📦 Batch 1770190533305: Pulsing 1 sessions (D→E) [nonce: 1869]
2026-02-04 15:35:36 +08:00: 📤 Tx sent: 0x82f7ebfb5d4e4c5c6339221a692695042f19f93216e6a3c75f8251f3f18b91a8
2026-02-04 15:35:41 +08:00: ✅ Batch confirmed in block 33277569! Gas: 159188
2026-02-04 15:36:11 +08:00: \n📊 Total sessions in contract: 12
2026-02-04 15:36:12 +08:00: 🦞 Active nodes: 20 | Shards per cycle: 4
2026-02-04 15:36:14 +08:00: 📋 Active sessions: 9
2026-02-04 15:36:14 +08:00: \n🚀 Processing 9 sessions in 1 batches
2026-02-04 15:36:16 +08:00: \n📦 Batch 1770190574768: Pulsing 1 sessions (E→Recipient) [nonce: 1870]
2026-02-04 15:36:17 +08:00: 📤 Tx sent: 0x5cc75aa9f2875b3227939786fc8083604f843c8b52623941e6d35df4bd710cc6
2026-02-04 15:36:22 +08:00: ✅ Batch confirmed in block 33277590! Gas: 131449
2026-02-04 15:36:53 +08:00: \n📊 Total sessions in contract: 12
2026-02-04 15:36:53 +08:00: 🦞 Active nodes: 20 | Shards per cycle: 4
2026-02-04 15:36:56 +08:00: 📋 Active sessions: 9
2026-02-04 15:36:56 +08:00: \n🚀 Processing 9 sessions in 1 batches
2026-02-04 15:36:58 +08:00: \n📦 Batch 1770190616197: Pulsing 1 sessions (Wave Complete) [nonce: 1871]
2026-02-04 15:36:59 +08:00: 📤 Tx sent: 0x35d8b22ac20cde9448c5acf3f4bf0cffda05be0baa0fab93a9333ca5717c2cae
2026-02-04 15:37:04 +08:00: ✅ Batch confirmed in block 33277611! Gas: 49573
2026-02-04 15:37:34 +08:00: \n📊 Total sessions in contract: 12
2026-02-04 15:37:34 +08:00: 🦞 Active nodes: 20 | Shards per cycle: 4
2026-02-04 15:37:37 +08:00: 📋 Active sessions: 9
2026-02-04 15:37:37 +08:00: \n🚀 Processing 9 sessions in 1 batches
2026-02-04 15:37:39 +08:00: \n📦 Batch 1770190657609: Pulsing 1 sessions (Mixer→A) [nonce: 1872]
2026-02-04 15:37:40 +08:00: 📤 Tx sent: 0x05111c9b1d4d701cbe4b044d3455c95a0126dfb110a9c9189fb8721dfaf7059c
2026-02-04 15:37:45 +08:00: ✅ Batch confirmed in block 33277631! Gas: 129423
2026-02-04 15:38:15 +08:00: \n📊 Total sessions in contract: 12
2026-02-04 15:38:16 +08:00: 🦞 Active nodes: 20 | Shards per cycle: 4
2026-02-04 15:38:19 +08:00: 📋 Active sessions: 9
2026-02-04 15:38:19 +08:00: \n🚀 Processing 9 sessions in 1 batches
2026-02-04 15:38:21 +08:00: \n📦 Batch 1770190699096: Pulsing 1 sessions (A→B) [nonce: 1873]
2026-02-04 15:38:22 +08:00: 📤 Tx sent: 0xa1424391ca3c13080f2a1f12415bc30841b58146b8bcd90688af8240799e3d49
2026-02-04 15:38:27 +08:00: ✅ Batch confirmed in block 33277652! Gas: 158798
2026-02-04 15:38:57 +08:00: \n📊 Total sessions in contract: 12
2026-02-04 15:38:57 +08:00: 🦞 Active nodes: 20 | Shards per cycle: 4
2026-02-04 15:39:00 +08:00: 📋 Active sessions: 9
2026-02-04 15:39:00 +08:00: \n🚀 Processing 9 sessions in 1 batches
2026-02-04 15:39:02 +08:00: \n📦 Batch 1770190740557: Pulsing 1 sessions (B→C) [nonce: 1874]
2026-02-04 15:39:03 +08:00: 📤 Tx sent: 0x30434fb17c684e5492f2b12eac60d7cc8c081560afe402b9b24f91bdbc4a1695
2026-02-04 15:39:08 +08:00: ✅ Batch confirmed in block 33277673! Gas: 158928
2026-02-04 15:39:38 +08:00: \n📊 Total sessions in contract: 12
2026-02-04 15:39:39 +08:00: 🦞 Active nodes: 20 | Shards per cycle: 4
2026-02-04 15:39:42 +08:00: 📋 Active sessions: 9
2026-02-04 15:39:42 +08:00: \n🚀 Processing 9 sessions in 1 batches
2026-02-04 15:39:44 +08:00: \n📦 Batch 1770190782156: Pulsing 1 sessions (C→D) [nonce: 1875]
2026-02-04 15:39:45 +08:00: 📤 Tx sent: 0xdd450649afad66a966a3a96e8371e688c534562630fcaa895cbfdabb2a76aa63
2026-02-04 15:39:50 +08:00: ✅ Batch confirmed in block 33277694! Gas: 159058
2026-02-04 15:40:20 +08:00: \n📊 Total sessions in contract: 12
2026-02-04 15:40:21 +08:00: 🦞 Active nodes: 20 | Shards per cycle: 4
2026-02-04 15:40:23 +08:00: 📋 Active sessions: 9
2026-02-04 15:40:23 +08:00: \n🚀 Processing 9 sessions in 1 batches
2026-02-04 15:40:26 +08:00: \n📦 Batch 1770190823743: Pulsing 1 sessions (D→E) [nonce: 1876]
2026-02-04 15:40:26 +08:00: 📤 Tx sent: 0x8346c1f9756ec1cc187ba4fe942b1e29d6165ca06a88ef14027007834227e4b5
2026-02-04 15:40:31 +08:00: ✅ Batch confirmed in block 33277714! Gas: 159188
2026-02-04 15:41:02 +08:00: \n📊 Total sessions in contract: 12
2026-02-04 15:41:02 +08:00: 🦞 Active nodes: 20 | Shards per cycle: 4
2026-02-04 15:41:05 +08:00: 📋 Active sessions: 9
2026-02-04 15:41:05 +08:00: \n🚀 Processing 9 sessions in 1 batches
2026-02-04 15:41:07 +08:00: \n📦 Batch 1770190865228: Pulsing 1 sessions (E→Recipient) [nonce: 1877]
2026-02-04 15:41:08 +08:00: 📤 Tx sent: 0x77af2b64b421051a56b677e0bf11ae2e24c9c57c54877613fb2521154cb6cec6
2026-02-04 15:41:13 +08:00: ✅ Batch confirmed in block 33277735! Gas: 131449
2026-02-04 15:41:43 +08:00: \n📊 Total sessions in contract: 12
2026-02-04 15:41:44 +08:00: 🦞 Active nodes: 20 | Shards per cycle: 4
2026-02-04 15:41:46 +08:00: 📋 Active sessions: 9
2026-02-04 15:41:46 +08:00: \n🚀 Processing 9 sessions in 1 batches
2026-02-04 15:41:49 +08:00: \n📦 Batch 1770190906789: Pulsing 1 sessions (Wave Complete) [nonce: 1878]
2026-02-04 15:41:50 +08:00: 📤 Tx sent: 0x9d82e20378a21ab6adbacb46c08b53c48273797d34783c6d344f56a2ad2b2aff
2026-02-04 15:41:54 +08:00: ✅ Batch confirmed in block 33277756! Gas: 49573
2026-02-04 15:42:25 +08:00: \n📊 Total sessions in contract: 12
2026-02-04 15:42:25 +08:00: 🦞 Active nodes: 20 | Shards per cycle: 4
2026-02-04 15:42:28 +08:00: 📋 Active sessions: 9
2026-02-04 15:42:28 +08:00: \n🚀 Processing 9 sessions in 1 batches
2026-02-04 15:42:30 +08:00: \n📦 Batch 1770190948421: Pulsing 1 sessions (Mixer→A) [nonce: 1879]
2026-02-04 15:42:31 +08:00: 📤 Tx sent: 0x68f21531051f299cc8ea439ae9624e15b236c223ecf449cf0247f48e9252b405
2026-02-04 15:42:36 +08:00: ✅ Batch confirmed in block 33277777! Gas: 109181
2026-02-04 15:43:06 +08:00: \n📊 Total sessions in contract: 12
2026-02-04 15:43:07 +08:00: 🦞 Active nodes: 20 | Shards per cycle: 4
2026-02-04 15:43:09 +08:00: 📋 Active sessions: 9
2026-02-04 15:43:09 +08:00: \n🚀 Processing 9 sessions in 1 batches
2026-02-04 15:43:12 +08:00: \n📦 Batch 1770190989940: Pulsing 1 sessions (A→B) [nonce: 1880]
2026-02-04 15:43:13 +08:00: 📤 Tx sent: 0x4c414d6c6889be72c39001301c2dd19ad65eb74478ac840820b236ecd5b2d5b5
2026-02-04 15:43:18 +08:00: ✅ Batch confirmed in block 33277798! Gas: 126282
2026-02-04 15:43:48 +08:00: \n📊 Total sessions in contract: 12
2026-02-04 15:43:48 +08:00: 🦞 Active nodes: 20 | Shards per cycle: 4
2026-02-04 15:43:51 +08:00: 📋 Active sessions: 9
2026-02-04 15:43:51 +08:00: \n🚀 Processing 9 sessions in 1 batches
2026-02-04 15:43:53 +08:00: \n📦 Batch 1770191031510: Pulsing 1 sessions (B→C) [nonce: 1881]
2026-02-04 15:43:54 +08:00: 📤 Tx sent: 0x8fd9719a279892435a5bdf536fecda24e9b14be47d773bb195b6b72cff4eba25
2026-02-04 15:43:59 +08:00: ✅ Batch confirmed in block 33277818! Gas: 126412
2026-02-04 15:44:30 +08:00: \n📊 Total sessions in contract: 12
2026-02-04 15:44:30 +08:00: 🦞 Active nodes: 20 | Shards per cycle: 4
2026-02-04 15:44:33 +08:00: 📋 Active sessions: 9
2026-02-04 15:44:33 +08:00: \n🚀 Processing 9 sessions in 1 batches
2026-02-04 15:44:35 +08:00: \n📦 Batch 1770191073253: Pulsing 1 sessions (C→D) [nonce: 1882]
2026-02-04 15:44:36 +08:00: 📤 Tx sent: 0x6db6726d9f92a30d63c7b34578e0ff7ffd08c6cc56c66c4cdaccd30c544e27d3
2026-02-04 15:44:41 +08:00: ✅ Batch confirmed in block 33277839! Gas: 126542
2026-02-04 15:45:11 +08:00: \n📊 Total sessions in contract: 12
2026-02-04 15:45:12 +08:00: 🦞 Active nodes: 20 | Shards per cycle: 4
2026-02-04 15:45:14 +08:00: 📋 Active sessions: 9
2026-02-04 15:45:14 +08:00: \n🚀 Processing 9 sessions in 1 batches
2026-02-04 15:45:17 +08:00: \n📦 Batch 1770191114859: Pulsing 1 sessions (D→E) [nonce: 1883]
2026-02-04 15:45:18 +08:00: 📤 Tx sent: 0x3fb42cfccf65c51972dd42a1f473759ae05372a8cbf0d21af20603fc2f6d40b1
2026-02-04 15:45:22 +08:00: ✅ Batch confirmed in block 33277860! Gas: 126672
2026-02-04 15:45:53 +08:00: \n📊 Total sessions in contract: 12
2026-02-04 15:45:53 +08:00: 🦞 Active nodes: 20 | Shards per cycle: 4
2026-02-04 15:45:56 +08:00: 📋 Active sessions: 9
2026-02-04 15:45:56 +08:00: \n🚀 Processing 9 sessions in 1 batches
2026-02-04 15:45:58 +08:00: \n📦 Batch 1770191156354: Pulsing 1 sessions (E→Recipient) [nonce: 1884]
2026-02-04 15:45:59 +08:00: 📤 Tx sent: 0x39d9862035f32832b93768e44f0984534cb28e35e0626ada2de39dcc4be8c501
2026-02-04 15:46:04 +08:00: ✅ Batch confirmed in block 33277881! Gas: 104219
2026-02-04 15:46:34 +08:00: \n📊 Total sessions in contract: 12
2026-02-04 15:46:35 +08:00: 🦞 Active nodes: 20 | Shards per cycle: 4
2026-02-04 15:46:37 +08:00: 📋 Active sessions: 9
2026-02-04 15:46:37 +08:00: \n🚀 Processing 9 sessions in 1 batches
2026-02-04 15:46:40 +08:00: \n📦 Batch 1770191197858: Pulsing 1 sessions (Wave Complete) [nonce: 1885]
2026-02-04 15:46:41 +08:00: 📤 Tx sent: 0x5ed591f7ff939c0db999115fa22aa14202aa480a3c0cdd4da9b057e4cccbd0a5
2026-02-04 15:46:45 +08:00: ✅ Batch confirmed in block 33277901! Gas: 128643
2026-02-04 15:47:16 +08:00: \n📊 Total sessions in contract: 12
2026-02-04 15:47:16 +08:00: 🦞 Active nodes: 20 | Shards per cycle: 4
2026-02-04 15:47:19 +08:00: 📋 Active sessions: 9
2026-02-04 15:47:19 +08:00: \n🚀 Processing 9 sessions in 1 batches
2026-02-04 15:47:51 +08:00: \n📊 Total sessions in contract: 12
2026-02-04 15:47:52 +08:00: 🦞 Active nodes: 20 | Shards per cycle: 4
2026-02-04 15:47:54 +08:00: 📋 Active sessions: 9
2026-02-04 15:47:54 +08:00: \n🚀 Processing 9 sessions in 1 batches
2026-02-04 15:48:27 +08:00: \n📊 Total sessions in contract: 12
2026-02-04 15:48:27 +08:00: 🦞 Active nodes: 20 | Shards per cycle: 4
2026-02-04 15:48:30 +08:00: 📋 Active sessions: 9
2026-02-04 15:48:30 +08:00: \n🚀 Processing 9 sessions in 1 batches
2026-02-04 15:49:02 +08:00: \n📊 Total sessions in contract: 12
2026-02-04 15:49:03 +08:00: 🦞 Active nodes: 20 | Shards per cycle: 4
2026-02-04 15:49:06 +08:00: 📋 Active sessions: 9
2026-02-04 15:49:06 +08:00: \n🚀 Processing 9 sessions in 1 batches
2026-02-04 15:49:38 +08:00: \n📊 Total sessions in contract: 12
2026-02-04 15:49:39 +08:00: 🦞 Active nodes: 20 | Shards per cycle: 4
2026-02-04 15:49:41 +08:00: 📋 Active sessions: 9
2026-02-04 15:49:41 +08:00: \n🚀 Processing 9 sessions in 1 batches
2026-02-04 15:50:14 +08:00: \n📊 Total sessions in contract: 12
2026-02-04 15:50:14 +08:00: 🦞 Active nodes: 20 | Shards per cycle: 4
2026-02-04 15:50:17 +08:00: 📋 Active sessions: 9
2026-02-04 15:50:17 +08:00: \n🚀 Processing 9 sessions in 1 batches
2026-02-04 15:50:49 +08:00: \n📊 Total sessions in contract: 12
2026-02-04 15:50:50 +08:00: 🦞 Active nodes: 20 | Shards per cycle: 4
2026-02-04 15:50:52 +08:00: 📋 Active sessions: 9
2026-02-04 15:50:52 +08:00: \n🚀 Processing 9 sessions in 1 batches
2026-02-04 15:51:25 +08:00: \n📊 Total sessions in contract: 12
2026-02-04 15:51:25 +08:00: 🦞 Active nodes: 20 | Shards per cycle: 4
2026-02-04 15:51:28 +08:00: 📋 Active sessions: 9
2026-02-04 15:51:28 +08:00: \n🚀 Processing 9 sessions in 1 batches
2026-02-04 15:52:00 +08:00: \n📊 Total sessions in contract: 12
2026-02-04 15:52:01 +08:00: 🦞 Active nodes: 20 | Shards per cycle: 4
2026-02-04 15:52:03 +08:00: 📋 Active sessions: 9
2026-02-04 15:52:03 +08:00: \n🚀 Processing 9 sessions in 1 batches
2026-02-04 15:52:36 +08:00: \n📊 Total sessions in contract: 12
2026-02-04 15:52:36 +08:00: 🦞 Active nodes: 20 | Shards per cycle: 4
2026-02-04 15:52:39 +08:00: 📋 Active sessions: 9
2026-02-04 15:52:39 +08:00: \n🚀 Processing 9 sessions in 1 batches
2026-02-04 15:53:11 +08:00: \n📊 Total sessions in contract: 12
2026-02-04 15:53:12 +08:00: 🦞 Active nodes: 20 | Shards per cycle: 4
2026-02-04 15:53:15 +08:00: 📋 Active sessions: 9
2026-02-04 15:53:15 +08:00: \n🚀 Processing 9 sessions in 1 batches
2026-02-04 15:53:47 +08:00: \n📊 Total sessions in contract: 12
2026-02-04 15:53:47 +08:00: 🦞 Active nodes: 20 | Shards per cycle: 4
2026-02-04 15:53:50 +08:00: 📋 Active sessions: 9
2026-02-04 15:53:50 +08:00: \n🚀 Processing 9 sessions in 1 batches
2026-02-04 15:54:22 +08:00: \n📊 Total sessions in contract: 12
2026-02-04 15:54:23 +08:00: 🦞 Active nodes: 20 | Shards per cycle: 4
2026-02-04 15:54:26 +08:00: 📋 Active sessions: 9
2026-02-04 15:54:26 +08:00: \n🚀 Processing 9 sessions in 1 batches
2026-02-04 15:54:58 +08:00: \n📊 Total sessions in contract: 12
2026-02-04 15:54:58 +08:00: 🦞 Active nodes: 20 | Shards per cycle: 4
2026-02-04 15:55:01 +08:00: 📋 Active sessions: 9
2026-02-04 15:55:01 +08:00: \n🚀 Processing 9 sessions in 1 batches
2026-02-04 15:55:33 +08:00: \n📊 Total sessions in contract: 12
2026-02-04 15:55:34 +08:00: 🦞 Active nodes: 20 | Shards per cycle: 4
2026-02-04 15:55:37 +08:00: 📋 Active sessions: 9
2026-02-04 15:55:37 +08:00: \n🚀 Processing 9 sessions in 1 batches
2026-02-04 15:56:09 +08:00: \n📊 Total sessions in contract: 12
2026-02-04 15:56:09 +08:00: 🦞 Active nodes: 20 | Shards per cycle: 4
2026-02-04 15:56:12 +08:00: 📋 Active sessions: 9
2026-02-04 15:56:12 +08:00: \n🚀 Processing 9 sessions in 1 batches
2026-02-04 15:56:45 +08:00: \n📊 Total sessions in contract: 12
2026-02-04 15:56:45 +08:00: 🦞 Active nodes: 20 | Shards per cycle: 4
2026-02-04 15:56:48 +08:00: 📋 Active sessions: 9
2026-02-04 15:56:48 +08:00: \n🚀 Processing 9 sessions in 1 batches
2026-02-04 15:57:20 +08:00: \n📊 Total sessions in contract: 12
2026-02-04 15:57:21 +08:00: 🦞 Active nodes: 20 | Shards per cycle: 4
2026-02-04 15:57:23 +08:00: 📋 Active sessions: 9
2026-02-04 15:57:23 +08:00: \n🚀 Processing 9 sessions in 1 batches
2026-02-04 15:57:56 +08:00: \n📊 Total sessions in contract: 12
2026-02-04 15:57:56 +08:00: 🦞 Active nodes: 20 | Shards per cycle: 4
2026-02-04 15:57:59 +08:00: 📋 Active sessions: 9
2026-02-04 15:57:59 +08:00: \n🚀 Processing 9 sessions in 1 batches
2026-02-04 15:58:31 +08:00: \n📊 Total sessions in contract: 12
2026-02-04 15:58:32 +08:00: 🦞 Active nodes: 20 | Shards per cycle: 4
2026-02-04 15:58:34 +08:00: 📋 Active sessions: 9
2026-02-04 15:58:34 +08:00: \n🚀 Processing 9 sessions in 1 batches
2026-02-04 15:59:07 +08:00: \n📊 Total sessions in contract: 12
2026-02-04 15:59:07 +08:00: 🦞 Active nodes: 20 | Shards per cycle: 4
2026-02-04 15:59:10 +08:00: 📋 Active sessions: 9
2026-02-04 15:59:10 +08:00: \n🚀 Processing 9 sessions in 1 batches
2026-02-04 15:59:42 +08:00: \n📊 Total sessions in contract: 12
2026-02-04 15:59:43 +08:00: 🦞 Active nodes: 20 | Shards per cycle: 4
2026-02-04 15:59:45 +08:00: 📋 Active sessions: 9
2026-02-04 15:59:45 +08:00: \n🚀 Processing 9 sessions in 1 batches
2026-02-04 16:00:18 +08:00: \n📊 Total sessions in contract: 12
2026-02-04 16:00:18 +08:00: 🦞 Active nodes: 20 | Shards per cycle: 4
2026-02-04 16:00:21 +08:00: 📋 Active sessions: 9
2026-02-04 16:00:21 +08:00: \n🚀 Processing 9 sessions in 1 batches
2026-02-04 16:00:53 +08:00: \n📊 Total sessions in contract: 12
2026-02-04 16:00:54 +08:00: 🦞 Active nodes: 20 | Shards per cycle: 4
2026-02-04 16:00:56 +08:00: 📋 Active sessions: 9
2026-02-04 16:00:56 +08:00: \n🚀 Processing 9 sessions in 1 batches
2026-02-04 16:01:29 +08:00: \n📊 Total sessions in contract: 12
2026-02-04 16:01:29 +08:00: 🦞 Active nodes: 20 | Shards per cycle: 4
2026-02-04 16:01:32 +08:00: 📋 Active sessions: 9
2026-02-04 16:01:32 +08:00: \n🚀 Processing 9 sessions in 1 batches
2026-02-04 16:02:04 +08:00: \n📊 Total sessions in contract: 12
2026-02-04 16:02:05 +08:00: 🦞 Active nodes: 20 | Shards per cycle: 4
2026-02-04 16:02:07 +08:00: 📋 Active sessions: 9
2026-02-04 16:02:07 +08:00: \n🚀 Processing 9 sessions in 1 batches
2026-02-04 16:02:40 +08:00: \n📊 Total sessions in contract: 12
2026-02-04 16:02:40 +08:00: 🦞 Active nodes: 20 | Shards per cycle: 4
2026-02-04 16:02:43 +08:00: 📋 Active sessions: 9
2026-02-04 16:02:43 +08:00: \n🚀 Processing 9 sessions in 1 batches
2026-02-04 16:03:15 +08:00: \n📊 Total sessions in contract: 12
2026-02-04 16:03:16 +08:00: 🦞 Active nodes: 20 | Shards per cycle: 4
2026-02-04 16:03:18 +08:00: 📋 Active sessions: 9
2026-02-04 16:03:18 +08:00: \n🚀 Processing 9 sessions in 1 batches
2026-02-04 16:03:51 +08:00: \n📊 Total sessions in contract: 12
2026-02-04 16:03:51 +08:00: 🦞 Active nodes: 20 | Shards per cycle: 4
2026-02-04 16:03:54 +08:00: 📋 Active sessions: 9
2026-02-04 16:03:54 +08:00: \n🚀 Processing 9 sessions in 1 batches
2026-02-04 16:04:26 +08:00: \n📊 Total sessions in contract: 12
2026-02-04 16:04:27 +08:00: 🦞 Active nodes: 20 | Shards per cycle: 4
2026-02-04 16:04:29 +08:00: 📋 Active sessions: 9
2026-02-04 16:04:29 +08:00: \n🚀 Processing 9 sessions in 1 batches
2026-02-04 16:05:02 +08:00: \n📊 Total sessions in contract: 12
2026-02-04 16:05:03 +08:00: 🦞 Active nodes: 20 | Shards per cycle: 4
2026-02-04 16:05:05 +08:00: 📋 Active sessions: 9
2026-02-04 16:05:05 +08:00: \n🚀 Processing 9 sessions in 1 batches
2026-02-04 16:05:38 +08:00: \n📊 Total sessions in contract: 12
2026-02-04 16:05:38 +08:00: 🦞 Active nodes: 20 | Shards per cycle: 4
2026-02-04 16:05:41 +08:00: 📋 Active sessions: 9
2026-02-04 16:05:41 +08:00: \n🚀 Processing 9 sessions in 1 batches
2026-02-04 16:06:13 +08:00: \n📊 Total sessions in contract: 12
2026-02-04 16:06:14 +08:00: 🦞 Active nodes: 20 | Shards per cycle: 4
2026-02-04 16:06:16 +08:00: 📋 Active sessions: 9
2026-02-04 16:06:16 +08:00: \n🚀 Processing 9 sessions in 1 batches
2026-02-04 16:06:49 +08:00: \n📊 Total sessions in contract: 12
2026-02-04 16:06:49 +08:00: 🦞 Active nodes: 20 | Shards per cycle: 4
2026-02-04 16:06:52 +08:00: 📋 Active sessions: 9
2026-02-04 16:06:52 +08:00: \n🚀 Processing 9 sessions in 1 batches
2026-02-04 16:07:24 +08:00: \n📊 Total sessions in contract: 12
2026-02-04 16:07:25 +08:00: 🦞 Active nodes: 20 | Shards per cycle: 4
2026-02-04 16:07:27 +08:00: 📋 Active sessions: 9
2026-02-04 16:07:27 +08:00: \n🚀 Processing 9 sessions in 1 batches
2026-02-04 16:08:00 +08:00: \n📊 Total sessions in contract: 12
2026-02-04 16:08:00 +08:00: 🦞 Active nodes: 20 | Shards per cycle: 4
2026-02-04 16:08:03 +08:00: 📋 Active sessions: 9
2026-02-04 16:08:03 +08:00: \n🚀 Processing 9 sessions in 1 batches
2026-02-04 16:08:35 +08:00: \n📊 Total sessions in contract: 12
2026-02-04 16:08:36 +08:00: 🦞 Active nodes: 20 | Shards per cycle: 4
2026-02-04 16:08:38 +08:00: 📋 Active sessions: 9
2026-02-04 16:08:38 +08:00: \n🚀 Processing 9 sessions in 1 batches
2026-02-04 16:09:11 +08:00: \n📊 Total sessions in contract: 12
2026-02-04 16:09:11 +08:00: 🦞 Active nodes: 20 | Shards per cycle: 4
2026-02-04 16:09:14 +08:00: 📋 Active sessions: 9
2026-02-04 16:09:14 +08:00: \n🚀 Processing 9 sessions in 1 batches
2026-02-04 16:09:46 +08:00: \n📊 Total sessions in contract: 12
2026-02-04 16:09:47 +08:00: 🦞 Active nodes: 20 | Shards per cycle: 4
2026-02-04 16:09:49 +08:00: 📋 Active sessions: 9
2026-02-04 16:09:49 +08:00: \n🚀 Processing 9 sessions in 1 batches
2026-02-04 16:10:22 +08:00: \n📊 Total sessions in contract: 12
2026-02-04 16:10:22 +08:00: 🦞 Active nodes: 20 | Shards per cycle: 4
2026-02-04 16:10:25 +08:00: 📋 Active sessions: 9
2026-02-04 16:10:25 +08:00: \n🚀 Processing 9 sessions in 1 batches
2026-02-04 16:10:57 +08:00: \n📊 Total sessions in contract: 12
2026-02-04 16:10:58 +08:00: 🦞 Active nodes: 20 | Shards per cycle: 4
2026-02-04 16:11:00 +08:00: 📋 Active sessions: 9
2026-02-04 16:11:00 +08:00: \n🚀 Processing 9 sessions in 1 batches
2026-02-04 16:11:33 +08:00: \n📊 Total sessions in contract: 12
2026-02-04 16:11:33 +08:00: 🦞 Active nodes: 20 | Shards per cycle: 4
2026-02-04 16:11:36 +08:00: 📋 Active sessions: 9
2026-02-04 16:11:36 +08:00: \n🚀 Processing 9 sessions in 1 batches
2026-02-04 16:12:08 +08:00: \n📊 Total sessions in contract: 12
2026-02-04 16:12:09 +08:00: 🦞 Active nodes: 20 | Shards per cycle: 4
2026-02-04 16:12:11 +08:00: 📋 Active sessions: 9
2026-02-04 16:12:11 +08:00: \n🚀 Processing 9 sessions in 1 batches
2026-02-04 16:12:44 +08:00: \n📊 Total sessions in contract: 12
2026-02-04 16:12:44 +08:00: 🦞 Active nodes: 20 | Shards per cycle: 4
2026-02-04 16:12:47 +08:00: 📋 Active sessions: 9
2026-02-04 16:12:47 +08:00: \n🚀 Processing 9 sessions in 1 batches
2026-02-04 16:13:19 +08:00: \n📊 Total sessions in contract: 12
2026-02-04 16:13:20 +08:00: 🦞 Active nodes: 20 | Shards per cycle: 4
2026-02-04 16:13:22 +08:00: 📋 Active sessions: 9
2026-02-04 16:13:22 +08:00: \n🚀 Processing 9 sessions in 1 batches
2026-02-04 16:13:55 +08:00: \n📊 Total sessions in contract: 12
2026-02-04 16:13:55 +08:00: 🦞 Active nodes: 20 | Shards per cycle: 4
2026-02-04 16:13:58 +08:00: 📋 Active sessions: 9
2026-02-04 16:13:58 +08:00: \n🚀 Processing 9 sessions in 1 batches
2026-02-04 16:14:30 +08:00: \n📊 Total sessions in contract: 12
2026-02-04 16:14:31 +08:00: 🦞 Active nodes: 20 | Shards per cycle: 4
2026-02-04 16:14:34 +08:00: 📋 Active sessions: 9
2026-02-04 16:14:34 +08:00: \n🚀 Processing 9 sessions in 1 batches
2026-02-04 16:15:06 +08:00: \n📊 Total sessions in contract: 12
2026-02-04 16:15:06 +08:00: 🦞 Active nodes: 20 | Shards per cycle: 4
2026-02-04 16:15:09 +08:00: 📋 Active sessions: 9
2026-02-04 16:15:09 +08:00: \n🚀 Processing 9 sessions in 1 batches
2026-02-04 16:15:42 +08:00: \n📊 Total sessions in contract: 12
2026-02-04 16:15:42 +08:00: 🦞 Active nodes: 20 | Shards per cycle: 4
2026-02-04 16:15:45 +08:00: 📋 Active sessions: 9
2026-02-04 16:15:45 +08:00: \n🚀 Processing 9 sessions in 1 batches
2026-02-04 16:16:17 +08:00: \n📊 Total sessions in contract: 12
2026-02-04 16:16:18 +08:00: 🦞 Active nodes: 20 | Shards per cycle: 4
2026-02-04 16:16:20 +08:00: 📋 Active sessions: 9
2026-02-04 16:16:20 +08:00: \n🚀 Processing 9 sessions in 1 batches
2026-02-04 16:16:53 +08:00: \n📊 Total sessions in contract: 12
2026-02-04 16:16:53 +08:00: 🦞 Active nodes: 20 | Shards per cycle: 4
2026-02-04 16:16:56 +08:00: 📋 Active sessions: 9
2026-02-04 16:16:56 +08:00: \n🚀 Processing 9 sessions in 1 batches
2026-02-04 16:17:28 +08:00: \n📊 Total sessions in contract: 12
2026-02-04 16:17:29 +08:00: 🦞 Active nodes: 20 | Shards per cycle: 4
2026-02-04 16:17:32 +08:00: 📋 Active sessions: 9
2026-02-04 16:17:32 +08:00: \n🚀 Processing 9 sessions in 1 batches
2026-02-04 16:18:04 +08:00: \n📊 Total sessions in contract: 12
2026-02-04 16:18:04 +08:00: 🦞 Active nodes: 20 | Shards per cycle: 4
2026-02-04 16:18:07 +08:00: 📋 Active sessions: 9
2026-02-04 16:18:07 +08:00: \n🚀 Processing 9 sessions in 1 batches
2026-02-04 16:18:39 +08:00: \n📊 Total sessions in contract: 12
2026-02-04 16:18:40 +08:00: 🦞 Active nodes: 20 | Shards per cycle: 4
2026-02-04 16:18:43 +08:00: 📋 Active sessions: 9
2026-02-04 16:18:43 +08:00: \n🚀 Processing 9 sessions in 1 batches
2026-02-04 16:19:15 +08:00: \n📊 Total sessions in contract: 12
2026-02-04 16:19:15 +08:00: 🦞 Active nodes: 20 | Shards per cycle: 4
2026-02-04 16:19:18 +08:00: 📋 Active sessions: 9
2026-02-04 16:19:18 +08:00: \n🚀 Processing 9 sessions in 1 batches
2026-02-04 16:19:51 +08:00: \n📊 Total sessions in contract: 12
2026-02-04 16:19:51 +08:00: 🦞 Active nodes: 20 | Shards per cycle: 4
2026-02-04 16:19:54 +08:00: 📋 Active sessions: 9
2026-02-04 16:19:54 +08:00: \n🚀 Processing 9 sessions in 1 batches
2026-02-04 16:20:26 +08:00: \n📊 Total sessions in contract: 12
2026-02-04 16:20:27 +08:00: 🦞 Active nodes: 20 | Shards per cycle: 4
2026-02-04 16:20:29 +08:00: 📋 Active sessions: 9
2026-02-04 16:20:29 +08:00: \n🚀 Processing 9 sessions in 1 batches
2026-02-04 16:21:02 +08:00: \n📊 Total sessions in contract: 12
2026-02-04 16:21:02 +08:00: 🦞 Active nodes: 20 | Shards per cycle: 4
2026-02-04 16:21:05 +08:00: 📋 Active sessions: 9
2026-02-04 16:21:05 +08:00: \n🚀 Processing 9 sessions in 1 batches
2026-02-04 16:21:38 +08:00: \n📊 Total sessions in contract: 12
2026-02-04 16:21:38 +08:00: 🦞 Active nodes: 20 | Shards per cycle: 4
2026-02-04 16:21:41 +08:00: 📋 Active sessions: 9
2026-02-04 16:21:41 +08:00: \n🚀 Processing 9 sessions in 1 batches
2026-02-04 16:22:13 +08:00: \n📊 Total sessions in contract: 12
2026-02-04 16:22:13 +08:00: 🦞 Active nodes: 20 | Shards per cycle: 4
2026-02-04 16:22:16 +08:00: 📋 Active sessions: 9
2026-02-04 16:22:16 +08:00: \n🚀 Processing 9 sessions in 1 batches
2026-02-04 16:22:49 +08:00: \n📊 Total sessions in contract: 12
2026-02-04 16:22:49 +08:00: 🦞 Active nodes: 20 | Shards per cycle: 4
2026-02-04 16:22:52 +08:00: 📋 Active sessions: 9
2026-02-04 16:22:52 +08:00: \n🚀 Processing 9 sessions in 1 batches
2026-02-04 16:23:25 +08:00: \n📊 Total sessions in contract: 12
2026-02-04 16:23:25 +08:00: 🦞 Active nodes: 20 | Shards per cycle: 4
2026-02-04 16:23:28 +08:00: 📋 Active sessions: 9
2026-02-04 16:23:28 +08:00: \n🚀 Processing 9 sessions in 1 batches
2026-02-04 16:24:00 +08:00: \n📊 Total sessions in contract: 12
2026-02-04 16:24:01 +08:00: 🦞 Active nodes: 20 | Shards per cycle: 4
2026-02-04 16:24:04 +08:00: 📋 Active sessions: 9
2026-02-04 16:24:04 +08:00: \n🚀 Processing 9 sessions in 1 batches
2026-02-04 16:24:36 +08:00: \n📊 Total sessions in contract: 12
2026-02-04 16:24:36 +08:00: 🦞 Active nodes: 20 | Shards per cycle: 4
2026-02-04 16:24:39 +08:00: 📋 Active sessions: 9
2026-02-04 16:24:39 +08:00: \n🚀 Processing 9 sessions in 1 batches
2026-02-04 16:25:11 +08:00: \n📊 Total sessions in contract: 12
2026-02-04 16:25:12 +08:00: 🦞 Active nodes: 20 | Shards per cycle: 4
2026-02-04 16:25:15 +08:00: 📋 Active sessions: 9
2026-02-04 16:25:15 +08:00: \n🚀 Processing 9 sessions in 1 batches
2026-02-04 16:25:47 +08:00: \n📊 Total sessions in contract: 12
2026-02-04 16:25:48 +08:00: 🦞 Active nodes: 20 | Shards per cycle: 4
2026-02-04 16:25:50 +08:00: 📋 Active sessions: 9
2026-02-04 16:25:50 +08:00: \n🚀 Processing 9 sessions in 1 batches
2026-02-04 16:26:23 +08:00: \n📊 Total sessions in contract: 12
2026-02-04 16:26:23 +08:00: 🦞 Active nodes: 20 | Shards per cycle: 4
2026-02-04 16:26:26 +08:00: 📋 Active sessions: 9
2026-02-04 16:26:26 +08:00: \n🚀 Processing 9 sessions in 1 batches
2026-02-04 16:26:58 +08:00: \n📊 Total sessions in contract: 12
2026-02-04 16:26:59 +08:00: 🦞 Active nodes: 20 | Shards per cycle: 4
2026-02-04 16:27:01 +08:00: 📋 Active sessions: 9
2026-02-04 16:27:01 +08:00: \n🚀 Processing 9 sessions in 1 batches
2026-02-04 16:27:34 +08:00: \n📊 Total sessions in contract: 12
2026-02-04 16:27:34 +08:00: 🦞 Active nodes: 20 | Shards per cycle: 4
2026-02-04 16:27:37 +08:00: 📋 Active sessions: 9
2026-02-04 16:27:37 +08:00: \n🚀 Processing 9 sessions in 1 batches
2026-02-04 16:28:09 +08:00: \n📊 Total sessions in contract: 12
2026-02-04 16:28:10 +08:00: 🦞 Active nodes: 20 | Shards per cycle: 4
2026-02-04 16:28:12 +08:00: 📋 Active sessions: 9
2026-02-04 16:28:12 +08:00: \n🚀 Processing 9 sessions in 1 batches
2026-02-04 16:28:45 +08:00: \n📊 Total sessions in contract: 12
2026-02-04 16:28:45 +08:00: 🦞 Active nodes: 20 | Shards per cycle: 4
2026-02-04 16:28:48 +08:00: 📋 Active sessions: 9
2026-02-04 16:28:48 +08:00: \n🚀 Processing 9 sessions in 1 batches
2026-02-04 16:29:20 +08:00: \n📊 Total sessions in contract: 12
2026-02-04 16:29:21 +08:00: 🦞 Active nodes: 20 | Shards per cycle: 4
2026-02-04 16:29:24 +08:00: 📋 Active sessions: 9
2026-02-04 16:29:24 +08:00: \n🚀 Processing 9 sessions in 1 batches
2026-02-04 16:29:56 +08:00: \n📊 Total sessions in contract: 12
2026-02-04 16:29:56 +08:00: 🦞 Active nodes: 20 | Shards per cycle: 4
2026-02-04 16:29:59 +08:00: 📋 Active sessions: 9
2026-02-04 16:29:59 +08:00: \n🚀 Processing 9 sessions in 1 batches
2026-02-04 16:30:31 +08:00: \n📊 Total sessions in contract: 12
2026-02-04 16:30:32 +08:00: 🦞 Active nodes: 20 | Shards per cycle: 4
2026-02-04 16:30:35 +08:00: 📋 Active sessions: 9
2026-02-04 16:30:35 +08:00: \n🚀 Processing 9 sessions in 1 batches
2026-02-04 16:31:07 +08:00: \n📊 Total sessions in contract: 12
2026-02-04 16:31:07 +08:00: 🦞 Active nodes: 20 | Shards per cycle: 4
2026-02-04 16:31:10 +08:00: 📋 Active sessions: 9
2026-02-04 16:31:10 +08:00: \n🚀 Processing 9 sessions in 1 batches
2026-02-04 16:31:43 +08:00: \n📊 Total sessions in contract: 12
2026-02-04 16:31:43 +08:00: 🦞 Active nodes: 20 | Shards per cycle: 4
2026-02-04 16:31:46 +08:00: 📋 Active sessions: 9
2026-02-04 16:31:46 +08:00: \n🚀 Processing 9 sessions in 1 batches
2026-02-04 16:32:18 +08:00: \n📊 Total sessions in contract: 12
2026-02-04 16:32:18 +08:00: 🦞 Active nodes: 20 | Shards per cycle: 4
2026-02-04 16:32:21 +08:00: 📋 Active sessions: 9
2026-02-04 16:32:21 +08:00: \n🚀 Processing 9 sessions in 1 batches
2026-02-04 16:32:54 +08:00: \n📊 Total sessions in contract: 12
2026-02-04 16:32:54 +08:00: 🦞 Active nodes: 20 | Shards per cycle: 4
2026-02-04 16:32:57 +08:00: 📋 Active sessions: 9
2026-02-04 16:32:57 +08:00: \n🚀 Processing 9 sessions in 1 batches
2026-02-04 16:33:29 +08:00: \n📊 Total sessions in contract: 12
2026-02-04 16:33:29 +08:00: 🦞 Active nodes: 20 | Shards per cycle: 4
2026-02-04 16:33:32 +08:00: 📋 Active sessions: 9
2026-02-04 16:33:32 +08:00: \n🚀 Processing 9 sessions in 1 batches
2026-02-04 16:34:05 +08:00: \n📊 Total sessions in contract: 12
2026-02-04 16:34:05 +08:00: 🦞 Active nodes: 20 | Shards per cycle: 4
2026-02-04 16:34:08 +08:00: 📋 Active sessions: 9
2026-02-04 16:34:08 +08:00: \n🚀 Processing 9 sessions in 1 batches
2026-02-04 16:34:40 +08:00: \n📊 Total sessions in contract: 12
2026-02-04 16:34:41 +08:00: 🦞 Active nodes: 20 | Shards per cycle: 4
2026-02-04 16:34:44 +08:00: 📋 Active sessions: 9
2026-02-04 16:34:44 +08:00: \n🚀 Processing 9 sessions in 1 batches
2026-02-04 16:35:16 +08:00: \n📊 Total sessions in contract: 12
2026-02-04 16:35:16 +08:00: 🦞 Active nodes: 20 | Shards per cycle: 4
2026-02-04 16:35:19 +08:00: 📋 Active sessions: 9
2026-02-04 16:35:19 +08:00: \n🚀 Processing 9 sessions in 1 batches
2026-02-04 16:35:52 +08:00: \n📊 Total sessions in contract: 12
2026-02-04 16:35:52 +08:00: 🦞 Active nodes: 20 | Shards per cycle: 4
2026-02-04 16:35:55 +08:00: 📋 Active sessions: 9
2026-02-04 16:35:55 +08:00: \n🚀 Processing 9 sessions in 1 batches
2026-02-04 16:36:27 +08:00: \n📊 Total sessions in contract: 12
2026-02-04 16:36:28 +08:00: 🦞 Active nodes: 20 | Shards per cycle: 4
2026-02-04 16:36:30 +08:00: 📋 Active sessions: 9
2026-02-04 16:36:30 +08:00: \n🚀 Processing 9 sessions in 1 batches
2026-02-04 16:37:03 +08:00: \n📊 Total sessions in contract: 12
2026-02-04 16:37:03 +08:00: 🦞 Active nodes: 20 | Shards per cycle: 4
2026-02-04 16:37:06 +08:00: 📋 Active sessions: 9
2026-02-04 16:37:06 +08:00: \n🚀 Processing 9 sessions in 1 batches
2026-02-04 16:37:38 +08:00: \n📊 Total sessions in contract: 12
2026-02-04 16:37:39 +08:00: 🦞 Active nodes: 20 | Shards per cycle: 4
2026-02-04 16:37:41 +08:00: 📋 Active sessions: 9
2026-02-04 16:37:41 +08:00: \n🚀 Processing 9 sessions in 1 batches
2026-02-04 16:38:14 +08:00: \n📊 Total sessions in contract: 12
2026-02-04 16:38:14 +08:00: 🦞 Active nodes: 20 | Shards per cycle: 4
2026-02-04 16:38:17 +08:00: 📋 Active sessions: 9
2026-02-04 16:38:17 +08:00: \n🚀 Processing 9 sessions in 1 batches
2026-02-04 16:38:49 +08:00: \n📊 Total sessions in contract: 12
2026-02-04 16:38:50 +08:00: 🦞 Active nodes: 20 | Shards per cycle: 4
2026-02-04 16:38:53 +08:00: 📋 Active sessions: 9
2026-02-04 16:38:53 +08:00: \n🚀 Processing 9 sessions in 1 batches
2026-02-04 16:39:25 +08:00: \n📊 Total sessions in contract: 12
2026-02-04 16:39:25 +08:00: 🦞 Active nodes: 20 | Shards per cycle: 4
2026-02-04 16:39:28 +08:00: 📋 Active sessions: 9
2026-02-04 16:39:28 +08:00: \n🚀 Processing 9 sessions in 1 batches
2026-02-04 16:40:00 +08:00: \n📊 Total sessions in contract: 12
2026-02-04 16:40:01 +08:00: 🦞 Active nodes: 20 | Shards per cycle: 4
2026-02-04 16:40:04 +08:00: 📋 Active sessions: 9
2026-02-04 16:40:04 +08:00: \n🚀 Processing 9 sessions in 1 batches
2026-02-04 16:40:36 +08:00: \n📊 Total sessions in contract: 12
2026-02-04 16:40:36 +08:00: 🦞 Active nodes: 20 | Shards per cycle: 4
2026-02-04 16:40:39 +08:00: 📋 Active sessions: 9
2026-02-04 16:40:39 +08:00: \n🚀 Processing 9 sessions in 1 batches
2026-02-04 16:41:11 +08:00: \n📊 Total sessions in contract: 12
2026-02-04 16:41:12 +08:00: 🦞 Active nodes: 20 | Shards per cycle: 4
2026-02-04 16:41:15 +08:00: 📋 Active sessions: 9
2026-02-04 16:41:15 +08:00: \n🚀 Processing 9 sessions in 1 batches
2026-02-04 16:41:47 +08:00: \n📊 Total sessions in contract: 12
2026-02-04 16:41:47 +08:00: 🦞 Active nodes: 20 | Shards per cycle: 4
2026-02-04 16:41:50 +08:00: 📋 Active sessions: 9
2026-02-04 16:41:50 +08:00: \n🚀 Processing 9 sessions in 1 batches
2026-02-04 16:42:23 +08:00: \n📊 Total sessions in contract: 12
2026-02-04 16:42:23 +08:00: 🦞 Active nodes: 20 | Shards per cycle: 4
2026-02-04 16:42:26 +08:00: 📋 Active sessions: 9
2026-02-04 16:42:26 +08:00: \n🚀 Processing 9 sessions in 1 batches
2026-02-04 16:42:58 +08:00: \n📊 Total sessions in contract: 12
2026-02-04 16:42:59 +08:00: 🦞 Active nodes: 20 | Shards per cycle: 4
2026-02-04 16:43:01 +08:00: 📋 Active sessions: 9
2026-02-04 16:43:01 +08:00: \n🚀 Processing 9 sessions in 1 batches
2026-02-04 16:43:34 +08:00: \n📊 Total sessions in contract: 12
2026-02-04 16:43:34 +08:00: 🦞 Active nodes: 20 | Shards per cycle: 4
2026-02-04 16:43:37 +08:00: 📋 Active sessions: 9
2026-02-04 16:43:37 +08:00: \n🚀 Processing 9 sessions in 1 batches
2026-02-04 16:44:09 +08:00: \n📊 Total sessions in contract: 12
2026-02-04 16:44:10 +08:00: 🦞 Active nodes: 20 | Shards per cycle: 4
2026-02-04 16:44:12 +08:00: 📋 Active sessions: 9
2026-02-04 16:44:12 +08:00: \n🚀 Processing 9 sessions in 1 batches
2026-02-04 16:44:45 +08:00: \n📊 Total sessions in contract: 12
2026-02-04 16:44:45 +08:00: 🦞 Active nodes: 20 | Shards per cycle: 4
2026-02-04 16:44:48 +08:00: 📋 Active sessions: 9
2026-02-04 16:44:48 +08:00: \n🚀 Processing 9 sessions in 1 batches
2026-02-04 16:45:20 +08:00: \n📊 Total sessions in contract: 12
2026-02-04 16:45:21 +08:00: 🦞 Active nodes: 20 | Shards per cycle: 4
2026-02-04 16:45:23 +08:00: 📋 Active sessions: 9
2026-02-04 16:45:23 +08:00: \n🚀 Processing 9 sessions in 1 batches
2026-02-04 16:45:56 +08:00: \n📊 Total sessions in contract: 12
2026-02-04 16:45:56 +08:00: 🦞 Active nodes: 20 | Shards per cycle: 4
2026-02-04 16:45:59 +08:00: 📋 Active sessions: 9
2026-02-04 16:45:59 +08:00: \n🚀 Processing 9 sessions in 1 batches
2026-02-04 16:46:31 +08:00: \n📊 Total sessions in contract: 12
2026-02-04 16:46:32 +08:00: 🦞 Active nodes: 20 | Shards per cycle: 4
2026-02-04 16:46:34 +08:00: 📋 Active sessions: 9
2026-02-04 16:46:34 +08:00: \n🚀 Processing 9 sessions in 1 batches
2026-02-04 16:47:07 +08:00: \n📊 Total sessions in contract: 12
2026-02-04 16:47:07 +08:00: 🦞 Active nodes: 20 | Shards per cycle: 4
2026-02-04 16:47:10 +08:00: 📋 Active sessions: 9
2026-02-04 16:47:10 +08:00: \n🚀 Processing 9 sessions in 1 batches
2026-02-04 16:47:42 +08:00: \n📊 Total sessions in contract: 12
2026-02-04 16:47:43 +08:00: 🦞 Active nodes: 20 | Shards per cycle: 4
2026-02-04 16:47:45 +08:00: 📋 Active sessions: 9
2026-02-04 16:47:45 +08:00: \n🚀 Processing 9 sessions in 1 batches
2026-02-04 16:48:18 +08:00: \n📊 Total sessions in contract: 12
2026-02-04 16:48:18 +08:00: 🦞 Active nodes: 20 | Shards per cycle: 4
2026-02-04 16:48:21 +08:00: 📋 Active sessions: 9
2026-02-04 16:48:21 +08:00: \n🚀 Processing 9 sessions in 1 batches
2026-02-04 16:48:53 +08:00: \n📊 Total sessions in contract: 12
2026-02-04 16:48:54 +08:00: 🦞 Active nodes: 20 | Shards per cycle: 4
2026-02-04 16:48:56 +08:00: 📋 Active sessions: 9
2026-02-04 16:48:56 +08:00: \n🚀 Processing 9 sessions in 1 batches
2026-02-04 16:49:29 +08:00: \n📊 Total sessions in contract: 12
2026-02-04 16:49:29 +08:00: 🦞 Active nodes: 20 | Shards per cycle: 4
2026-02-04 16:49:32 +08:00: 📋 Active sessions: 9
2026-02-04 16:49:32 +08:00: \n🚀 Processing 9 sessions in 1 batches
2026-02-04 16:50:04 +08:00: \n📊 Total sessions in contract: 12
2026-02-04 16:50:05 +08:00: 🦞 Active nodes: 20 | Shards per cycle: 4
2026-02-04 16:50:08 +08:00: 📋 Active sessions: 9
2026-02-04 16:50:08 +08:00: \n🚀 Processing 9 sessions in 1 batches
2026-02-04 16:50:40 +08:00: \n📊 Total sessions in contract: 12
2026-02-04 16:50:40 +08:00: 🦞 Active nodes: 20 | Shards per cycle: 4
2026-02-04 16:50:43 +08:00: 📋 Active sessions: 9
2026-02-04 16:50:43 +08:00: \n🚀 Processing 9 sessions in 1 batches
2026-02-04 16:51:15 +08:00: \n📊 Total sessions in contract: 12
2026-02-04 16:51:16 +08:00: 🦞 Active nodes: 20 | Shards per cycle: 4
2026-02-04 16:51:19 +08:00: 📋 Active sessions: 9
2026-02-04 16:51:19 +08:00: \n🚀 Processing 9 sessions in 1 batches
2026-02-04 16:51:51 +08:00: \n📊 Total sessions in contract: 12
2026-02-04 16:51:52 +08:00: 🦞 Active nodes: 20 | Shards per cycle: 4
2026-02-04 16:51:54 +08:00: 📋 Active sessions: 9
2026-02-04 16:51:54 +08:00: \n🚀 Processing 9 sessions in 1 batches
2026-02-04 16:52:27 +08:00: \n📊 Total sessions in contract: 12
2026-02-04 16:52:27 +08:00: 🦞 Active nodes: 20 | Shards per cycle: 4
2026-02-04 16:52:30 +08:00: 📋 Active sessions: 9
2026-02-04 16:52:30 +08:00: \n🚀 Processing 9 sessions in 1 batches
2026-02-04 16:53:02 +08:00: \n📊 Total sessions in contract: 12
2026-02-04 16:53:03 +08:00: 🦞 Active nodes: 20 | Shards per cycle: 4
2026-02-04 16:53:05 +08:00: 📋 Active sessions: 9
2026-02-04 16:53:05 +08:00: \n🚀 Processing 9 sessions in 1 batches
2026-02-04 16:53:38 +08:00: \n📊 Total sessions in contract: 12
2026-02-04 16:53:38 +08:00: 🦞 Active nodes: 20 | Shards per cycle: 4
2026-02-04 16:53:41 +08:00: 📋 Active sessions: 9
2026-02-04 16:53:41 +08:00: \n🚀 Processing 9 sessions in 1 batches
2026-02-04 16:54:13 +08:00: \n📊 Total sessions in contract: 12
2026-02-04 16:54:14 +08:00: 🦞 Active nodes: 20 | Shards per cycle: 4
2026-02-04 16:54:17 +08:00: 📋 Active sessions: 9
2026-02-04 16:54:17 +08:00: \n🚀 Processing 9 sessions in 1 batches
2026-02-04 16:54:49 +08:00: \n📊 Total sessions in contract: 12
2026-02-04 16:54:49 +08:00: 🦞 Active nodes: 20 | Shards per cycle: 4
2026-02-04 16:54:52 +08:00: 📋 Active sessions: 9
2026-02-04 16:54:52 +08:00: \n🚀 Processing 9 sessions in 1 batches
2026-02-04 16:55:24 +08:00: \n📊 Total sessions in contract: 12
2026-02-04 16:55:25 +08:00: 🦞 Active nodes: 20 | Shards per cycle: 4
2026-02-04 16:55:28 +08:00: 📋 Active sessions: 9
2026-02-04 16:55:28 +08:00: \n🚀 Processing 9 sessions in 1 batches
2026-02-04 16:56:00 +08:00: \n📊 Total sessions in contract: 12
2026-02-04 16:56:00 +08:00: 🦞 Active nodes: 20 | Shards per cycle: 4
2026-02-04 16:56:03 +08:00: 📋 Active sessions: 9
2026-02-04 16:56:03 +08:00: \n🚀 Processing 9 sessions in 1 batches
2026-02-04 16:56:36 +08:00: \n📊 Total sessions in contract: 12
2026-02-04 16:56:36 +08:00: 🦞 Active nodes: 20 | Shards per cycle: 4
2026-02-04 16:56:39 +08:00: 📋 Active sessions: 9
2026-02-04 16:56:39 +08:00: \n🚀 Processing 9 sessions in 1 batches
2026-02-04 16:57:11 +08:00: \n📊 Total sessions in contract: 12
2026-02-04 16:57:12 +08:00: 🦞 Active nodes: 20 | Shards per cycle: 4
2026-02-04 16:57:14 +08:00: 📋 Active sessions: 9
2026-02-04 16:57:14 +08:00: \n🚀 Processing 9 sessions in 1 batches
2026-02-04 16:57:47 +08:00: \n📊 Total sessions in contract: 12
2026-02-04 16:57:47 +08:00: 🦞 Active nodes: 20 | Shards per cycle: 4
2026-02-04 16:57:50 +08:00: 📋 Active sessions: 9
2026-02-04 16:57:50 +08:00: \n🚀 Processing 9 sessions in 1 batches
2026-02-04 16:58:22 +08:00: \n📊 Total sessions in contract: 12
2026-02-04 16:58:23 +08:00: 🦞 Active nodes: 20 | Shards per cycle: 4
2026-02-04 16:58:26 +08:00: 📋 Active sessions: 9
2026-02-04 16:58:26 +08:00: \n🚀 Processing 9 sessions in 1 batches
2026-02-04 16:58:58 +08:00: \n📊 Total sessions in contract: 12
2026-02-04 16:58:58 +08:00: 🦞 Active nodes: 20 | Shards per cycle: 4
2026-02-04 16:59:01 +08:00: 📋 Active sessions: 9
2026-02-04 16:59:01 +08:00: \n🚀 Processing 9 sessions in 1 batches
2026-02-04 16:59:34 +08:00: \n📊 Total sessions in contract: 12
2026-02-04 16:59:34 +08:00: 🦞 Active nodes: 20 | Shards per cycle: 4
2026-02-04 16:59:37 +08:00: 📋 Active sessions: 9
2026-02-04 16:59:37 +08:00: \n🚀 Processing 9 sessions in 1 batches
2026-02-04 17:00:09 +08:00: \n📊 Total sessions in contract: 12
2026-02-04 17:00:09 +08:00: 🦞 Active nodes: 20 | Shards per cycle: 4
2026-02-04 17:00:12 +08:00: 📋 Active sessions: 9
2026-02-04 17:00:12 +08:00: \n🚀 Processing 9 sessions in 1 batches
2026-02-04 17:00:45 +08:00: \n📊 Total sessions in contract: 12
2026-02-04 17:00:45 +08:00: 🦞 Active nodes: 20 | Shards per cycle: 4
2026-02-04 17:00:48 +08:00: 📋 Active sessions: 9
2026-02-04 17:00:48 +08:00: \n🚀 Processing 9 sessions in 1 batches
2026-02-04 17:01:20 +08:00: \n📊 Total sessions in contract: 12
2026-02-04 17:01:21 +08:00: 🦞 Active nodes: 20 | Shards per cycle: 4
2026-02-04 17:01:23 +08:00: 📋 Active sessions: 9
2026-02-04 17:01:23 +08:00: \n🚀 Processing 9 sessions in 1 batches
2026-02-04 17:01:56 +08:00: \n📊 Total sessions in contract: 12
2026-02-04 17:01:56 +08:00: 🦞 Active nodes: 20 | Shards per cycle: 4
2026-02-04 17:01:59 +08:00: 📋 Active sessions: 9
2026-02-04 17:01:59 +08:00: \n🚀 Processing 9 sessions in 1 batches
2026-02-04 17:02:31 +08:00: \n📊 Total sessions in contract: 12
2026-02-04 17:02:32 +08:00: 🦞 Active nodes: 20 | Shards per cycle: 4
2026-02-04 17:02:34 +08:00: 📋 Active sessions: 9
2026-02-04 17:02:34 +08:00: \n🚀 Processing 9 sessions in 1 batches
2026-02-04 17:03:07 +08:00: \n📊 Total sessions in contract: 12
2026-02-04 17:03:07 +08:00: 🦞 Active nodes: 20 | Shards per cycle: 4
2026-02-04 17:03:10 +08:00: 📋 Active sessions: 9
2026-02-04 17:03:10 +08:00: \n🚀 Processing 9 sessions in 1 batches
2026-02-04 17:03:42 +08:00: \n📊 Total sessions in contract: 12
2026-02-04 17:03:43 +08:00: 🦞 Active nodes: 20 | Shards per cycle: 4
2026-02-04 17:03:45 +08:00: 📋 Active sessions: 9
2026-02-04 17:03:45 +08:00: \n🚀 Processing 9 sessions in 1 batches
2026-02-04 17:04:18 +08:00: \n📊 Total sessions in contract: 12
2026-02-04 17:04:18 +08:00: 🦞 Active nodes: 20 | Shards per cycle: 4
2026-02-04 17:04:21 +08:00: 📋 Active sessions: 9
2026-02-04 17:04:21 +08:00: \n🚀 Processing 9 sessions in 1 batches
2026-02-04 17:04:53 +08:00: \n📊 Total sessions in contract: 12
2026-02-04 17:04:54 +08:00: 🦞 Active nodes: 20 | Shards per cycle: 4
2026-02-04 17:04:56 +08:00: 📋 Active sessions: 9
2026-02-04 17:04:56 +08:00: \n🚀 Processing 9 sessions in 1 batches
2026-02-04 17:05:29 +08:00: \n📊 Total sessions in contract: 12
2026-02-04 17:05:29 +08:00: 🦞 Active nodes: 20 | Shards per cycle: 4
2026-02-04 17:05:32 +08:00: 📋 Active sessions: 9
2026-02-04 17:05:32 +08:00: \n🚀 Processing 9 sessions in 1 batches
2026-02-04 17:06:04 +08:00: \n📊 Total sessions in contract: 12
2026-02-04 17:06:05 +08:00: 🦞 Active nodes: 20 | Shards per cycle: 4
2026-02-04 17:06:08 +08:00: 📋 Active sessions: 9
2026-02-04 17:06:08 +08:00: \n🚀 Processing 9 sessions in 1 batches
2026-02-04 17:06:40 +08:00: \n📊 Total sessions in contract: 12
2026-02-04 17:06:40 +08:00: 🦞 Active nodes: 20 | Shards per cycle: 4
2026-02-04 17:06:43 +08:00: 📋 Active sessions: 9
2026-02-04 17:06:43 +08:00: \n🚀 Processing 9 sessions in 1 batches
2026-02-04 17:07:15 +08:00: \n📊 Total sessions in contract: 12
2026-02-04 17:07:16 +08:00: 🦞 Active nodes: 20 | Shards per cycle: 4
2026-02-04 17:07:19 +08:00: 📋 Active sessions: 9
2026-02-04 17:07:19 +08:00: \n🚀 Processing 9 sessions in 1 batches
2026-02-04 17:07:51 +08:00: \n📊 Total sessions in contract: 12
2026-02-04 17:07:51 +08:00: 🦞 Active nodes: 20 | Shards per cycle: 4
2026-02-04 17:07:54 +08:00: 📋 Active sessions: 9
2026-02-04 17:07:54 +08:00: \n🚀 Processing 9 sessions in 1 batches
2026-02-04 17:08:27 +08:00: \n📊 Total sessions in contract: 12
2026-02-04 17:08:27 +08:00: 🦞 Active nodes: 20 | Shards per cycle: 4
2026-02-04 17:08:30 +08:00: 📋 Active sessions: 9
2026-02-04 17:08:30 +08:00: \n🚀 Processing 9 sessions in 1 batches
2026-02-04 17:09:02 +08:00: \n📊 Total sessions in contract: 12
2026-02-04 17:09:02 +08:00: 🦞 Active nodes: 20 | Shards per cycle: 4
2026-02-04 17:09:05 +08:00: 📋 Active sessions: 9
2026-02-04 17:09:05 +08:00: \n🚀 Processing 9 sessions in 1 batches
2026-02-04 17:09:38 +08:00: \n📊 Total sessions in contract: 12
2026-02-04 17:09:38 +08:00: 🦞 Active nodes: 20 | Shards per cycle: 4
2026-02-04 17:09:41 +08:00: 📋 Active sessions: 9
2026-02-04 17:09:41 +08:00: \n🚀 Processing 9 sessions in 1 batches
2026-02-04 17:10:13 +08:00: \n📊 Total sessions in contract: 12
2026-02-04 17:10:14 +08:00: 🦞 Active nodes: 20 | Shards per cycle: 4
2026-02-04 17:10:16 +08:00: 📋 Active sessions: 9
2026-02-04 17:10:16 +08:00: \n🚀 Processing 9 sessions in 1 batches
2026-02-04 17:10:49 +08:00: \n📊 Total sessions in contract: 12
2026-02-04 17:10:49 +08:00: 🦞 Active nodes: 20 | Shards per cycle: 4
2026-02-04 17:10:52 +08:00: 📋 Active sessions: 9
2026-02-04 17:10:52 +08:00: \n🚀 Processing 9 sessions in 1 batches
2026-02-04 17:11:24 +08:00: \n📊 Total sessions in contract: 12
2026-02-04 17:11:25 +08:00: 🦞 Active nodes: 20 | Shards per cycle: 4
2026-02-04 17:11:28 +08:00: 📋 Active sessions: 9
2026-02-04 17:11:28 +08:00: \n🚀 Processing 9 sessions in 1 batches
2026-02-04 17:19:41 +08:00: \n📊 Total sessions in contract: 12
2026-02-04 17:19:42 +08:00: 🦞 Active nodes: 20 | Shards per cycle: 4
2026-02-04 17:19:45 +08:00: 📋 Active sessions: 9
2026-02-04 17:19:45 +08:00: \n🚀 Processing 9 sessions in 1 batches
2026-02-04 17:20:17 +08:00: \n📊 Total sessions in contract: 12
2026-02-04 17:20:18 +08:00: 🦞 Active nodes: 20 | Shards per cycle: 4
2026-02-04 17:20:20 +08:00: 📋 Active sessions: 9
2026-02-04 17:20:20 +08:00: \n🚀 Processing 9 sessions in 1 batches
2026-02-04 17:35:44 +08:00: \n📊 Total sessions in contract: 12
2026-02-04 17:35:45 +08:00: 🦞 Active nodes: 20 | Shards per cycle: 4
2026-02-04 17:35:48 +08:00: 📋 Active sessions: 9
2026-02-04 17:35:48 +08:00: \n🚀 Processing 9 sessions in 1 batches
2026-02-04 17:36:20 +08:00: \n📊 Total sessions in contract: 12
2026-02-04 17:36:20 +08:00: 🦞 Active nodes: 20 | Shards per cycle: 4
2026-02-04 17:36:23 +08:00: 📋 Active sessions: 9
2026-02-04 17:36:23 +08:00: \n🚀 Processing 9 sessions in 1 batches
2026-02-04 17:36:55 +08:00: \n📊 Total sessions in contract: 12
2026-02-04 17:36:56 +08:00: 🦞 Active nodes: 20 | Shards per cycle: 4
2026-02-04 17:36:59 +08:00: 📋 Active sessions: 9
2026-02-04 17:36:59 +08:00: \n🚀 Processing 9 sessions in 1 batches
2026-02-04 17:37:32 +08:00: \n📊 Total sessions in contract: 12
2026-02-04 17:37:32 +08:00: 🦞 Active nodes: 20 | Shards per cycle: 4
2026-02-04 17:37:35 +08:00: 📋 Active sessions: 9
2026-02-04 17:37:35 +08:00: \n🚀 Processing 9 sessions in 1 batches
2026-02-04 17:38:07 +08:00: \n📊 Total sessions in contract: 12
2026-02-04 17:38:07 +08:00: 🦞 Active nodes: 20 | Shards per cycle: 4
2026-02-04 17:38:10 +08:00: 📋 Active sessions: 9
2026-02-04 17:38:10 +08:00: \n🚀 Processing 9 sessions in 1 batches
2026-02-04 17:38:43 +08:00: \n📊 Total sessions in contract: 12
2026-02-04 17:38:43 +08:00: 🦞 Active nodes: 20 | Shards per cycle: 4
2026-02-04 17:38:46 +08:00: 📋 Active sessions: 9
2026-02-04 17:38:46 +08:00: \n🚀 Processing 9 sessions in 1 batches
2026-02-04 17:39:18 +08:00: \n📊 Total sessions in contract: 12
2026-02-04 17:39:19 +08:00: 🦞 Active nodes: 20 | Shards per cycle: 4
2026-02-04 17:39:21 +08:00: 📋 Active sessions: 9
2026-02-04 17:39:21 +08:00: \n🚀 Processing 9 sessions in 1 batches
2026-02-04 17:39:54 +08:00: \n📊 Total sessions in contract: 12
2026-02-04 17:39:54 +08:00: 🦞 Active nodes: 20 | Shards per cycle: 4
2026-02-04 17:39:57 +08:00: 📋 Active sessions: 9
2026-02-04 17:39:57 +08:00: \n🚀 Processing 9 sessions in 1 batches
2026-02-04 17:40:29 +08:00: \n📊 Total sessions in contract: 12
2026-02-04 17:40:30 +08:00: 🦞 Active nodes: 20 | Shards per cycle: 4
2026-02-04 17:40:33 +08:00: 📋 Active sessions: 9
2026-02-04 17:40:33 +08:00: \n🚀 Processing 9 sessions in 1 batches
2026-02-04 17:41:05 +08:00: \n📊 Total sessions in contract: 12
2026-02-04 17:41:05 +08:00: 🦞 Active nodes: 20 | Shards per cycle: 4
2026-02-04 17:41:08 +08:00: 📋 Active sessions: 9
2026-02-04 17:41:08 +08:00: \n🚀 Processing 9 sessions in 1 batches
2026-02-04 17:41:40 +08:00: \n📊 Total sessions in contract: 12
2026-02-04 17:41:41 +08:00: 🦞 Active nodes: 20 | Shards per cycle: 4
2026-02-04 17:41:44 +08:00: 📋 Active sessions: 9
2026-02-04 17:41:44 +08:00: \n🚀 Processing 9 sessions in 1 batches
2026-02-04 17:42:16 +08:00: \n📊 Total sessions in contract: 12
2026-02-04 17:42:16 +08:00: 🦞 Active nodes: 20 | Shards per cycle: 4
2026-02-04 17:42:19 +08:00: 📋 Active sessions: 9
2026-02-04 17:42:19 +08:00: \n🚀 Processing 9 sessions in 1 batches
2026-02-04 17:42:51 +08:00: \n📊 Total sessions in contract: 12
2026-02-04 17:42:52 +08:00: 🦞 Active nodes: 20 | Shards per cycle: 4
2026-02-04 17:42:55 +08:00: 📋 Active sessions: 9
2026-02-04 17:42:55 +08:00: \n🚀 Processing 9 sessions in 1 batches
2026-02-04 17:43:27 +08:00: \n📊 Total sessions in contract: 12
2026-02-04 17:43:27 +08:00: 🦞 Active nodes: 20 | Shards per cycle: 4
2026-02-04 17:43:30 +08:00: 📋 Active sessions: 9
2026-02-04 17:43:30 +08:00: \n🚀 Processing 9 sessions in 1 batches
2026-02-04 17:44:02 +08:00: \n📊 Total sessions in contract: 12
2026-02-04 17:44:03 +08:00: 🦞 Active nodes: 20 | Shards per cycle: 4
2026-02-04 17:44:06 +08:00: 📋 Active sessions: 9
2026-02-04 17:44:06 +08:00: \n🚀 Processing 9 sessions in 1 batches
2026-02-04 17:44:38 +08:00: \n📊 Total sessions in contract: 12
2026-02-04 17:44:39 +08:00: 🦞 Active nodes: 20 | Shards per cycle: 4
2026-02-04 17:44:41 +08:00: 📋 Active sessions: 9
2026-02-04 17:44:41 +08:00: \n🚀 Processing 9 sessions in 1 batches
2026-02-04 17:45:14 +08:00: \n📊 Total sessions in contract: 12
2026-02-04 17:45:14 +08:00: 🦞 Active nodes: 20 | Shards per cycle: 4
2026-02-04 17:45:17 +08:00: 📋 Active sessions: 9
2026-02-04 17:45:17 +08:00: \n🚀 Processing 9 sessions in 1 batches
2026-02-04 17:45:49 +08:00: \n📊 Total sessions in contract: 12
2026-02-04 17:45:50 +08:00: 🦞 Active nodes: 20 | Shards per cycle: 4
2026-02-04 17:46:24 +08:00: 📋 Active sessions: 9
2026-02-04 17:46:24 +08:00: \n🚀 Processing 9 sessions in 1 batches
2026-02-04 17:46:57 +08:00: \n📊 Total sessions in contract: 12
2026-02-04 17:46:57 +08:00: 🦞 Active nodes: 20 | Shards per cycle: 4
2026-02-04 17:47:16 +08:00: 📋 Active sessions: 9
2026-02-04 17:47:16 +08:00: \n🚀 Processing 9 sessions in 1 batches
2026-02-04 17:47:48 +08:00: \n📊 Total sessions in contract: 12
2026-02-04 17:47:48 +08:00: 🦞 Active nodes: 20 | Shards per cycle: 4
2026-02-04 17:47:51 +08:00: 📋 Active sessions: 9
2026-02-04 17:47:51 +08:00: \n🚀 Processing 9 sessions in 1 batches
2026-02-04 17:48:24 +08:00: \n📊 Total sessions in contract: 12
2026-02-04 17:48:24 +08:00: 🦞 Active nodes: 20 | Shards per cycle: 4
2026-02-04 17:48:27 +08:00: 📋 Active sessions: 9
2026-02-04 17:48:27 +08:00: \n🚀 Processing 9 sessions in 1 batches
2026-02-04 17:48:59 +08:00: \n📊 Total sessions in contract: 12
2026-02-04 17:48:59 +08:00: 🦞 Active nodes: 20 | Shards per cycle: 4
2026-02-04 17:49:02 +08:00: 📋 Active sessions: 9
2026-02-04 17:49:02 +08:00: \n🚀 Processing 9 sessions in 1 batches
2026-02-04 17:49:34 +08:00: \n📊 Total sessions in contract: 12
2026-02-04 17:49:35 +08:00: 🦞 Active nodes: 20 | Shards per cycle: 4
2026-02-04 17:49:38 +08:00: 📋 Active sessions: 9
2026-02-04 17:49:38 +08:00: \n🚀 Processing 9 sessions in 1 batches
2026-02-04 17:50:10 +08:00: \n📊 Total sessions in contract: 12
2026-02-04 17:50:10 +08:00: 🦞 Active nodes: 20 | Shards per cycle: 4
2026-02-04 17:50:13 +08:00: 📋 Active sessions: 9
2026-02-04 17:50:13 +08:00: \n🚀 Processing 9 sessions in 1 batches
2026-02-04 17:50:46 +08:00: \n📊 Total sessions in contract: 12
2026-02-04 17:50:46 +08:00: 🦞 Active nodes: 20 | Shards per cycle: 4
2026-02-04 17:50:49 +08:00: 📋 Active sessions: 9
2026-02-04 17:50:49 +08:00: \n🚀 Processing 9 sessions in 1 batches
2026-02-04 17:51:21 +08:00: \n📊 Total sessions in contract: 12
2026-02-04 17:51:22 +08:00: 🦞 Active nodes: 20 | Shards per cycle: 4
2026-02-04 17:51:24 +08:00: 📋 Active sessions: 9
2026-02-04 17:51:24 +08:00: \n🚀 Processing 9 sessions in 1 batches
2026-02-04 17:51:57 +08:00: \n📊 Total sessions in contract: 12
2026-02-04 17:51:57 +08:00: 🦞 Active nodes: 20 | Shards per cycle: 4
2026-02-04 17:52:00 +08:00: 📋 Active sessions: 9
2026-02-04 17:52:00 +08:00: \n🚀 Processing 9 sessions in 1 batches
2026-02-04 17:52:32 +08:00: \n📊 Total sessions in contract: 12
2026-02-04 17:52:33 +08:00: 🦞 Active nodes: 20 | Shards per cycle: 4
2026-02-04 17:52:35 +08:00: 📋 Active sessions: 9
2026-02-04 17:52:35 +08:00: \n🚀 Processing 9 sessions in 1 batches
2026-02-04 17:53:08 +08:00: \n📊 Total sessions in contract: 12
2026-02-04 17:53:08 +08:00: 🦞 Active nodes: 20 | Shards per cycle: 4
2026-02-04 17:53:11 +08:00: 📋 Active sessions: 9
2026-02-04 17:53:11 +08:00: \n🚀 Processing 9 sessions in 1 batches
2026-02-04 17:53:43 +08:00: \n📊 Total sessions in contract: 12
2026-02-04 17:53:44 +08:00: 🦞 Active nodes: 20 | Shards per cycle: 4
2026-02-04 17:53:46 +08:00: 📋 Active sessions: 9
2026-02-04 17:53:46 +08:00: \n🚀 Processing 9 sessions in 1 batches
2026-02-04 17:54:19 +08:00: \n📊 Total sessions in contract: 12
2026-02-04 17:54:19 +08:00: 🦞 Active nodes: 20 | Shards per cycle: 4
2026-02-04 17:54:22 +08:00: 📋 Active sessions: 9
2026-02-04 17:54:22 +08:00: \n🚀 Processing 9 sessions in 1 batches
2026-02-04 17:54:54 +08:00: \n📊 Total sessions in contract: 12
2026-02-04 17:54:55 +08:00: 🦞 Active nodes: 20 | Shards per cycle: 4
2026-02-04 17:54:57 +08:00: 📋 Active sessions: 9
2026-02-04 17:54:57 +08:00: \n🚀 Processing 9 sessions in 1 batches
2026-02-04 17:55:30 +08:00: \n📊 Total sessions in contract: 12
2026-02-04 17:55:30 +08:00: 🦞 Active nodes: 20 | Shards per cycle: 4
2026-02-04 17:55:33 +08:00: 📋 Active sessions: 9
2026-02-04 17:55:33 +08:00: \n🚀 Processing 9 sessions in 1 batches
2026-02-04 17:56:05 +08:00: \n📊 Total sessions in contract: 12
2026-02-04 17:56:06 +08:00: 🦞 Active nodes: 20 | Shards per cycle: 4
2026-02-04 17:56:08 +08:00: 📋 Active sessions: 9
2026-02-04 17:56:08 +08:00: \n🚀 Processing 9 sessions in 1 batches
2026-02-04 17:56:41 +08:00: \n📊 Total sessions in contract: 12
2026-02-04 17:56:41 +08:00: 🦞 Active nodes: 20 | Shards per cycle: 4
2026-02-04 17:56:44 +08:00: 📋 Active sessions: 9
2026-02-04 17:56:44 +08:00: \n🚀 Processing 9 sessions in 1 batches
2026-02-04 17:57:16 +08:00: \n📊 Total sessions in contract: 12
2026-02-04 17:57:17 +08:00: 🦞 Active nodes: 20 | Shards per cycle: 4
2026-02-04 17:57:19 +08:00: 📋 Active sessions: 9
2026-02-04 17:57:19 +08:00: \n🚀 Processing 9 sessions in 1 batches
2026-02-04 17:57:52 +08:00: \n📊 Total sessions in contract: 12
2026-02-04 17:57:52 +08:00: 🦞 Active nodes: 20 | Shards per cycle: 4
2026-02-04 17:57:55 +08:00: 📋 Active sessions: 9
2026-02-04 17:57:55 +08:00: \n🚀 Processing 9 sessions in 1 batches
2026-02-04 17:58:27 +08:00: \n📊 Total sessions in contract: 12
2026-02-04 17:58:28 +08:00: 🦞 Active nodes: 20 | Shards per cycle: 4
2026-02-04 17:58:30 +08:00: 📋 Active sessions: 9
2026-02-04 17:58:30 +08:00: \n🚀 Processing 9 sessions in 1 batches
2026-02-04 17:59:03 +08:00: \n📊 Total sessions in contract: 12
2026-02-04 17:59:03 +08:00: 🦞 Active nodes: 20 | Shards per cycle: 4
2026-02-04 17:59:06 +08:00: 📋 Active sessions: 9
2026-02-04 17:59:06 +08:00: \n🚀 Processing 9 sessions in 1 batches
2026-02-04 17:59:38 +08:00: \n📊 Total sessions in contract: 12
2026-02-04 17:59:39 +08:00: 🦞 Active nodes: 20 | Shards per cycle: 4
2026-02-04 17:59:41 +08:00: 📋 Active sessions: 9
2026-02-04 17:59:41 +08:00: \n🚀 Processing 9 sessions in 1 batches
2026-02-04 18:00:14 +08:00: \n📊 Total sessions in contract: 12
2026-02-04 18:00:14 +08:00: 🦞 Active nodes: 20 | Shards per cycle: 4
2026-02-04 18:00:17 +08:00: 📋 Active sessions: 9
2026-02-04 18:00:17 +08:00: \n🚀 Processing 9 sessions in 1 batches
2026-02-04 18:00:49 +08:00: \n📊 Total sessions in contract: 12
2026-02-04 18:00:50 +08:00: 🦞 Active nodes: 20 | Shards per cycle: 4
2026-02-04 18:00:52 +08:00: 📋 Active sessions: 9
2026-02-04 18:00:52 +08:00: \n🚀 Processing 9 sessions in 1 batches
2026-02-04 18:01:25 +08:00: \n📊 Total sessions in contract: 12
2026-02-04 18:01:25 +08:00: 🦞 Active nodes: 20 | Shards per cycle: 4
2026-02-04 18:01:28 +08:00: 📋 Active sessions: 9
2026-02-04 18:01:28 +08:00: \n🚀 Processing 9 sessions in 1 batches
2026-02-04 18:02:01 +08:00: \n📊 Total sessions in contract: 12
2026-02-04 18:02:01 +08:00: 🦞 Active nodes: 20 | Shards per cycle: 4
2026-02-04 18:02:04 +08:00: 📋 Active sessions: 9
2026-02-04 18:02:04 +08:00: \n🚀 Processing 9 sessions in 1 batches
2026-02-04 18:02:36 +08:00: \n📊 Total sessions in contract: 12
2026-02-04 18:02:37 +08:00: 🦞 Active nodes: 20 | Shards per cycle: 4
2026-02-04 18:02:39 +08:00: 📋 Active sessions: 9
2026-02-04 18:02:39 +08:00: \n🚀 Processing 9 sessions in 1 batches
2026-02-04 18:03:12 +08:00: \n📊 Total sessions in contract: 12
2026-02-04 18:03:12 +08:00: 🦞 Active nodes: 20 | Shards per cycle: 4
2026-02-04 18:03:15 +08:00: 📋 Active sessions: 9
2026-02-04 18:03:15 +08:00: \n🚀 Processing 9 sessions in 1 batches
2026-02-04 18:03:47 +08:00: \n📊 Total sessions in contract: 12
2026-02-04 18:03:48 +08:00: 🦞 Active nodes: 20 | Shards per cycle: 4
2026-02-04 18:03:50 +08:00: 📋 Active sessions: 9
2026-02-04 18:03:50 +08:00: \n🚀 Processing 9 sessions in 1 batches
2026-02-04 18:08:30 +08:00: \n📊 Total sessions in contract: 12
2026-02-04 18:08:30 +08:00: 🦞 Active nodes: 20 | Shards per cycle: 4
2026-02-04 18:08:33 +08:00: 📋 Active sessions: 9
2026-02-04 18:08:33 +08:00: \n🚀 Processing 9 sessions in 1 batches
2026-02-04 18:09:06 +08:00: \n📊 Total sessions in contract: 12
2026-02-04 18:09:06 +08:00: 🦞 Active nodes: 20 | Shards per cycle: 4
2026-02-04 18:09:09 +08:00: 📋 Active sessions: 9
2026-02-04 18:09:09 +08:00: \n🚀 Processing 9 sessions in 1 batches
2026-02-04 18:09:41 +08:00: \n📊 Total sessions in contract: 12
2026-02-04 18:09:42 +08:00: 🦞 Active nodes: 20 | Shards per cycle: 4
2026-02-04 18:09:44 +08:00: 📋 Active sessions: 9
2026-02-04 18:09:44 +08:00: \n🚀 Processing 9 sessions in 1 batches
2026-02-04 18:10:17 +08:00: \n📊 Total sessions in contract: 12
2026-02-04 18:10:17 +08:00: 🦞 Active nodes: 20 | Shards per cycle: 4
2026-02-04 18:10:20 +08:00: 📋 Active sessions: 9
2026-02-04 18:10:20 +08:00: \n🚀 Processing 9 sessions in 1 batches
2026-02-04 18:10:52 +08:00: \n📊 Total sessions in contract: 12
2026-02-04 18:10:52 +08:00: 🦞 Active nodes: 20 | Shards per cycle: 4
2026-02-04 18:10:55 +08:00: 📋 Active sessions: 9
2026-02-04 18:10:55 +08:00: \n🚀 Processing 9 sessions in 1 batches
2026-02-04 18:11:27 +08:00: \n📊 Total sessions in contract: 12
2026-02-04 18:11:28 +08:00: 🦞 Active nodes: 20 | Shards per cycle: 4
2026-02-04 18:11:31 +08:00: 📋 Active sessions: 9
2026-02-04 18:11:31 +08:00: \n🚀 Processing 9 sessions in 1 batches
2026-02-04 18:12:03 +08:00: \n📊 Total sessions in contract: 12
2026-02-04 18:12:03 +08:00: 🦞 Active nodes: 20 | Shards per cycle: 4
2026-02-04 18:12:06 +08:00: 📋 Active sessions: 9
2026-02-04 18:12:06 +08:00: \n🚀 Processing 9 sessions in 1 batches
2026-02-04 18:12:38 +08:00: \n📊 Total sessions in contract: 12
2026-02-04 18:12:39 +08:00: 🦞 Active nodes: 20 | Shards per cycle: 4
2026-02-04 18:12:42 +08:00: 📋 Active sessions: 9
2026-02-04 18:12:42 +08:00: \n🚀 Processing 9 sessions in 1 batches
2026-02-04 18:13:14 +08:00: \n📊 Total sessions in contract: 12
2026-02-04 18:13:15 +08:00: 🦞 Active nodes: 20 | Shards per cycle: 4
2026-02-04 18:13:17 +08:00: 📋 Active sessions: 9
2026-02-04 18:13:17 +08:00: \n🚀 Processing 9 sessions in 1 batches
2026-02-04 18:13:50 +08:00: \n📊 Total sessions in contract: 12
2026-02-04 18:13:50 +08:00: 🦞 Active nodes: 20 | Shards per cycle: 4
2026-02-04 18:13:53 +08:00: 📋 Active sessions: 9
2026-02-04 18:13:53 +08:00: \n🚀 Processing 9 sessions in 1 batches
2026-02-04 18:14:25 +08:00: \n📊 Total sessions in contract: 12
2026-02-04 18:14:25 +08:00: 🦞 Active nodes: 20 | Shards per cycle: 4
2026-02-04 18:14:28 +08:00: 📋 Active sessions: 9
2026-02-04 18:14:28 +08:00: \n🚀 Processing 9 sessions in 1 batches
2026-02-04 18:15:01 +08:00: \n📊 Total sessions in contract: 12
2026-02-04 18:15:01 +08:00: 🦞 Active nodes: 20 | Shards per cycle: 4
2026-02-04 18:15:04 +08:00: 📋 Active sessions: 9
2026-02-04 18:15:04 +08:00: \n🚀 Processing 9 sessions in 1 batches
2026-02-04 18:15:36 +08:00: \n📊 Total sessions in contract: 12
2026-02-04 18:15:37 +08:00: 🦞 Active nodes: 20 | Shards per cycle: 4
2026-02-04 18:15:40 +08:00: 📋 Active sessions: 9
2026-02-04 18:15:40 +08:00: \n🚀 Processing 9 sessions in 1 batches
2026-02-04 18:16:12 +08:00: \n📊 Total sessions in contract: 12
2026-02-04 18:16:13 +08:00: 🦞 Active nodes: 20 | Shards per cycle: 4
2026-02-04 18:16:16 +08:00: 📋 Active sessions: 9
2026-02-04 18:16:16 +08:00: \n🚀 Processing 9 sessions in 1 batches
2026-02-04 18:16:48 +08:00: \n📊 Total sessions in contract: 12
2026-02-04 18:16:48 +08:00: 🦞 Active nodes: 20 | Shards per cycle: 4
2026-02-04 18:16:51 +08:00: 📋 Active sessions: 9
2026-02-04 18:16:51 +08:00: \n🚀 Processing 9 sessions in 1 batches
2026-02-04 18:17:24 +08:00: \n📊 Total sessions in contract: 12
2026-02-04 18:17:24 +08:00: 🦞 Active nodes: 20 | Shards per cycle: 4
2026-02-04 18:17:27 +08:00: 📋 Active sessions: 9
2026-02-04 18:17:27 +08:00: \n🚀 Processing 9 sessions in 1 batches
2026-02-04 18:17:59 +08:00: \n📊 Total sessions in contract: 12
2026-02-04 18:18:00 +08:00: 🦞 Active nodes: 20 | Shards per cycle: 4
2026-02-04 18:18:02 +08:00: 📋 Active sessions: 9
2026-02-04 18:18:02 +08:00: \n🚀 Processing 9 sessions in 1 batches
2026-02-04 18:18:35 +08:00: \n📊 Total sessions in contract: 12
2026-02-04 18:18:35 +08:00: 🦞 Active nodes: 20 | Shards per cycle: 4
2026-02-04 18:18:38 +08:00: 📋 Active sessions: 9
2026-02-04 18:18:38 +08:00: \n🚀 Processing 9 sessions in 1 batches
2026-02-04 18:19:10 +08:00: \n📊 Total sessions in contract: 12
2026-02-04 18:19:11 +08:00: 🦞 Active nodes: 20 | Shards per cycle: 4
2026-02-04 18:19:13 +08:00: 📋 Active sessions: 9
2026-02-04 18:19:13 +08:00: \n🚀 Processing 9 sessions in 1 batches
2026-02-04 18:19:46 +08:00: \n📊 Total sessions in contract: 12
2026-02-04 18:19:46 +08:00: 🦞 Active nodes: 20 | Shards per cycle: 4
2026-02-04 18:19:49 +08:00: 📋 Active sessions: 9
2026-02-04 18:19:49 +08:00: \n🚀 Processing 9 sessions in 1 batches
2026-02-04 18:20:21 +08:00: \n📊 Total sessions in contract: 12
2026-02-04 18:20:22 +08:00: 🦞 Active nodes: 20 | Shards per cycle: 4
2026-02-04 18:20:24 +08:00: 📋 Active sessions: 9
2026-02-04 18:20:24 +08:00: \n🚀 Processing 9 sessions in 1 batches
2026-02-04 18:20:57 +08:00: \n📊 Total sessions in contract: 12
2026-02-04 18:20:57 +08:00: 🦞 Active nodes: 20 | Shards per cycle: 4
2026-02-04 18:21:00 +08:00: 📋 Active sessions: 9
2026-02-04 18:21:00 +08:00: \n🚀 Processing 9 sessions in 1 batches
2026-02-04 18:23:03 +08:00: \n📊 Total sessions in contract: 12
2026-02-04 18:23:04 +08:00: 🦞 Active nodes: 20 | Shards per cycle: 4
2026-02-04 18:23:07 +08:00: 📋 Active sessions: 9
2026-02-04 18:23:07 +08:00: \n🚀 Processing 9 sessions in 1 batches
2026-02-04 18:35:17 +08:00: \n📊 Total sessions in contract: 12
2026-02-04 18:35:17 +08:00: 🦞 Active nodes: 20 | Shards per cycle: 4
2026-02-04 18:35:20 +08:00: 📋 Active sessions: 9
2026-02-04 18:35:20 +08:00: \n🚀 Processing 9 sessions in 1 batches
2026-02-04 18:35:52 +08:00: \n📊 Total sessions in contract: 12
2026-02-04 18:35:53 +08:00: 🦞 Active nodes: 20 | Shards per cycle: 4
2026-02-04 18:35:55 +08:00: 📋 Active sessions: 9
2026-02-04 18:35:55 +08:00: \n🚀 Processing 9 sessions in 1 batches
2026-02-04 18:36:28 +08:00: \n📊 Total sessions in contract: 12
2026-02-04 18:36:28 +08:00: 🦞 Active nodes: 20 | Shards per cycle: 4
2026-02-04 18:36:31 +08:00: 📋 Active sessions: 9
2026-02-04 18:36:31 +08:00: \n🚀 Processing 9 sessions in 1 batches
2026-02-04 18:37:03 +08:00: \n📊 Total sessions in contract: 12
2026-02-04 18:37:04 +08:00: 🦞 Active nodes: 20 | Shards per cycle: 4
2026-02-04 18:37:06 +08:00: 📋 Active sessions: 9
2026-02-04 18:37:06 +08:00: \n🚀 Processing 9 sessions in 1 batches
2026-02-04 18:38:59 +08:00: \n📊 Total sessions in contract: 12
2026-02-04 18:38:59 +08:00: 🦞 Active nodes: 20 | Shards per cycle: 4
2026-02-04 18:39:02 +08:00: 📋 Active sessions: 9
2026-02-04 18:39:02 +08:00: \n🚀 Processing 9 sessions in 1 batches
2026-02-04 18:39:34 +08:00: \n📊 Total sessions in contract: 12
2026-02-04 18:39:35 +08:00: 🦞 Active nodes: 20 | Shards per cycle: 4
2026-02-04 18:39:38 +08:00: 📋 Active sessions: 9
2026-02-04 18:39:38 +08:00: \n🚀 Processing 9 sessions in 1 batches
2026-02-04 18:40:10 +08:00: \n📊 Total sessions in contract: 12
2026-02-04 18:40:10 +08:00: 🦞 Active nodes: 20 | Shards per cycle: 4
2026-02-04 18:40:13 +08:00: 📋 Active sessions: 9
2026-02-04 18:40:13 +08:00: \n🚀 Processing 9 sessions in 1 batches
2026-02-04 18:40:46 +08:00: \n📊 Total sessions in contract: 12
2026-02-04 18:40:46 +08:00: 🦞 Active nodes: 20 | Shards per cycle: 4
2026-02-04 18:40:49 +08:00: 📋 Active sessions: 9
2026-02-04 18:40:49 +08:00: \n🚀 Processing 9 sessions in 1 batches
2026-02-04 18:41:21 +08:00: \n📊 Total sessions in contract: 12
2026-02-04 18:41:22 +08:00: 🦞 Active nodes: 20 | Shards per cycle: 4
2026-02-04 18:41:24 +08:00: 📋 Active sessions: 9
2026-02-04 18:41:24 +08:00: \n🚀 Processing 9 sessions in 1 batches
2026-02-04 18:41:57 +08:00: \n📊 Total sessions in contract: 12
2026-02-04 18:41:57 +08:00: 🦞 Active nodes: 20 | Shards per cycle: 4
2026-02-04 18:42:00 +08:00: 📋 Active sessions: 9
2026-02-04 18:42:00 +08:00: \n🚀 Processing 9 sessions in 1 batches
2026-02-04 18:42:39 +08:00: \n📊 Total sessions in contract: 12
2026-02-04 18:42:40 +08:00: 🦞 Active nodes: 20 | Shards per cycle: 4
2026-02-04 18:42:43 +08:00: 📋 Active sessions: 9
2026-02-04 18:42:43 +08:00: \n🚀 Processing 9 sessions in 1 batches
2026-02-04 18:43:15 +08:00: \n📊 Total sessions in contract: 12
2026-02-04 18:43:15 +08:00: 🦞 Active nodes: 20 | Shards per cycle: 4
2026-02-04 18:43:18 +08:00: 📋 Active sessions: 9
2026-02-04 18:43:18 +08:00: \n🚀 Processing 9 sessions in 1 batches
2026-02-04 18:43:50 +08:00: \n📊 Total sessions in contract: 12
2026-02-04 18:43:51 +08:00: 🦞 Active nodes: 20 | Shards per cycle: 4
2026-02-04 18:43:54 +08:00: 📋 Active sessions: 9
2026-02-04 18:43:54 +08:00: \n🚀 Processing 9 sessions in 1 batches
2026-02-04 18:44:26 +08:00: \n📊 Total sessions in contract: 12
2026-02-04 18:44:27 +08:00: 🦞 Active nodes: 20 | Shards per cycle: 4
2026-02-04 18:44:29 +08:00: 📋 Active sessions: 9
2026-02-04 18:44:29 +08:00: \n🚀 Processing 9 sessions in 1 batches
2026-02-04 18:45:02 +08:00: \n📊 Total sessions in contract: 12
2026-02-04 18:45:02 +08:00: 🦞 Active nodes: 20 | Shards per cycle: 4
2026-02-04 18:45:05 +08:00: 📋 Active sessions: 9
2026-02-04 18:45:05 +08:00: \n🚀 Processing 9 sessions in 1 batches
2026-02-04 18:45:37 +08:00: \n📊 Total sessions in contract: 12
2026-02-04 18:45:38 +08:00: 🦞 Active nodes: 20 | Shards per cycle: 4
2026-02-04 18:45:41 +08:00: 📋 Active sessions: 9
2026-02-04 18:45:41 +08:00: \n🚀 Processing 9 sessions in 1 batches
2026-02-04 18:46:13 +08:00: \n📊 Total sessions in contract: 12
2026-02-04 18:46:13 +08:00: 🦞 Active nodes: 20 | Shards per cycle: 4
2026-02-04 18:46:16 +08:00: 📋 Active sessions: 9
2026-02-04 18:46:16 +08:00: \n🚀 Processing 9 sessions in 1 batches
2026-02-04 18:46:49 +08:00: \n📊 Total sessions in contract: 12
2026-02-04 18:46:49 +08:00: 🦞 Active nodes: 20 | Shards per cycle: 4
2026-02-04 18:46:52 +08:00: 📋 Active sessions: 9
2026-02-04 18:46:52 +08:00: \n🚀 Processing 9 sessions in 1 batches
2026-02-04 18:47:24 +08:00: \n📊 Total sessions in contract: 12
2026-02-04 18:47:25 +08:00: 🦞 Active nodes: 20 | Shards per cycle: 4
2026-02-04 18:47:27 +08:00: 📋 Active sessions: 9
2026-02-04 18:47:27 +08:00: \n🚀 Processing 9 sessions in 1 batches
2026-02-04 18:48:16 +08:00: \n🚀 Processing 9 sessions in 1 batches
2026-02-04 18:48:56 +08:00: \n📊 Total sessions in contract: 12
2026-02-04 18:48:57 +08:00: 🦞 Active nodes: 20 | Shards per cycle: 4
2026-02-04 18:49:00 +08:00: 📋 Active sessions: 9
2026-02-04 18:49:00 +08:00: \n🚀 Processing 9 sessions in 1 batches
2026-02-04 18:49:34 +08:00: \n📊 Total sessions in contract: 12
2026-02-04 18:49:34 +08:00: 🦞 Active nodes: 20 | Shards per cycle: 4
2026-02-04 18:49:37 +08:00: 📋 Active sessions: 9
2026-02-04 18:49:37 +08:00: \n🚀 Processing 9 sessions in 1 batches
2026-02-04 18:50:09 +08:00: \n📊 Total sessions in contract: 12
2026-02-04 18:50:10 +08:00: 🦞 Active nodes: 20 | Shards per cycle: 4
2026-02-04 18:50:12 +08:00: 📋 Active sessions: 9
2026-02-04 18:50:12 +08:00: \n🚀 Processing 9 sessions in 1 batches
2026-02-04 18:50:45 +08:00: \n📊 Total sessions in contract: 12
2026-02-04 18:50:45 +08:00: 🦞 Active nodes: 20 | Shards per cycle: 4
2026-02-04 18:50:48 +08:00: 📋 Active sessions: 9
2026-02-04 18:50:48 +08:00: \n🚀 Processing 9 sessions in 1 batches
2026-02-04 18:51:20 +08:00: \n📊 Total sessions in contract: 12
2026-02-04 18:51:21 +08:00: 🦞 Active nodes: 20 | Shards per cycle: 4
2026-02-04 18:51:23 +08:00: 📋 Active sessions: 9
2026-02-04 18:51:23 +08:00: \n🚀 Processing 9 sessions in 1 batches
2026-02-04 18:51:56 +08:00: \n📊 Total sessions in contract: 12
2026-02-04 18:51:56 +08:00: 🦞 Active nodes: 20 | Shards per cycle: 4
2026-02-04 18:51:59 +08:00: 📋 Active sessions: 9
2026-02-04 18:51:59 +08:00: \n🚀 Processing 9 sessions in 1 batches
2026-02-04 19:07:36 +08:00: \n📊 Total sessions in contract: 12
2026-02-04 19:07:37 +08:00: 🦞 Active nodes: 20 | Shards per cycle: 4
2026-02-04 19:07:40 +08:00: 📋 Active sessions: 9
2026-02-04 19:07:40 +08:00: \n🚀 Processing 9 sessions in 1 batches
2026-02-04 19:08:13 +08:00: \n📊 Total sessions in contract: 12
2026-02-04 19:08:13 +08:00: 🦞 Active nodes: 20 | Shards per cycle: 4
2026-02-04 19:08:16 +08:00: 📋 Active sessions: 9
2026-02-04 19:08:16 +08:00: \n🚀 Processing 9 sessions in 1 batches
2026-02-04 19:22:28 +08:00: \n📊 Total sessions in contract: 12
2026-02-04 19:22:28 +08:00: 🦞 Active nodes: 20 | Shards per cycle: 4
2026-02-04 19:22:31 +08:00: 📋 Active sessions: 9
2026-02-04 19:22:31 +08:00: \n🚀 Processing 9 sessions in 1 batches
2026-02-04 19:23:03 +08:00: \n📊 Total sessions in contract: 12
2026-02-04 19:23:04 +08:00: 🦞 Active nodes: 20 | Shards per cycle: 4
2026-02-04 19:23:06 +08:00: 📋 Active sessions: 9
2026-02-04 19:23:06 +08:00: \n🚀 Processing 9 sessions in 1 batches
2026-02-04 19:23:39 +08:00: \n📊 Total sessions in contract: 12
2026-02-04 19:23:39 +08:00: 🦞 Active nodes: 20 | Shards per cycle: 4
2026-02-04 19:23:42 +08:00: 📋 Active sessions: 9
2026-02-04 19:23:42 +08:00: \n🚀 Processing 9 sessions in 1 batches
2026-02-04 19:24:14 +08:00: \n📊 Total sessions in contract: 12
2026-02-04 19:24:15 +08:00: 🦞 Active nodes: 20 | Shards per cycle: 4
2026-02-04 19:24:17 +08:00: 📋 Active sessions: 9
2026-02-04 19:24:17 +08:00: \n🚀 Processing 9 sessions in 1 batches
2026-02-04 19:24:50 +08:00: \n📊 Total sessions in contract: 12
2026-02-04 19:24:50 +08:00: 🦞 Active nodes: 20 | Shards per cycle: 4
2026-02-04 19:24:53 +08:00: 📋 Active sessions: 9
2026-02-04 19:24:53 +08:00: \n🚀 Processing 9 sessions in 1 batches
2026-02-04 19:25:25 +08:00: \n📊 Total sessions in contract: 12
2026-02-04 19:25:25 +08:00: 🦞 Active nodes: 20 | Shards per cycle: 4
2026-02-04 19:25:28 +08:00: 📋 Active sessions: 9
2026-02-04 19:25:28 +08:00: \n🚀 Processing 9 sessions in 1 batches
2026-02-04 19:26:01 +08:00: \n📊 Total sessions in contract: 12
2026-02-04 19:26:01 +08:00: 🦞 Active nodes: 20 | Shards per cycle: 4
2026-02-04 19:26:04 +08:00: 📋 Active sessions: 9
2026-02-04 19:26:04 +08:00: \n🚀 Processing 9 sessions in 1 batches
2026-02-04 19:26:36 +08:00: \n📊 Total sessions in contract: 12
2026-02-04 19:26:37 +08:00: 🦞 Active nodes: 20 | Shards per cycle: 4
2026-02-04 19:26:39 +08:00: 📋 Active sessions: 9
2026-02-04 19:26:39 +08:00: \n🚀 Processing 9 sessions in 1 batches
2026-02-04 19:27:12 +08:00: \n📊 Total sessions in contract: 12
2026-02-04 19:27:12 +08:00: 🦞 Active nodes: 20 | Shards per cycle: 4
2026-02-04 19:27:15 +08:00: 📋 Active sessions: 9
2026-02-04 19:27:15 +08:00: \n🚀 Processing 9 sessions in 1 batches
2026-02-04 19:27:47 +08:00: \n📊 Total sessions in contract: 12
2026-02-04 19:27:48 +08:00: 🦞 Active nodes: 20 | Shards per cycle: 4
2026-02-04 19:27:51 +08:00: 📋 Active sessions: 9
2026-02-04 19:27:51 +08:00: \n🚀 Processing 9 sessions in 1 batches
2026-02-04 19:28:22 +08:00: \n📊 Total sessions in contract: 12
2026-02-04 19:28:22 +08:00: 🦞 Active nodes: 20 | Shards per cycle: 4
2026-02-04 19:28:25 +08:00: 📋 Active sessions: 9
2026-02-04 19:28:25 +08:00: \n🚀 Processing 9 sessions in 1 batches
2026-02-04 19:43:55 +08:00: \n📊 Total sessions in contract: 12
2026-02-04 19:43:55 +08:00: 🦞 Active nodes: 20 | Shards per cycle: 4
2026-02-04 19:43:58 +08:00: 📋 Active sessions: 9
2026-02-04 19:43:58 +08:00: \n🚀 Processing 9 sessions in 1 batches
2026-02-04 19:44:31 +08:00: \n📊 Total sessions in contract: 12
2026-02-04 19:44:31 +08:00: 🦞 Active nodes: 20 | Shards per cycle: 4
2026-02-04 19:44:34 +08:00: 📋 Active sessions: 9
2026-02-04 19:44:34 +08:00: \n🚀 Processing 9 sessions in 1 batches
2026-02-04 20:00:04 +08:00: \n📊 Total sessions in contract: 12
2026-02-04 20:00:05 +08:00: 🦞 Active nodes: 20 | Shards per cycle: 4
2026-02-04 20:00:07 +08:00: 📋 Active sessions: 9
2026-02-04 20:00:07 +08:00: \n🚀 Processing 9 sessions in 1 batches
2026-02-04 20:00:40 +08:00: \n📊 Total sessions in contract: 12
2026-02-04 20:00:40 +08:00: 🦞 Active nodes: 20 | Shards per cycle: 4
2026-02-04 20:00:43 +08:00: 📋 Active sessions: 9
2026-02-04 20:00:43 +08:00: \n🚀 Processing 9 sessions in 1 batches
2026-02-04 20:16:04 +08:00: \n📊 Total sessions in contract: 12
2026-02-04 20:16:05 +08:00: 🦞 Active nodes: 20 | Shards per cycle: 4
2026-02-04 20:16:08 +08:00: 📋 Active sessions: 9
2026-02-04 20:16:08 +08:00: \n🚀 Processing 9 sessions in 1 batches
2026-02-04 20:16:40 +08:00: \n📊 Total sessions in contract: 12
2026-02-04 20:16:40 +08:00: 🦞 Active nodes: 20 | Shards per cycle: 4
2026-02-04 20:16:43 +08:00: 📋 Active sessions: 9
2026-02-04 20:16:43 +08:00: \n🚀 Processing 9 sessions in 1 batches
2026-02-04 20:18:21 +08:00: \n📊 Total sessions in contract: 12
2026-02-04 20:18:21 +08:00: 🦞 Active nodes: 20 | Shards per cycle: 4
2026-02-04 20:18:24 +08:00: 📋 Active sessions: 9
2026-02-04 20:18:24 +08:00: \n🚀 Processing 9 sessions in 1 batches
2026-02-04 20:18:56 +08:00: \n📊 Total sessions in contract: 12
2026-02-04 20:18:57 +08:00: 🦞 Active nodes: 20 | Shards per cycle: 4
2026-02-04 20:18:59 +08:00: 📋 Active sessions: 9
2026-02-04 20:18:59 +08:00: \n🚀 Processing 9 sessions in 1 batches
2026-02-04 20:19:32 +08:00: \n📊 Total sessions in contract: 12
2026-02-04 20:19:32 +08:00: 🦞 Active nodes: 20 | Shards per cycle: 4
2026-02-04 20:19:35 +08:00: 📋 Active sessions: 9
2026-02-04 20:19:35 +08:00: \n🚀 Processing 9 sessions in 1 batches
2026-02-04 20:20:07 +08:00: \n📊 Total sessions in contract: 12
2026-02-04 20:20:08 +08:00: 🦞 Active nodes: 20 | Shards per cycle: 4
2026-02-04 20:20:10 +08:00: 📋 Active sessions: 9
2026-02-04 20:20:10 +08:00: \n🚀 Processing 9 sessions in 1 batches
2026-02-04 20:20:43 +08:00: \n📊 Total sessions in contract: 12
2026-02-04 20:20:43 +08:00: 🦞 Active nodes: 20 | Shards per cycle: 4
2026-02-04 20:20:46 +08:00: 📋 Active sessions: 9
2026-02-04 20:20:46 +08:00: \n🚀 Processing 9 sessions in 1 batches
2026-02-04 20:21:18 +08:00: \n📊 Total sessions in contract: 12
2026-02-04 20:21:18 +08:00: 🦞 Active nodes: 20 | Shards per cycle: 4
2026-02-04 20:21:21 +08:00: 📋 Active sessions: 9
2026-02-04 20:21:21 +08:00: \n🚀 Processing 9 sessions in 1 batches
2026-02-04 20:21:53 +08:00: \n📊 Total sessions in contract: 12
2026-02-04 20:21:54 +08:00: 🦞 Active nodes: 20 | Shards per cycle: 4
2026-02-04 20:21:57 +08:00: 📋 Active sessions: 9
2026-02-04 20:21:57 +08:00: \n🚀 Processing 9 sessions in 1 batches
2026-02-04 20:22:29 +08:00: \n📊 Total sessions in contract: 12
2026-02-04 20:22:29 +08:00: 🦞 Active nodes: 20 | Shards per cycle: 4
2026-02-04 20:22:32 +08:00: 📋 Active sessions: 9
2026-02-04 20:22:32 +08:00: \n🚀 Processing 9 sessions in 1 batches
2026-02-04 20:23:04 +08:00: \n📊 Total sessions in contract: 12
2026-02-04 20:23:05 +08:00: 🦞 Active nodes: 20 | Shards per cycle: 4
2026-02-04 20:23:08 +08:00: 📋 Active sessions: 9
2026-02-04 20:23:08 +08:00: \n🚀 Processing 9 sessions in 1 batches
2026-02-04 20:23:40 +08:00: \n📊 Total sessions in contract: 12
2026-02-04 20:23:41 +08:00: 🦞 Active nodes: 20 | Shards per cycle: 4
2026-02-04 20:23:43 +08:00: 📋 Active sessions: 9
2026-02-04 20:23:43 +08:00: \n🚀 Processing 9 sessions in 1 batches
2026-02-04 20:24:16 +08:00: \n📊 Total sessions in contract: 12
2026-02-04 20:24:16 +08:00: 🦞 Active nodes: 20 | Shards per cycle: 4
2026-02-04 20:24:19 +08:00: 📋 Active sessions: 9
2026-02-04 20:24:19 +08:00: \n🚀 Processing 9 sessions in 1 batches
2026-02-04 20:24:51 +08:00: \n📊 Total sessions in contract: 12
2026-02-04 20:24:52 +08:00: 🦞 Active nodes: 20 | Shards per cycle: 4
2026-02-04 20:24:54 +08:00: 📋 Active sessions: 9
2026-02-04 20:24:54 +08:00: \n🚀 Processing 9 sessions in 1 batches
2026-02-04 20:25:27 +08:00: \n📊 Total sessions in contract: 12
2026-02-04 20:25:27 +08:00: 🦞 Active nodes: 20 | Shards per cycle: 4
2026-02-04 20:25:30 +08:00: 📋 Active sessions: 9
2026-02-04 20:25:30 +08:00: \n🚀 Processing 9 sessions in 1 batches
2026-02-04 20:26:02 +08:00: \n📊 Total sessions in contract: 12
2026-02-04 20:26:03 +08:00: 🦞 Active nodes: 20 | Shards per cycle: 4
2026-02-04 20:26:06 +08:00: 📋 Active sessions: 9
2026-02-04 20:26:06 +08:00: \n🚀 Processing 9 sessions in 1 batches
2026-02-04 20:31:53 +08:00: \n📊 Total sessions in contract: 12
2026-02-04 20:31:53 +08:00: 🦞 Active nodes: 20 | Shards per cycle: 4
2026-02-04 20:31:56 +08:00: 📋 Active sessions: 9
2026-02-04 20:31:56 +08:00: \n🚀 Processing 9 sessions in 1 batches
2026-02-04 20:32:29 +08:00: \n📊 Total sessions in contract: 12
2026-02-04 20:32:29 +08:00: 🦞 Active nodes: 20 | Shards per cycle: 4
2026-02-04 20:32:32 +08:00: 📋 Active sessions: 9
2026-02-04 20:32:32 +08:00: \n🚀 Processing 9 sessions in 1 batches
2026-02-04 20:33:04 +08:00: \n📊 Total sessions in contract: 12
2026-02-04 20:33:05 +08:00: 🦞 Active nodes: 20 | Shards per cycle: 4
2026-02-04 20:33:07 +08:00: 📋 Active sessions: 9
2026-02-04 20:33:07 +08:00: \n🚀 Processing 9 sessions in 1 batches
2026-02-04 20:33:40 +08:00: \n📊 Total sessions in contract: 12
2026-02-04 20:33:40 +08:00: 🦞 Active nodes: 20 | Shards per cycle: 4
2026-02-04 20:33:43 +08:00: 📋 Active sessions: 9
2026-02-04 20:33:43 +08:00: \n🚀 Processing 9 sessions in 1 batches
2026-02-04 20:34:15 +08:00: \n📊 Total sessions in contract: 12
2026-02-04 20:34:15 +08:00: 🦞 Active nodes: 20 | Shards per cycle: 4
2026-02-04 20:34:18 +08:00: 📋 Active sessions: 9
2026-02-04 20:34:18 +08:00: \n🚀 Processing 9 sessions in 1 batches
2026-02-04 20:34:51 +08:00: \n📊 Total sessions in contract: 12
2026-02-04 20:34:51 +08:00: 🦞 Active nodes: 20 | Shards per cycle: 4
2026-02-04 20:34:54 +08:00: 📋 Active sessions: 9
2026-02-04 20:34:54 +08:00: \n🚀 Processing 9 sessions in 1 batches
2026-02-04 20:35:26 +08:00: \n📊 Total sessions in contract: 12
2026-02-04 20:35:26 +08:00: 🦞 Active nodes: 20 | Shards per cycle: 4
2026-02-04 20:35:29 +08:00: 📋 Active sessions: 9
2026-02-04 20:35:29 +08:00: \n🚀 Processing 9 sessions in 1 batches
2026-02-04 20:36:01 +08:00: \n📊 Total sessions in contract: 12
2026-02-04 20:36:02 +08:00: 🦞 Active nodes: 20 | Shards per cycle: 4
2026-02-04 20:36:05 +08:00: 📋 Active sessions: 9
2026-02-04 20:36:05 +08:00: \n🚀 Processing 9 sessions in 1 batches
2026-02-04 20:36:37 +08:00: \n📊 Total sessions in contract: 12
2026-02-04 20:36:37 +08:00: 🦞 Active nodes: 20 | Shards per cycle: 4
2026-02-04 20:36:40 +08:00: 📋 Active sessions: 9
2026-02-04 20:36:40 +08:00: \n🚀 Processing 9 sessions in 1 batches
2026-02-04 20:37:13 +08:00: \n📊 Total sessions in contract: 12
2026-02-04 20:37:13 +08:00: 🦞 Active nodes: 20 | Shards per cycle: 4
2026-02-04 20:37:16 +08:00: 📋 Active sessions: 9
2026-02-04 20:37:16 +08:00: \n🚀 Processing 9 sessions in 1 batches
2026-02-04 20:37:48 +08:00: \n📊 Total sessions in contract: 12
2026-02-04 20:37:49 +08:00: 🦞 Active nodes: 20 | Shards per cycle: 4
2026-02-04 20:37:51 +08:00: 📋 Active sessions: 9
2026-02-04 20:37:51 +08:00: \n🚀 Processing 9 sessions in 1 batches
2026-02-04 20:38:24 +08:00: \n📊 Total sessions in contract: 12
2026-02-04 20:38:24 +08:00: 🦞 Active nodes: 20 | Shards per cycle: 4
2026-02-04 20:38:27 +08:00: 📋 Active sessions: 9
2026-02-04 20:38:27 +08:00: \n🚀 Processing 9 sessions in 1 batches
2026-02-04 20:38:59 +08:00: \n📊 Total sessions in contract: 12
2026-02-04 20:39:00 +08:00: 🦞 Active nodes: 20 | Shards per cycle: 4
2026-02-04 20:39:02 +08:00: 📋 Active sessions: 9
2026-02-04 20:39:02 +08:00: \n🚀 Processing 9 sessions in 1 batches
2026-02-04 20:39:35 +08:00: \n📊 Total sessions in contract: 12
2026-02-04 20:39:35 +08:00: 🦞 Active nodes: 20 | Shards per cycle: 4
2026-02-04 20:39:38 +08:00: 📋 Active sessions: 9
2026-02-04 20:39:38 +08:00: \n🚀 Processing 9 sessions in 1 batches
2026-02-04 20:40:10 +08:00: \n📊 Total sessions in contract: 12
2026-02-04 20:40:11 +08:00: 🦞 Active nodes: 20 | Shards per cycle: 4
2026-02-04 20:40:14 +08:00: 📋 Active sessions: 9
2026-02-04 20:40:14 +08:00: \n🚀 Processing 9 sessions in 1 batches
2026-02-04 20:40:46 +08:00: \n📊 Total sessions in contract: 12
2026-02-04 20:40:46 +08:00: 🦞 Active nodes: 20 | Shards per cycle: 4
2026-02-04 20:40:49 +08:00: 📋 Active sessions: 9
2026-02-04 20:40:49 +08:00: \n🚀 Processing 9 sessions in 1 batches
2026-02-04 20:50:19 +08:00: \n📊 Total sessions in contract: 12
2026-02-04 20:50:19 +08:00: 🦞 Active nodes: 20 | Shards per cycle: 4
2026-02-04 20:50:22 +08:00: 📋 Active sessions: 9
2026-02-04 20:50:22 +08:00: \n🚀 Processing 9 sessions in 1 batches
2026-02-04 20:50:55 +08:00: \n📊 Total sessions in contract: 12
2026-02-04 20:50:55 +08:00: 🦞 Active nodes: 20 | Shards per cycle: 4
2026-02-04 20:50:58 +08:00: 📋 Active sessions: 9
2026-02-04 20:50:58 +08:00: \n🚀 Processing 9 sessions in 1 batches
2026-02-04 20:51:30 +08:00: \n📊 Total sessions in contract: 12
2026-02-04 20:51:31 +08:00: 🦞 Active nodes: 20 | Shards per cycle: 4
2026-02-04 20:51:34 +08:00: 📋 Active sessions: 9
2026-02-04 20:51:34 +08:00: \n🚀 Processing 9 sessions in 1 batches
2026-02-04 20:52:06 +08:00: \n📊 Total sessions in contract: 12
2026-02-04 20:52:07 +08:00: 🦞 Active nodes: 20 | Shards per cycle: 4
2026-02-04 20:52:09 +08:00: 📋 Active sessions: 9
2026-02-04 20:52:09 +08:00: \n🚀 Processing 9 sessions in 1 batches
2026-02-04 20:52:42 +08:00: \n📊 Total sessions in contract: 12
2026-02-04 20:52:42 +08:00: 🦞 Active nodes: 20 | Shards per cycle: 4
2026-02-04 20:52:45 +08:00: 📋 Active sessions: 9
2026-02-04 20:52:45 +08:00: \n🚀 Processing 9 sessions in 1 batches
2026-02-04 20:53:17 +08:00: \n📊 Total sessions in contract: 12
2026-02-04 20:53:18 +08:00: 🦞 Active nodes: 20 | Shards per cycle: 4
2026-02-04 20:53:20 +08:00: 📋 Active sessions: 9
2026-02-04 20:53:20 +08:00: \n🚀 Processing 9 sessions in 1 batches
2026-02-04 20:53:53 +08:00: \n📊 Total sessions in contract: 12
2026-02-04 20:53:53 +08:00: 🦞 Active nodes: 20 | Shards per cycle: 4
2026-02-04 20:53:56 +08:00: 📋 Active sessions: 9
2026-02-04 20:53:56 +08:00: \n🚀 Processing 9 sessions in 1 batches
2026-02-04 20:54:28 +08:00: \n📊 Total sessions in contract: 12
2026-02-04 20:54:29 +08:00: 🦞 Active nodes: 20 | Shards per cycle: 4
2026-02-04 20:54:31 +08:00: 📋 Active sessions: 9
2026-02-04 20:54:31 +08:00: \n🚀 Processing 9 sessions in 1 batches
2026-02-04 20:55:04 +08:00: \n📊 Total sessions in contract: 12
2026-02-04 20:55:04 +08:00: 🦞 Active nodes: 20 | Shards per cycle: 4
2026-02-04 20:55:07 +08:00: 📋 Active sessions: 9
2026-02-04 20:55:07 +08:00: \n🚀 Processing 9 sessions in 1 batches
2026-02-04 20:55:39 +08:00: \n📊 Total sessions in contract: 12
2026-02-04 20:55:40 +08:00: 🦞 Active nodes: 20 | Shards per cycle: 4
2026-02-04 20:55:42 +08:00: 📋 Active sessions: 9
2026-02-04 20:55:42 +08:00: \n🚀 Processing 9 sessions in 1 batches
2026-02-04 20:56:15 +08:00: \n📊 Total sessions in contract: 12
2026-02-04 20:56:15 +08:00: 🦞 Active nodes: 20 | Shards per cycle: 4
2026-02-04 20:56:18 +08:00: 📋 Active sessions: 9
2026-02-04 20:56:18 +08:00: \n🚀 Processing 9 sessions in 1 batches
2026-02-04 20:56:50 +08:00: \n📊 Total sessions in contract: 12
2026-02-04 20:56:51 +08:00: 🦞 Active nodes: 20 | Shards per cycle: 4
2026-02-04 20:56:53 +08:00: 📋 Active sessions: 9
2026-02-04 20:56:53 +08:00: \n🚀 Processing 9 sessions in 1 batches
2026-02-04 20:57:26 +08:00: \n📊 Total sessions in contract: 12
2026-02-04 20:57:26 +08:00: 🦞 Active nodes: 20 | Shards per cycle: 4
2026-02-04 20:57:29 +08:00: 📋 Active sessions: 9
2026-02-04 20:57:29 +08:00: \n🚀 Processing 9 sessions in 1 batches
2026-02-04 20:58:01 +08:00: \n📊 Total sessions in contract: 12
2026-02-04 20:58:02 +08:00: 🦞 Active nodes: 20 | Shards per cycle: 4
2026-02-04 20:58:04 +08:00: 📋 Active sessions: 9
2026-02-04 20:58:04 +08:00: \n🚀 Processing 9 sessions in 1 batches
2026-02-04 20:58:37 +08:00: \n📊 Total sessions in contract: 12
2026-02-04 20:58:37 +08:00: 🦞 Active nodes: 20 | Shards per cycle: 4
2026-02-04 20:58:40 +08:00: 📋 Active sessions: 9
2026-02-04 20:58:40 +08:00: \n🚀 Processing 9 sessions in 1 batches
2026-02-04 20:59:12 +08:00: \n📊 Total sessions in contract: 12
2026-02-04 20:59:13 +08:00: 🦞 Active nodes: 20 | Shards per cycle: 4
2026-02-04 20:59:15 +08:00: 📋 Active sessions: 9
2026-02-04 20:59:15 +08:00: \n🚀 Processing 9 sessions in 1 batches
2026-02-04 20:59:48 +08:00: \n📊 Total sessions in contract: 12
2026-02-04 20:59:48 +08:00: 🦞 Active nodes: 20 | Shards per cycle: 4
2026-02-04 20:59:51 +08:00: 📋 Active sessions: 9
2026-02-04 20:59:51 +08:00: \n🚀 Processing 9 sessions in 1 batches
2026-02-04 21:00:23 +08:00: \n📊 Total sessions in contract: 12
2026-02-04 21:00:24 +08:00: 🦞 Active nodes: 20 | Shards per cycle: 4
2026-02-04 21:00:26 +08:00: 📋 Active sessions: 9
2026-02-04 21:00:26 +08:00: \n🚀 Processing 9 sessions in 1 batches
2026-02-04 21:00:59 +08:00: \n📊 Total sessions in contract: 12
2026-02-04 21:00:59 +08:00: 🦞 Active nodes: 20 | Shards per cycle: 4
2026-02-04 21:01:02 +08:00: 📋 Active sessions: 9
2026-02-04 21:01:02 +08:00: \n🚀 Processing 9 sessions in 1 batches
2026-02-04 21:01:34 +08:00: \n📊 Total sessions in contract: 12
2026-02-04 21:01:35 +08:00: 🦞 Active nodes: 20 | Shards per cycle: 4
2026-02-04 21:01:38 +08:00: 📋 Active sessions: 9
2026-02-04 21:01:38 +08:00: \n🚀 Processing 9 sessions in 1 batches
2026-02-04 21:02:20 +08:00: \n📊 Total sessions in contract: 12
2026-02-04 21:02:21 +08:00: 🦞 Active nodes: 20 | Shards per cycle: 4
2026-02-04 21:02:23 +08:00: 📋 Active sessions: 9
2026-02-04 21:02:23 +08:00: \n🚀 Processing 9 sessions in 1 batches
2026-02-04 21:02:56 +08:00: \n📊 Total sessions in contract: 12
2026-02-04 21:02:56 +08:00: 🦞 Active nodes: 20 | Shards per cycle: 4
2026-02-04 21:02:59 +08:00: 📋 Active sessions: 9
2026-02-04 21:02:59 +08:00: \n🚀 Processing 9 sessions in 1 batches
2026-02-04 21:03:31 +08:00: \n📊 Total sessions in contract: 12
2026-02-04 21:03:32 +08:00: 🦞 Active nodes: 20 | Shards per cycle: 4
2026-02-04 21:03:34 +08:00: 📋 Active sessions: 9
2026-02-04 21:03:34 +08:00: \n🚀 Processing 9 sessions in 1 batches
2026-02-04 21:04:07 +08:00: \n📊 Total sessions in contract: 12
2026-02-04 21:04:07 +08:00: 🦞 Active nodes: 20 | Shards per cycle: 4
2026-02-04 21:04:10 +08:00: 📋 Active sessions: 9
2026-02-04 21:04:10 +08:00: \n🚀 Processing 9 sessions in 1 batches
2026-02-04 21:04:42 +08:00: \n📊 Total sessions in contract: 12
2026-02-04 21:04:43 +08:00: 🦞 Active nodes: 20 | Shards per cycle: 4
2026-02-04 21:04:45 +08:00: 📋 Active sessions: 9
2026-02-04 21:04:45 +08:00: \n🚀 Processing 9 sessions in 1 batches
2026-02-04 21:05:18 +08:00: \n📊 Total sessions in contract: 12
2026-02-04 21:05:18 +08:00: 🦞 Active nodes: 20 | Shards per cycle: 4
2026-02-04 21:05:21 +08:00: 📋 Active sessions: 9
2026-02-04 21:05:21 +08:00: \n🚀 Processing 9 sessions in 1 batches
2026-02-04 21:05:53 +08:00: \n📊 Total sessions in contract: 12
2026-02-04 21:05:54 +08:00: 🦞 Active nodes: 20 | Shards per cycle: 4
2026-02-04 21:05:56 +08:00: 📋 Active sessions: 9
2026-02-04 21:05:56 +08:00: \n🚀 Processing 9 sessions in 1 batches
2026-02-04 21:06:29 +08:00: \n📊 Total sessions in contract: 12
2026-02-04 21:06:29 +08:00: 🦞 Active nodes: 20 | Shards per cycle: 4
2026-02-04 21:06:32 +08:00: 📋 Active sessions: 9
2026-02-04 21:06:32 +08:00: \n🚀 Processing 9 sessions in 1 batches
2026-02-04 21:07:04 +08:00: \n📊 Total sessions in contract: 12
2026-02-04 21:07:04 +08:00: 🦞 Active nodes: 20 | Shards per cycle: 4
2026-02-04 21:07:07 +08:00: 📋 Active sessions: 9
2026-02-04 21:07:07 +08:00: \n🚀 Processing 9 sessions in 1 batches
2026-02-04 21:07:40 +08:00: \n📊 Total sessions in contract: 12
2026-02-04 21:07:40 +08:00: 🦞 Active nodes: 20 | Shards per cycle: 4
2026-02-04 21:07:43 +08:00: 📋 Active sessions: 9
2026-02-04 21:07:43 +08:00: \n🚀 Processing 9 sessions in 1 batches
2026-02-04 21:08:15 +08:00: \n📊 Total sessions in contract: 12
2026-02-04 21:08:16 +08:00: 🦞 Active nodes: 20 | Shards per cycle: 4
2026-02-04 21:08:18 +08:00: 📋 Active sessions: 9
2026-02-04 21:08:18 +08:00: \n🚀 Processing 9 sessions in 1 batches
2026-02-04 21:08:51 +08:00: \n📊 Total sessions in contract: 12
2026-02-04 21:08:51 +08:00: 🦞 Active nodes: 20 | Shards per cycle: 4
2026-02-04 21:08:54 +08:00: 📋 Active sessions: 9
2026-02-04 21:08:54 +08:00: \n🚀 Processing 9 sessions in 1 batches
2026-02-04 21:09:26 +08:00: \n📊 Total sessions in contract: 12
2026-02-04 21:09:26 +08:00: 🦞 Active nodes: 20 | Shards per cycle: 4
2026-02-04 21:09:29 +08:00: 📋 Active sessions: 9
2026-02-04 21:09:29 +08:00: \n🚀 Processing 9 sessions in 1 batches
2026-02-04 21:10:02 +08:00: \n📊 Total sessions in contract: 12
2026-02-04 21:10:02 +08:00: 🦞 Active nodes: 20 | Shards per cycle: 4
2026-02-04 21:10:05 +08:00: 📋 Active sessions: 9
2026-02-04 21:10:05 +08:00: \n🚀 Processing 9 sessions in 1 batches
2026-02-04 21:10:37 +08:00: \n📊 Total sessions in contract: 12
2026-02-04 21:10:38 +08:00: 🦞 Active nodes: 20 | Shards per cycle: 4
2026-02-04 21:10:40 +08:00: 📋 Active sessions: 9
2026-02-04 21:10:40 +08:00: \n🚀 Processing 9 sessions in 1 batches
2026-02-04 21:11:13 +08:00: \n📊 Total sessions in contract: 12
2026-02-04 21:11:13 +08:00: 🦞 Active nodes: 20 | Shards per cycle: 4
2026-02-04 21:11:16 +08:00: 📋 Active sessions: 9
2026-02-04 21:11:16 +08:00: \n🚀 Processing 9 sessions in 1 batches
2026-02-04 21:11:48 +08:00: \n📊 Total sessions in contract: 12
2026-02-04 21:11:49 +08:00: 🦞 Active nodes: 20 | Shards per cycle: 4
2026-02-04 21:11:51 +08:00: 📋 Active sessions: 9
2026-02-04 21:11:51 +08:00: \n🚀 Processing 9 sessions in 1 batches
2026-02-04 21:12:24 +08:00: \n📊 Total sessions in contract: 12
2026-02-04 21:12:24 +08:00: 🦞 Active nodes: 20 | Shards per cycle: 4
2026-02-04 21:12:27 +08:00: 📋 Active sessions: 9
2026-02-04 21:12:27 +08:00: \n🚀 Processing 9 sessions in 1 batches
2026-02-04 21:12:59 +08:00: \n📊 Total sessions in contract: 12
2026-02-04 21:13:00 +08:00: 🦞 Active nodes: 20 | Shards per cycle: 4
2026-02-04 21:13:02 +08:00: 📋 Active sessions: 9
2026-02-04 21:13:02 +08:00: \n🚀 Processing 9 sessions in 1 batches
2026-02-04 21:13:35 +08:00: \n📊 Total sessions in contract: 12
2026-02-04 21:13:35 +08:00: 🦞 Active nodes: 20 | Shards per cycle: 4
2026-02-04 21:13:38 +08:00: 📋 Active sessions: 9
2026-02-04 21:13:38 +08:00: \n🚀 Processing 9 sessions in 1 batches
2026-02-04 21:14:10 +08:00: \n📊 Total sessions in contract: 12
2026-02-04 21:14:11 +08:00: 🦞 Active nodes: 20 | Shards per cycle: 4
2026-02-04 21:14:14 +08:00: 📋 Active sessions: 9
2026-02-04 21:14:14 +08:00: \n🚀 Processing 9 sessions in 1 batches
2026-02-04 21:14:46 +08:00: \n📊 Total sessions in contract: 12
2026-02-04 21:14:46 +08:00: 🦞 Active nodes: 20 | Shards per cycle: 4
2026-02-04 21:14:49 +08:00: 📋 Active sessions: 9
2026-02-04 21:14:49 +08:00: \n🚀 Processing 9 sessions in 1 batches
2026-02-04 21:15:21 +08:00: \n📊 Total sessions in contract: 12
2026-02-04 21:15:22 +08:00: 🦞 Active nodes: 20 | Shards per cycle: 4
2026-02-04 21:15:25 +08:00: 📋 Active sessions: 9
2026-02-04 21:15:25 +08:00: \n🚀 Processing 9 sessions in 1 batches
2026-02-04 21:15:57 +08:00: \n📊 Total sessions in contract: 12
2026-02-04 21:15:57 +08:00: 🦞 Active nodes: 20 | Shards per cycle: 4
2026-02-04 21:16:00 +08:00: 📋 Active sessions: 9
2026-02-04 21:16:00 +08:00: \n🚀 Processing 9 sessions in 1 batches
2026-02-04 21:16:32 +08:00: \n📊 Total sessions in contract: 12
2026-02-04 21:16:33 +08:00: 🦞 Active nodes: 20 | Shards per cycle: 4
2026-02-04 21:16:36 +08:00: 📋 Active sessions: 9
2026-02-04 21:16:36 +08:00: \n🚀 Processing 9 sessions in 1 batches
2026-02-04 21:17:08 +08:00: \n📊 Total sessions in contract: 12
2026-02-04 21:17:09 +08:00: 🦞 Active nodes: 20 | Shards per cycle: 4
2026-02-04 21:17:11 +08:00: 📋 Active sessions: 9
2026-02-04 21:17:11 +08:00: \n🚀 Processing 9 sessions in 1 batches
2026-02-04 21:17:44 +08:00: \n📊 Total sessions in contract: 12
2026-02-04 21:17:44 +08:00: 🦞 Active nodes: 20 | Shards per cycle: 4
2026-02-04 21:17:47 +08:00: 📋 Active sessions: 9
2026-02-04 21:17:47 +08:00: \n🚀 Processing 9 sessions in 1 batches
2026-02-04 21:18:19 +08:00: \n📊 Total sessions in contract: 12
2026-02-04 21:18:20 +08:00: 🦞 Active nodes: 20 | Shards per cycle: 4
2026-02-04 21:18:22 +08:00: 📋 Active sessions: 9
2026-02-04 21:18:22 +08:00: \n🚀 Processing 9 sessions in 1 batches
2026-02-04 21:18:55 +08:00: \n📊 Total sessions in contract: 12
2026-02-04 21:18:55 +08:00: 🦞 Active nodes: 20 | Shards per cycle: 4
2026-02-04 21:18:58 +08:00: 📋 Active sessions: 9
2026-02-04 21:18:58 +08:00: \n🚀 Processing 9 sessions in 1 batches
2026-02-04 21:19:30 +08:00: \n📊 Total sessions in contract: 12
2026-02-04 21:19:31 +08:00: 🦞 Active nodes: 20 | Shards per cycle: 4
2026-02-04 21:23:46 +08:00: 📋 Active sessions: 9
2026-02-04 21:23:46 +08:00: \n🚀 Processing 9 sessions in 1 batches
2026-02-04 21:24:19 +08:00: \n📊 Total sessions in contract: 12
2026-02-04 21:24:19 +08:00: 🦞 Active nodes: 20 | Shards per cycle: 4
2026-02-04 21:24:22 +08:00: 📋 Active sessions: 9
2026-02-04 21:24:22 +08:00: \n🚀 Processing 9 sessions in 1 batches
2026-02-04 21:24:54 +08:00: \n📊 Total sessions in contract: 12
2026-02-04 21:24:55 +08:00: 🦞 Active nodes: 20 | Shards per cycle: 4
2026-02-04 21:24:57 +08:00: 📋 Active sessions: 9
2026-02-04 21:24:57 +08:00: \n🚀 Processing 9 sessions in 1 batches
2026-02-04 21:25:30 +08:00: \n📊 Total sessions in contract: 12
2026-02-04 21:25:30 +08:00: 🦞 Active nodes: 20 | Shards per cycle: 4
2026-02-04 21:25:33 +08:00: 📋 Active sessions: 9
2026-02-04 21:25:33 +08:00: \n🚀 Processing 9 sessions in 1 batches
2026-02-04 21:26:05 +08:00: \n📊 Total sessions in contract: 12
2026-02-04 21:26:06 +08:00: 🦞 Active nodes: 20 | Shards per cycle: 4
2026-02-04 21:26:09 +08:00: 📋 Active sessions: 9
2026-02-04 21:26:09 +08:00: \n🚀 Processing 9 sessions in 1 batches
2026-02-04 21:26:41 +08:00: \n📊 Total sessions in contract: 12
2026-02-04 21:26:41 +08:00: 🦞 Active nodes: 20 | Shards per cycle: 4
2026-02-04 21:26:44 +08:00: 📋 Active sessions: 9
2026-02-04 21:26:44 +08:00: \n🚀 Processing 9 sessions in 1 batches
2026-02-04 21:27:16 +08:00: \n📊 Total sessions in contract: 12
2026-02-04 21:27:17 +08:00: 🦞 Active nodes: 20 | Shards per cycle: 4
2026-02-04 21:27:19 +08:00: 📋 Active sessions: 9
2026-02-04 21:27:19 +08:00: \n🚀 Processing 9 sessions in 1 batches
2026-02-04 21:27:52 +08:00: \n📊 Total sessions in contract: 12
2026-02-04 21:27:52 +08:00: 🦞 Active nodes: 20 | Shards per cycle: 4
2026-02-04 21:27:55 +08:00: 📋 Active sessions: 9
2026-02-04 21:27:55 +08:00: \n🚀 Processing 9 sessions in 1 batches
2026-02-04 21:28:27 +08:00: \n📊 Total sessions in contract: 12
2026-02-04 21:28:28 +08:00: 🦞 Active nodes: 20 | Shards per cycle: 4
2026-02-04 21:28:30 +08:00: 📋 Active sessions: 9
2026-02-04 21:28:30 +08:00: \n🚀 Processing 9 sessions in 1 batches
2026-02-04 21:29:03 +08:00: \n📊 Total sessions in contract: 12
2026-02-04 21:29:03 +08:00: 🦞 Active nodes: 20 | Shards per cycle: 4
2026-02-04 21:29:06 +08:00: 📋 Active sessions: 9
2026-02-04 21:29:06 +08:00: \n🚀 Processing 9 sessions in 1 batches
2026-02-04 21:29:38 +08:00: \n📊 Total sessions in contract: 12
2026-02-04 21:29:39 +08:00: 🦞 Active nodes: 20 | Shards per cycle: 4
2026-02-04 21:29:41 +08:00: 📋 Active sessions: 9
2026-02-04 21:29:41 +08:00: \n🚀 Processing 9 sessions in 1 batches
2026-02-04 21:30:14 +08:00: \n📊 Total sessions in contract: 12
2026-02-04 21:30:14 +08:00: 🦞 Active nodes: 20 | Shards per cycle: 4
2026-02-04 21:30:17 +08:00: 📋 Active sessions: 9
2026-02-04 21:30:17 +08:00: \n🚀 Processing 9 sessions in 1 batches
2026-02-04 21:30:49 +08:00: \n📊 Total sessions in contract: 12
2026-02-04 21:30:50 +08:00: 🦞 Active nodes: 20 | Shards per cycle: 4
2026-02-04 21:30:52 +08:00: 📋 Active sessions: 9
2026-02-04 21:30:52 +08:00: \n🚀 Processing 9 sessions in 1 batches
2026-02-04 21:31:25 +08:00: \n📊 Total sessions in contract: 12
2026-02-04 21:31:25 +08:00: 🦞 Active nodes: 20 | Shards per cycle: 4
2026-02-04 21:31:28 +08:00: 📋 Active sessions: 9
2026-02-04 21:31:28 +08:00: \n🚀 Processing 9 sessions in 1 batches
2026-02-04 21:32:00 +08:00: \n📊 Total sessions in contract: 12
2026-02-04 21:32:01 +08:00: 🦞 Active nodes: 20 | Shards per cycle: 4
2026-02-04 21:32:03 +08:00: 📋 Active sessions: 9
2026-02-04 21:32:03 +08:00: \n🚀 Processing 9 sessions in 1 batches
2026-02-04 21:32:36 +08:00: \n📊 Total sessions in contract: 12
2026-02-04 21:32:36 +08:00: 🦞 Active nodes: 20 | Shards per cycle: 4
2026-02-04 21:32:39 +08:00: 📋 Active sessions: 9
2026-02-04 21:32:39 +08:00: \n🚀 Processing 9 sessions in 1 batches
2026-02-04 21:33:12 +08:00: \n📊 Total sessions in contract: 12
2026-02-04 21:33:12 +08:00: 🦞 Active nodes: 20 | Shards per cycle: 4
2026-02-04 21:33:15 +08:00: 📋 Active sessions: 9
2026-02-04 21:33:15 +08:00: \n🚀 Processing 9 sessions in 1 batches
2026-02-04 21:33:47 +08:00: \n📊 Total sessions in contract: 12
2026-02-04 21:33:48 +08:00: 🦞 Active nodes: 20 | Shards per cycle: 4
2026-02-04 21:33:51 +08:00: 📋 Active sessions: 9
2026-02-04 21:33:51 +08:00: \n🚀 Processing 9 sessions in 1 batches
2026-02-04 21:34:23 +08:00: \n📊 Total sessions in contract: 12
2026-02-04 21:34:24 +08:00: 🦞 Active nodes: 20 | Shards per cycle: 4
2026-02-04 21:34:26 +08:00: 📋 Active sessions: 9
2026-02-04 21:34:26 +08:00: \n🚀 Processing 9 sessions in 1 batches
2026-02-04 21:34:59 +08:00: \n📊 Total sessions in contract: 12
2026-02-04 21:34:59 +08:00: 🦞 Active nodes: 20 | Shards per cycle: 4
2026-02-04 21:35:02 +08:00: 📋 Active sessions: 9
2026-02-04 21:35:02 +08:00: \n🚀 Processing 9 sessions in 1 batches
2026-02-04 21:35:34 +08:00: \n📊 Total sessions in contract: 12
2026-02-04 21:35:35 +08:00: 🦞 Active nodes: 20 | Shards per cycle: 4
2026-02-04 21:35:37 +08:00: 📋 Active sessions: 9
2026-02-04 21:35:37 +08:00: \n🚀 Processing 9 sessions in 1 batches
2026-02-04 21:36:10 +08:00: \n📊 Total sessions in contract: 12
2026-02-04 21:36:10 +08:00: 🦞 Active nodes: 20 | Shards per cycle: 4
2026-02-04 21:36:13 +08:00: 📋 Active sessions: 9
2026-02-04 21:36:13 +08:00: \n🚀 Processing 9 sessions in 1 batches
2026-02-04 21:36:45 +08:00: \n📊 Total sessions in contract: 12
2026-02-04 21:36:46 +08:00: 🦞 Active nodes: 20 | Shards per cycle: 4
2026-02-04 21:36:49 +08:00: 📋 Active sessions: 9
2026-02-04 21:36:49 +08:00: \n🚀 Processing 9 sessions in 1 batches
2026-02-04 21:37:21 +08:00: \n📊 Total sessions in contract: 12
2026-02-04 21:37:21 +08:00: 🦞 Active nodes: 20 | Shards per cycle: 4
2026-02-04 21:37:24 +08:00: 📋 Active sessions: 9
2026-02-04 21:37:24 +08:00: \n🚀 Processing 9 sessions in 1 batches
2026-02-04 21:37:56 +08:00: \n📊 Total sessions in contract: 12
2026-02-04 21:37:57 +08:00: 🦞 Active nodes: 20 | Shards per cycle: 4
2026-02-04 21:38:00 +08:00: 📋 Active sessions: 9
2026-02-04 21:38:00 +08:00: \n🚀 Processing 9 sessions in 1 batches
2026-02-04 21:38:32 +08:00: \n📊 Total sessions in contract: 12
2026-02-04 21:38:32 +08:00: 🦞 Active nodes: 20 | Shards per cycle: 4
2026-02-04 21:38:35 +08:00: 📋 Active sessions: 9
2026-02-04 21:38:35 +08:00: \n🚀 Processing 9 sessions in 1 batches
2026-02-04 21:39:07 +08:00: \n📊 Total sessions in contract: 12
2026-02-04 21:39:08 +08:00: 🦞 Active nodes: 20 | Shards per cycle: 4
2026-02-04 21:39:11 +08:00: 📋 Active sessions: 9
2026-02-04 21:39:11 +08:00: \n🚀 Processing 9 sessions in 1 batches
2026-02-04 21:39:43 +08:00: \n📊 Total sessions in contract: 12
2026-02-04 21:39:43 +08:00: 🦞 Active nodes: 20 | Shards per cycle: 4
2026-02-04 21:39:46 +08:00: 📋 Active sessions: 9
2026-02-04 21:39:46 +08:00: \n🚀 Processing 9 sessions in 1 batches
2026-02-04 21:40:18 +08:00: \n📊 Total sessions in contract: 12
2026-02-04 21:40:19 +08:00: 🦞 Active nodes: 20 | Shards per cycle: 4
2026-02-04 21:40:21 +08:00: 📋 Active sessions: 9
2026-02-04 21:40:21 +08:00: \n🚀 Processing 9 sessions in 1 batches
2026-02-04 21:40:54 +08:00: \n📊 Total sessions in contract: 12
2026-02-04 21:40:54 +08:00: 🦞 Active nodes: 20 | Shards per cycle: 4
2026-02-04 21:40:57 +08:00: 📋 Active sessions: 9
2026-02-04 21:40:57 +08:00: \n🚀 Processing 9 sessions in 1 batches
2026-02-04 21:41:29 +08:00: \n📊 Total sessions in contract: 12
2026-02-04 21:41:30 +08:00: 🦞 Active nodes: 20 | Shards per cycle: 4
2026-02-04 21:41:32 +08:00: 📋 Active sessions: 9
2026-02-04 21:41:32 +08:00: \n🚀 Processing 9 sessions in 1 batches
2026-02-04 21:42:05 +08:00: \n📊 Total sessions in contract: 12
2026-02-04 21:42:05 +08:00: 🦞 Active nodes: 20 | Shards per cycle: 4
2026-02-04 21:42:08 +08:00: 📋 Active sessions: 9
2026-02-04 21:42:08 +08:00: \n🚀 Processing 9 sessions in 1 batches
2026-02-04 21:57:50 +08:00: \n📊 Total sessions in contract: 12
2026-02-04 21:57:50 +08:00: 🦞 Active nodes: 20 | Shards per cycle: 4
2026-02-04 21:57:53 +08:00: 📋 Active sessions: 9
2026-02-04 21:57:53 +08:00: \n🚀 Processing 9 sessions in 1 batches
2026-02-04 21:58:25 +08:00: \n📊 Total sessions in contract: 12
2026-02-04 21:58:26 +08:00: 🦞 Active nodes: 20 | Shards per cycle: 4
2026-02-04 21:58:29 +08:00: 📋 Active sessions: 9
2026-02-04 21:58:29 +08:00: \n🚀 Processing 9 sessions in 1 batches
2026-02-04 21:59:19 +08:00: \n📊 Total sessions in contract: 12
2026-02-04 21:59:19 +08:00: 🦞 Active nodes: 20 | Shards per cycle: 4
2026-02-04 21:59:22 +08:00: 📋 Active sessions: 9
2026-02-04 21:59:22 +08:00: \n🚀 Processing 9 sessions in 1 batches
2026-02-04 21:59:54 +08:00: \n📊 Total sessions in contract: 12
2026-02-04 21:59:55 +08:00: 🦞 Active nodes: 20 | Shards per cycle: 4
2026-02-04 21:59:57 +08:00: 📋 Active sessions: 9
2026-02-04 21:59:57 +08:00: \n🚀 Processing 9 sessions in 1 batches
2026-02-04 22:00:30 +08:00: \n📊 Total sessions in contract: 12
2026-02-04 22:00:30 +08:00: 🦞 Active nodes: 20 | Shards per cycle: 4
2026-02-04 22:00:33 +08:00: 📋 Active sessions: 9
2026-02-04 22:00:33 +08:00: \n🚀 Processing 9 sessions in 1 batches
2026-02-04 22:01:06 +08:00: \n📊 Total sessions in contract: 12
2026-02-04 22:01:07 +08:00: 🦞 Active nodes: 20 | Shards per cycle: 4
2026-02-04 22:01:10 +08:00: 📋 Active sessions: 9
2026-02-04 22:01:10 +08:00: \n🚀 Processing 9 sessions in 1 batches
2026-02-04 22:01:42 +08:00: \n📊 Total sessions in contract: 12
2026-02-04 22:01:43 +08:00: 🦞 Active nodes: 20 | Shards per cycle: 4
2026-02-04 22:01:45 +08:00: 📋 Active sessions: 9
2026-02-04 22:01:45 +08:00: \n🚀 Processing 9 sessions in 1 batches
2026-02-04 22:02:18 +08:00: \n📊 Total sessions in contract: 12
2026-02-04 22:02:18 +08:00: 🦞 Active nodes: 20 | Shards per cycle: 4
2026-02-04 22:02:21 +08:00: 📋 Active sessions: 9
2026-02-04 22:02:21 +08:00: \n🚀 Processing 9 sessions in 1 batches
2026-02-04 22:02:53 +08:00: \n📊 Total sessions in contract: 12
2026-02-04 22:02:53 +08:00: 🦞 Active nodes: 20 | Shards per cycle: 4
2026-02-04 22:02:56 +08:00: 📋 Active sessions: 9
2026-02-04 22:02:56 +08:00: \n🚀 Processing 9 sessions in 1 batches
2026-02-04 22:03:29 +08:00: \n📊 Total sessions in contract: 12
2026-02-04 22:03:29 +08:00: 🦞 Active nodes: 20 | Shards per cycle: 4
2026-02-04 22:03:32 +08:00: 📋 Active sessions: 9
2026-02-04 22:03:32 +08:00: \n🚀 Processing 9 sessions in 1 batches
2026-02-04 22:04:04 +08:00: \n📊 Total sessions in contract: 12
2026-02-04 22:04:04 +08:00: 🦞 Active nodes: 20 | Shards per cycle: 4
2026-02-04 22:04:07 +08:00: 📋 Active sessions: 9
2026-02-04 22:04:07 +08:00: \n🚀 Processing 9 sessions in 1 batches
2026-02-04 22:04:40 +08:00: \n📊 Total sessions in contract: 12
2026-02-04 22:04:40 +08:00: 🦞 Active nodes: 20 | Shards per cycle: 4
2026-02-04 22:04:43 +08:00: 📋 Active sessions: 9
2026-02-04 22:04:43 +08:00: \n🚀 Processing 9 sessions in 1 batches
2026-02-04 22:05:19 +08:00: \n📊 Total sessions in contract: 12
2026-02-04 22:05:19 +08:00: 🦞 Active nodes: 20 | Shards per cycle: 4
2026-02-04 22:05:22 +08:00: 📋 Active sessions: 9
2026-02-04 22:05:22 +08:00: \n🚀 Processing 9 sessions in 1 batches
2026-02-04 22:05:54 +08:00: \n📊 Total sessions in contract: 12
2026-02-04 22:05:55 +08:00: 🦞 Active nodes: 20 | Shards per cycle: 4
2026-02-04 22:05:58 +08:00: 📋 Active sessions: 9
2026-02-04 22:05:58 +08:00: \n🚀 Processing 9 sessions in 1 batches
2026-02-04 22:06:30 +08:00: \n📊 Total sessions in contract: 12
2026-02-04 22:06:30 +08:00: 🦞 Active nodes: 20 | Shards per cycle: 4
2026-02-04 22:06:33 +08:00: 📋 Active sessions: 9
2026-02-04 22:06:33 +08:00: \n🚀 Processing 9 sessions in 1 batches
2026-02-04 22:07:05 +08:00: \n📊 Total sessions in contract: 12
2026-02-04 22:07:06 +08:00: 🦞 Active nodes: 20 | Shards per cycle: 4
2026-02-04 22:07:09 +08:00: 📋 Active sessions: 9
2026-02-04 22:07:09 +08:00: \n🚀 Processing 9 sessions in 1 batches
2026-02-04 22:07:41 +08:00: \n📊 Total sessions in contract: 12
2026-02-04 22:07:42 +08:00: 🦞 Active nodes: 20 | Shards per cycle: 4
2026-02-04 22:07:44 +08:00: 📋 Active sessions: 9
2026-02-04 22:07:44 +08:00: \n🚀 Processing 9 sessions in 1 batches
2026-02-04 22:08:17 +08:00: \n📊 Total sessions in contract: 12
2026-02-04 22:08:17 +08:00: 🦞 Active nodes: 20 | Shards per cycle: 4
2026-02-04 22:08:20 +08:00: 📋 Active sessions: 9
2026-02-04 22:08:20 +08:00: \n🚀 Processing 9 sessions in 1 batches
2026-02-04 22:08:52 +08:00: \n📊 Total sessions in contract: 12
2026-02-04 22:08:53 +08:00: 🦞 Active nodes: 20 | Shards per cycle: 4
2026-02-04 22:08:55 +08:00: 📋 Active sessions: 9
2026-02-04 22:08:55 +08:00: \n🚀 Processing 9 sessions in 1 batches
2026-02-04 22:09:28 +08:00: \n📊 Total sessions in contract: 12
2026-02-04 22:09:28 +08:00: 🦞 Active nodes: 20 | Shards per cycle: 4
2026-02-04 22:09:31 +08:00: 📋 Active sessions: 9
2026-02-04 22:09:31 +08:00: \n🚀 Processing 9 sessions in 1 batches
2026-02-04 22:10:03 +08:00: \n📊 Total sessions in contract: 12
2026-02-04 22:10:04 +08:00: 🦞 Active nodes: 20 | Shards per cycle: 4
2026-02-04 22:10:06 +08:00: 📋 Active sessions: 9
2026-02-04 22:10:06 +08:00: \n🚀 Processing 9 sessions in 1 batches
2026-02-04 22:10:39 +08:00: \n📊 Total sessions in contract: 12
2026-02-04 22:10:40 +08:00: 🦞 Active nodes: 20 | Shards per cycle: 4
2026-02-04 22:10:42 +08:00: 📋 Active sessions: 9
2026-02-04 22:10:42 +08:00: \n🚀 Processing 9 sessions in 1 batches
2026-02-04 22:11:15 +08:00: \n📊 Total sessions in contract: 12
2026-02-04 22:11:15 +08:00: 🦞 Active nodes: 20 | Shards per cycle: 4
2026-02-04 22:11:18 +08:00: 📋 Active sessions: 9
2026-02-04 22:11:18 +08:00: \n🚀 Processing 9 sessions in 1 batches
2026-02-04 22:11:50 +08:00: \n📊 Total sessions in contract: 12
2026-02-04 22:11:51 +08:00: 🦞 Active nodes: 20 | Shards per cycle: 4
2026-02-04 22:11:53 +08:00: 📋 Active sessions: 9
2026-02-04 22:11:53 +08:00: \n🚀 Processing 9 sessions in 1 batches
2026-02-04 22:12:26 +08:00: \n📊 Total sessions in contract: 12
2026-02-04 22:12:26 +08:00: 🦞 Active nodes: 20 | Shards per cycle: 4
2026-02-04 22:12:29 +08:00: 📋 Active sessions: 9
2026-02-04 22:12:29 +08:00: \n🚀 Processing 9 sessions in 1 batches
2026-02-04 22:13:01 +08:00: \n📊 Total sessions in contract: 12
2026-02-04 22:13:02 +08:00: 🦞 Active nodes: 20 | Shards per cycle: 4
2026-02-04 22:13:04 +08:00: 📋 Active sessions: 9
2026-02-04 22:13:04 +08:00: \n🚀 Processing 9 sessions in 1 batches
2026-02-04 22:13:37 +08:00: \n📊 Total sessions in contract: 12
2026-02-04 22:13:37 +08:00: 🦞 Active nodes: 20 | Shards per cycle: 4
2026-02-04 22:13:40 +08:00: 📋 Active sessions: 9
2026-02-04 22:13:40 +08:00: \n🚀 Processing 9 sessions in 1 batches
2026-02-04 22:14:12 +08:00: \n📊 Total sessions in contract: 12
2026-02-04 22:14:13 +08:00: 🦞 Active nodes: 20 | Shards per cycle: 4
2026-02-04 22:14:15 +08:00: 📋 Active sessions: 9
2026-02-04 22:14:15 +08:00: \n🚀 Processing 9 sessions in 1 batches
2026-02-04 22:14:48 +08:00: \n📊 Total sessions in contract: 12
2026-02-04 22:14:48 +08:00: 🦞 Active nodes: 20 | Shards per cycle: 4
2026-02-04 22:14:51 +08:00: 📋 Active sessions: 9
2026-02-04 22:14:51 +08:00: \n🚀 Processing 9 sessions in 1 batches
2026-02-04 22:15:23 +08:00: \n📊 Total sessions in contract: 12
2026-02-04 22:15:24 +08:00: 🦞 Active nodes: 20 | Shards per cycle: 4
2026-02-04 22:15:26 +08:00: 📋 Active sessions: 9
2026-02-04 22:15:26 +08:00: \n🚀 Processing 9 sessions in 1 batches
2026-02-04 22:15:59 +08:00: \n📊 Total sessions in contract: 12
2026-02-04 22:15:59 +08:00: 🦞 Active nodes: 20 | Shards per cycle: 4
2026-02-04 22:16:02 +08:00: 📋 Active sessions: 9
2026-02-04 22:16:02 +08:00: \n🚀 Processing 9 sessions in 1 batches
2026-02-04 22:16:34 +08:00: \n📊 Total sessions in contract: 12
2026-02-04 22:16:35 +08:00: 🦞 Active nodes: 20 | Shards per cycle: 4
2026-02-04 22:16:38 +08:00: 📋 Active sessions: 9
2026-02-04 22:16:38 +08:00: \n🚀 Processing 9 sessions in 1 batches
2026-02-04 22:17:10 +08:00: \n📊 Total sessions in contract: 12
2026-02-04 22:17:11 +08:00: 🦞 Active nodes: 20 | Shards per cycle: 4
2026-02-04 22:17:13 +08:00: 📋 Active sessions: 9
2026-02-04 22:17:13 +08:00: \n🚀 Processing 9 sessions in 1 batches
2026-02-04 22:17:46 +08:00: \n📊 Total sessions in contract: 12
2026-02-04 22:17:46 +08:00: 🦞 Active nodes: 20 | Shards per cycle: 4
2026-02-04 22:17:49 +08:00: 📋 Active sessions: 9
2026-02-04 22:17:49 +08:00: \n🚀 Processing 9 sessions in 1 batches
2026-02-04 22:18:21 +08:00: \n📊 Total sessions in contract: 12
2026-02-04 22:18:22 +08:00: 🦞 Active nodes: 20 | Shards per cycle: 4
2026-02-04 22:18:24 +08:00: 📋 Active sessions: 9
2026-02-04 22:18:24 +08:00: \n🚀 Processing 9 sessions in 1 batches
2026-02-04 22:18:57 +08:00: \n📊 Total sessions in contract: 12
2026-02-04 22:18:57 +08:00: 🦞 Active nodes: 20 | Shards per cycle: 4
2026-02-04 22:19:00 +08:00: 📋 Active sessions: 9
2026-02-04 22:19:00 +08:00: \n🚀 Processing 9 sessions in 1 batches
2026-02-04 22:19:32 +08:00: \n📊 Total sessions in contract: 12
2026-02-04 22:19:33 +08:00: 🦞 Active nodes: 20 | Shards per cycle: 4
2026-02-04 22:19:36 +08:00: 📋 Active sessions: 9
2026-02-04 22:19:36 +08:00: \n🚀 Processing 9 sessions in 1 batches
2026-02-04 22:20:08 +08:00: \n📊 Total sessions in contract: 12
2026-02-04 22:20:08 +08:00: 🦞 Active nodes: 20 | Shards per cycle: 4
2026-02-04 22:20:11 +08:00: 📋 Active sessions: 9
2026-02-04 22:20:11 +08:00: \n🚀 Processing 9 sessions in 1 batches
2026-02-04 22:20:43 +08:00: \n📊 Total sessions in contract: 12
2026-02-04 22:20:44 +08:00: 🦞 Active nodes: 20 | Shards per cycle: 4
2026-02-04 22:20:47 +08:00: 📋 Active sessions: 9
2026-02-04 22:20:47 +08:00: \n🚀 Processing 9 sessions in 1 batches
2026-02-04 22:21:19 +08:00: \n📊 Total sessions in contract: 12
2026-02-04 22:21:19 +08:00: 🦞 Active nodes: 20 | Shards per cycle: 4
2026-02-04 22:21:22 +08:00: 📋 Active sessions: 9
2026-02-04 22:21:22 +08:00: \n🚀 Processing 9 sessions in 1 batches
2026-02-04 22:21:55 +08:00: \n📊 Total sessions in contract: 12
2026-02-04 22:21:55 +08:00: 🦞 Active nodes: 20 | Shards per cycle: 4
2026-02-04 22:21:58 +08:00: 📋 Active sessions: 9
2026-02-04 22:21:58 +08:00: \n🚀 Processing 9 sessions in 1 batches
2026-02-04 22:22:31 +08:00: \n📊 Total sessions in contract: 12
2026-02-04 22:22:31 +08:00: 🦞 Active nodes: 20 | Shards per cycle: 4
2026-02-04 22:22:34 +08:00: 📋 Active sessions: 9
2026-02-04 22:22:34 +08:00: \n🚀 Processing 9 sessions in 1 batches
2026-02-04 22:23:06 +08:00: \n📊 Total sessions in contract: 12
2026-02-04 22:23:07 +08:00: 🦞 Active nodes: 20 | Shards per cycle: 4
2026-02-04 22:23:09 +08:00: 📋 Active sessions: 9
2026-02-04 22:23:09 +08:00: \n🚀 Processing 9 sessions in 1 batches
2026-02-04 22:23:42 +08:00: \n📊 Total sessions in contract: 12
2026-02-04 22:23:42 +08:00: 🦞 Active nodes: 20 | Shards per cycle: 4
2026-02-04 22:23:45 +08:00: 📋 Active sessions: 9
2026-02-04 22:23:45 +08:00: \n🚀 Processing 9 sessions in 1 batches
2026-02-04 22:24:17 +08:00: \n📊 Total sessions in contract: 12
2026-02-04 22:24:17 +08:00: 🦞 Active nodes: 20 | Shards per cycle: 4
2026-02-04 22:24:20 +08:00: 📋 Active sessions: 9
2026-02-04 22:24:20 +08:00: \n🚀 Processing 9 sessions in 1 batches
2026-02-04 22:24:52 +08:00: \n📊 Total sessions in contract: 12
2026-02-04 22:24:53 +08:00: 🦞 Active nodes: 20 | Shards per cycle: 4
2026-02-04 22:24:56 +08:00: 📋 Active sessions: 9
2026-02-04 22:24:56 +08:00: \n🚀 Processing 9 sessions in 1 batches
2026-02-04 22:25:28 +08:00: \n📊 Total sessions in contract: 12
2026-02-04 22:25:28 +08:00: 🦞 Active nodes: 20 | Shards per cycle: 4
2026-02-04 22:25:31 +08:00: 📋 Active sessions: 9
2026-02-04 22:25:31 +08:00: \n🚀 Processing 9 sessions in 1 batches
2026-02-04 22:26:04 +08:00: \n📊 Total sessions in contract: 12
2026-02-04 22:26:04 +08:00: 🦞 Active nodes: 20 | Shards per cycle: 4
2026-02-04 22:26:07 +08:00: 📋 Active sessions: 9
2026-02-04 22:26:07 +08:00: \n🚀 Processing 9 sessions in 1 batches
2026-02-04 22:26:39 +08:00: \n📊 Total sessions in contract: 12
2026-02-04 22:26:40 +08:00: 🦞 Active nodes: 20 | Shards per cycle: 4
2026-02-04 22:26:42 +08:00: 📋 Active sessions: 9
2026-02-04 22:26:42 +08:00: \n🚀 Processing 9 sessions in 1 batches
2026-02-04 22:27:15 +08:00: \n📊 Total sessions in contract: 12
2026-02-04 22:27:15 +08:00: 🦞 Active nodes: 20 | Shards per cycle: 4
2026-02-04 22:27:18 +08:00: 📋 Active sessions: 9
2026-02-04 22:27:18 +08:00: \n🚀 Processing 9 sessions in 1 batches
2026-02-04 22:27:50 +08:00: \n📊 Total sessions in contract: 12
2026-02-04 22:27:51 +08:00: 🦞 Active nodes: 20 | Shards per cycle: 4
2026-02-04 22:27:53 +08:00: 📋 Active sessions: 9
2026-02-04 22:27:53 +08:00: \n🚀 Processing 9 sessions in 1 batches
2026-02-04 22:28:26 +08:00: \n📊 Total sessions in contract: 12
2026-02-04 22:28:26 +08:00: 🦞 Active nodes: 20 | Shards per cycle: 4
2026-02-04 22:28:29 +08:00: 📋 Active sessions: 9
2026-02-04 22:28:29 +08:00: \n🚀 Processing 9 sessions in 1 batches
2026-02-04 22:29:01 +08:00: \n📊 Total sessions in contract: 12
2026-02-04 22:29:02 +08:00: 🦞 Active nodes: 20 | Shards per cycle: 4
2026-02-04 22:29:04 +08:00: 📋 Active sessions: 9
2026-02-04 22:29:04 +08:00: \n🚀 Processing 9 sessions in 1 batches
2026-02-04 22:29:37 +08:00: \n📊 Total sessions in contract: 12
2026-02-04 22:29:37 +08:00: 🦞 Active nodes: 20 | Shards per cycle: 4
2026-02-04 22:29:40 +08:00: 📋 Active sessions: 9
2026-02-04 22:29:40 +08:00: \n🚀 Processing 9 sessions in 1 batches
2026-02-04 22:30:56 +08:00: \n📊 Total sessions in contract: 12
2026-02-04 22:30:56 +08:00: 🦞 Active nodes: 20 | Shards per cycle: 4
2026-02-04 22:30:59 +08:00: 📋 Active sessions: 9
2026-02-04 22:30:59 +08:00: \n🚀 Processing 9 sessions in 1 batches
2026-02-04 22:31:31 +08:00: \n📊 Total sessions in contract: 12
2026-02-04 22:31:32 +08:00: 🦞 Active nodes: 20 | Shards per cycle: 4
2026-02-04 22:31:35 +08:00: 📋 Active sessions: 9
2026-02-04 22:31:35 +08:00: \n🚀 Processing 9 sessions in 1 batches
2026-02-04 22:32:07 +08:00: \n📊 Total sessions in contract: 12
2026-02-04 22:32:07 +08:00: 🦞 Active nodes: 20 | Shards per cycle: 4
2026-02-04 22:32:10 +08:00: 📋 Active sessions: 9
2026-02-04 22:32:10 +08:00: \n🚀 Processing 9 sessions in 1 batches
2026-02-04 22:32:43 +08:00: \n📊 Total sessions in contract: 12
2026-02-04 22:32:43 +08:00: 🦞 Active nodes: 20 | Shards per cycle: 4
2026-02-04 22:32:46 +08:00: 📋 Active sessions: 9
2026-02-04 22:32:46 +08:00: \n🚀 Processing 9 sessions in 1 batches
2026-02-04 22:33:18 +08:00: \n📊 Total sessions in contract: 12
2026-02-04 22:33:18 +08:00: 🦞 Active nodes: 20 | Shards per cycle: 4
2026-02-04 22:33:21 +08:00: 📋 Active sessions: 9
2026-02-04 22:33:21 +08:00: \n🚀 Processing 9 sessions in 1 batches
2026-02-04 22:33:53 +08:00: \n📊 Total sessions in contract: 12
2026-02-04 22:33:54 +08:00: 🦞 Active nodes: 20 | Shards per cycle: 4
2026-02-04 22:33:57 +08:00: 📋 Active sessions: 9
2026-02-04 22:33:57 +08:00: \n🚀 Processing 9 sessions in 1 batches
2026-02-04 22:34:29 +08:00: \n📊 Total sessions in contract: 12
2026-02-04 22:34:29 +08:00: 🦞 Active nodes: 20 | Shards per cycle: 4
2026-02-04 22:34:32 +08:00: 📋 Active sessions: 9
2026-02-04 22:34:32 +08:00: \n🚀 Processing 9 sessions in 1 batches
2026-02-04 22:35:04 +08:00: \n📊 Total sessions in contract: 12
2026-02-04 22:35:05 +08:00: 🦞 Active nodes: 20 | Shards per cycle: 4
2026-02-04 22:35:08 +08:00: 📋 Active sessions: 9
2026-02-04 22:35:08 +08:00: \n🚀 Processing 9 sessions in 1 batches
2026-02-04 22:35:40 +08:00: \n📊 Total sessions in contract: 12
2026-02-04 22:35:40 +08:00: 🦞 Active nodes: 20 | Shards per cycle: 4
2026-02-04 22:35:43 +08:00: 📋 Active sessions: 9
2026-02-04 22:35:43 +08:00: \n🚀 Processing 9 sessions in 1 batches
2026-02-04 22:36:15 +08:00: \n📊 Total sessions in contract: 12
2026-02-04 22:40:25 +08:00: 🦞 Active nodes: 20 | Shards per cycle: 4
2026-02-04 22:40:27 +08:00: 📋 Active sessions: 9
2026-02-04 22:40:27 +08:00: \n🚀 Processing 9 sessions in 1 batches
2026-02-04 22:41:00 +08:00: \n📊 Total sessions in contract: 12
2026-02-04 22:41:00 +08:00: 🦞 Active nodes: 20 | Shards per cycle: 4
2026-02-04 22:41:03 +08:00: 📋 Active sessions: 9
2026-02-04 22:41:03 +08:00: \n🚀 Processing 9 sessions in 1 batches
2026-02-04 22:41:35 +08:00: \n📊 Total sessions in contract: 12
2026-02-04 22:41:36 +08:00: 🦞 Active nodes: 20 | Shards per cycle: 4
2026-02-04 22:41:39 +08:00: 📋 Active sessions: 9
2026-02-04 22:41:39 +08:00: \n🚀 Processing 9 sessions in 1 batches
2026-02-04 22:42:11 +08:00: \n📊 Total sessions in contract: 12
2026-02-04 22:42:11 +08:00: 🦞 Active nodes: 20 | Shards per cycle: 4
2026-02-04 22:42:14 +08:00: 📋 Active sessions: 9
2026-02-04 22:42:14 +08:00: \n🚀 Processing 9 sessions in 1 batches
2026-02-04 22:42:47 +08:00: \n📊 Total sessions in contract: 12
2026-02-04 22:42:47 +08:00: 🦞 Active nodes: 20 | Shards per cycle: 4
2026-02-04 22:42:50 +08:00: 📋 Active sessions: 9
2026-02-04 22:42:50 +08:00: \n🚀 Processing 9 sessions in 1 batches
2026-02-04 22:43:22 +08:00: \n📊 Total sessions in contract: 12
2026-02-04 22:43:23 +08:00: 🦞 Active nodes: 20 | Shards per cycle: 4
2026-02-04 22:43:25 +08:00: 📋 Active sessions: 9
2026-02-04 22:43:25 +08:00: \n🚀 Processing 9 sessions in 1 batches
2026-02-04 22:43:58 +08:00: \n📊 Total sessions in contract: 12
2026-02-04 22:43:58 +08:00: 🦞 Active nodes: 20 | Shards per cycle: 4
2026-02-04 22:44:01 +08:00: 📋 Active sessions: 9
2026-02-04 22:44:01 +08:00: \n🚀 Processing 9 sessions in 1 batches
2026-02-04 22:44:33 +08:00: \n📊 Total sessions in contract: 12
2026-02-04 22:44:34 +08:00: 🦞 Active nodes: 20 | Shards per cycle: 4
2026-02-04 22:44:37 +08:00: 📋 Active sessions: 9
2026-02-04 22:44:37 +08:00: \n🚀 Processing 9 sessions in 1 batches
2026-02-04 22:45:09 +08:00: \n📊 Total sessions in contract: 12
2026-02-04 22:45:09 +08:00: 🦞 Active nodes: 20 | Shards per cycle: 4
2026-02-04 22:45:12 +08:00: 📋 Active sessions: 9
2026-02-04 22:45:12 +08:00: \n🚀 Processing 9 sessions in 1 batches
2026-02-04 22:45:44 +08:00: \n📊 Total sessions in contract: 12
2026-02-04 22:45:45 +08:00: 🦞 Active nodes: 20 | Shards per cycle: 4
2026-02-04 22:45:48 +08:00: 📋 Active sessions: 9
2026-02-04 22:45:48 +08:00: \n🚀 Processing 9 sessions in 1 batches
2026-02-04 22:46:20 +08:00: \n📊 Total sessions in contract: 12
2026-02-04 22:46:20 +08:00: 🦞 Active nodes: 20 | Shards per cycle: 4
2026-02-04 22:46:23 +08:00: 📋 Active sessions: 9
2026-02-04 22:46:23 +08:00: \n🚀 Processing 9 sessions in 1 batches
2026-02-04 22:46:56 +08:00: \n📊 Total sessions in contract: 12
2026-02-04 22:46:56 +08:00: 🦞 Active nodes: 20 | Shards per cycle: 4
2026-02-04 22:46:59 +08:00: 📋 Active sessions: 9
2026-02-04 22:46:59 +08:00: \n🚀 Processing 9 sessions in 1 batches
2026-02-04 22:47:31 +08:00: \n📊 Total sessions in contract: 12
2026-02-04 22:47:32 +08:00: 🦞 Active nodes: 20 | Shards per cycle: 4
2026-02-04 22:47:34 +08:00: 📋 Active sessions: 9
2026-02-04 22:47:34 +08:00: \n🚀 Processing 9 sessions in 1 batches
2026-02-04 22:48:07 +08:00: \n📊 Total sessions in contract: 12
2026-02-04 22:48:08 +08:00: 🦞 Active nodes: 20 | Shards per cycle: 4
2026-02-04 22:48:10 +08:00: 📋 Active sessions: 9
2026-02-04 22:48:10 +08:00: \n🚀 Processing 9 sessions in 1 batches
2026-02-04 22:50:10 +08:00: \n📊 Total sessions in contract: 12
2026-02-04 22:50:10 +08:00: 🦞 Active nodes: 20 | Shards per cycle: 4
2026-02-04 22:50:13 +08:00: 📋 Active sessions: 9
2026-02-04 22:50:13 +08:00: \n🚀 Processing 9 sessions in 1 batches
2026-02-04 22:57:37 +08:00: \n📊 Total sessions in contract: 12
2026-02-04 22:57:38 +08:00: 🦞 Active nodes: 20 | Shards per cycle: 4
2026-02-04 22:57:41 +08:00: 📋 Active sessions: 9
2026-02-04 22:57:41 +08:00: \n🚀 Processing 9 sessions in 1 batches
2026-02-04 22:58:13 +08:00: \n📊 Total sessions in contract: 12
2026-02-04 22:58:14 +08:00: 🦞 Active nodes: 20 | Shards per cycle: 4
2026-02-04 22:58:16 +08:00: 📋 Active sessions: 9
2026-02-04 22:58:16 +08:00: \n🚀 Processing 9 sessions in 1 batches
2026-02-04 22:58:49 +08:00: \n📊 Total sessions in contract: 12
2026-02-04 22:58:49 +08:00: 🦞 Active nodes: 20 | Shards per cycle: 4
2026-02-04 22:58:52 +08:00: 📋 Active sessions: 9
2026-02-04 22:58:52 +08:00: \n🚀 Processing 9 sessions in 1 batches
2026-02-04 22:59:24 +08:00: \n📊 Total sessions in contract: 12
2026-02-04 22:59:25 +08:00: 🦞 Active nodes: 20 | Shards per cycle: 4
2026-02-04 22:59:27 +08:00: 📋 Active sessions: 9
2026-02-04 22:59:27 +08:00: \n🚀 Processing 9 sessions in 1 batches
2026-02-04 23:00:00 +08:00: \n📊 Total sessions in contract: 12
2026-02-04 23:00:00 +08:00: 🦞 Active nodes: 20 | Shards per cycle: 4
2026-02-04 23:00:03 +08:00: 📋 Active sessions: 9
2026-02-04 23:00:03 +08:00: \n🚀 Processing 9 sessions in 1 batches
2026-02-04 23:00:35 +08:00: \n📊 Total sessions in contract: 12
2026-02-04 23:00:36 +08:00: 🦞 Active nodes: 20 | Shards per cycle: 4
2026-02-04 23:00:38 +08:00: 📋 Active sessions: 9
2026-02-04 23:00:38 +08:00: \n🚀 Processing 9 sessions in 1 batches
2026-02-04 23:01:11 +08:00: \n📊 Total sessions in contract: 12
2026-02-04 23:01:11 +08:00: 🦞 Active nodes: 20 | Shards per cycle: 4
2026-02-04 23:01:14 +08:00: 📋 Active sessions: 9
2026-02-04 23:01:14 +08:00: \n🚀 Processing 9 sessions in 1 batches
2026-02-04 23:01:47 +08:00: \n📊 Total sessions in contract: 12
2026-02-04 23:01:47 +08:00: 🦞 Active nodes: 20 | Shards per cycle: 4
2026-02-04 23:01:50 +08:00: 📋 Active sessions: 9
2026-02-04 23:01:50 +08:00: \n🚀 Processing 9 sessions in 1 batches
2026-02-04 23:02:22 +08:00: \n📊 Total sessions in contract: 12
2026-02-04 23:02:23 +08:00: 🦞 Active nodes: 20 | Shards per cycle: 4
2026-02-04 23:02:25 +08:00: 📋 Active sessions: 9
2026-02-04 23:02:25 +08:00: \n🚀 Processing 9 sessions in 1 batches
2026-02-04 23:02:58 +08:00: \n📊 Total sessions in contract: 12
2026-02-04 23:02:58 +08:00: 🦞 Active nodes: 20 | Shards per cycle: 4
2026-02-04 23:03:01 +08:00: 📋 Active sessions: 9
2026-02-04 23:03:01 +08:00: \n🚀 Processing 9 sessions in 1 batches
2026-02-04 23:03:33 +08:00: \n📊 Total sessions in contract: 12
2026-02-04 23:03:34 +08:00: 🦞 Active nodes: 20 | Shards per cycle: 4
2026-02-04 23:03:37 +08:00: 📋 Active sessions: 9
2026-02-04 23:03:37 +08:00: \n🚀 Processing 9 sessions in 1 batches
2026-02-04 23:04:09 +08:00: \n📊 Total sessions in contract: 12
2026-02-04 23:04:10 +08:00: 🦞 Active nodes: 20 | Shards per cycle: 4
2026-02-04 23:04:12 +08:00: 📋 Active sessions: 9
2026-02-04 23:04:12 +08:00: \n🚀 Processing 9 sessions in 1 batches
2026-02-04 23:04:45 +08:00: \n📊 Total sessions in contract: 12
2026-02-04 23:04:45 +08:00: 🦞 Active nodes: 20 | Shards per cycle: 4
2026-02-04 23:04:48 +08:00: 📋 Active sessions: 9
2026-02-04 23:04:48 +08:00: \n🚀 Processing 9 sessions in 1 batches
2026-02-04 23:05:20 +08:00: \n📊 Total sessions in contract: 12
2026-02-04 23:05:21 +08:00: 🦞 Active nodes: 20 | Shards per cycle: 4
2026-02-04 23:05:23 +08:00: 📋 Active sessions: 9
2026-02-04 23:05:23 +08:00: \n🚀 Processing 9 sessions in 1 batches
2026-02-04 23:05:56 +08:00: \n📊 Total sessions in contract: 12
2026-02-04 23:05:56 +08:00: 🦞 Active nodes: 20 | Shards per cycle: 4
2026-02-04 23:05:59 +08:00: 📋 Active sessions: 9
2026-02-04 23:05:59 +08:00: \n🚀 Processing 9 sessions in 1 batches
2026-02-04 23:06:31 +08:00: \n📊 Total sessions in contract: 12
2026-02-04 23:06:32 +08:00: 🦞 Active nodes: 20 | Shards per cycle: 4
2026-02-04 23:06:35 +08:00: 📋 Active sessions: 9
2026-02-04 23:06:35 +08:00: \n🚀 Processing 9 sessions in 1 batches
2026-02-04 23:13:24 +08:00: \n📊 Total sessions in contract: 12
2026-02-04 23:13:25 +08:00: 🦞 Active nodes: 20 | Shards per cycle: 4
2026-02-04 23:13:28 +08:00: 📋 Active sessions: 9
2026-02-04 23:13:28 +08:00: \n🚀 Processing 9 sessions in 1 batches
2026-02-04 23:14:00 +08:00: \n📊 Total sessions in contract: 12
2026-02-04 23:14:01 +08:00: 🦞 Active nodes: 20 | Shards per cycle: 4
2026-02-04 23:14:03 +08:00: 📋 Active sessions: 9
2026-02-04 23:14:03 +08:00: \n🚀 Processing 9 sessions in 1 batches
2026-02-04 23:14:36 +08:00: \n📊 Total sessions in contract: 12
2026-02-04 23:14:36 +08:00: 🦞 Active nodes: 20 | Shards per cycle: 4
2026-02-04 23:14:39 +08:00: 📋 Active sessions: 9
2026-02-04 23:14:39 +08:00: \n🚀 Processing 9 sessions in 1 batches
2026-02-04 23:15:11 +08:00: \n📊 Total sessions in contract: 12
2026-02-04 23:15:12 +08:00: 🦞 Active nodes: 20 | Shards per cycle: 4
2026-02-04 23:15:14 +08:00: 📋 Active sessions: 9
2026-02-04 23:15:14 +08:00: \n🚀 Processing 9 sessions in 1 batches
2026-02-04 23:15:47 +08:00: \n📊 Total sessions in contract: 12
2026-02-04 23:15:47 +08:00: 🦞 Active nodes: 20 | Shards per cycle: 4
2026-02-04 23:15:50 +08:00: 📋 Active sessions: 9
2026-02-04 23:15:50 +08:00: \n🚀 Processing 9 sessions in 1 batches
2026-02-04 23:16:22 +08:00: \n📊 Total sessions in contract: 12
2026-02-04 23:16:23 +08:00: 🦞 Active nodes: 20 | Shards per cycle: 4
2026-02-04 23:16:25 +08:00: 📋 Active sessions: 9
2026-02-04 23:16:25 +08:00: \n🚀 Processing 9 sessions in 1 batches
2026-02-04 23:16:58 +08:00: \n📊 Total sessions in contract: 12
2026-02-04 23:16:58 +08:00: 🦞 Active nodes: 20 | Shards per cycle: 4
2026-02-04 23:17:01 +08:00: 📋 Active sessions: 9
2026-02-04 23:17:01 +08:00: \n🚀 Processing 9 sessions in 1 batches
2026-02-04 23:17:33 +08:00: \n📊 Total sessions in contract: 12
2026-02-04 23:17:34 +08:00: 🦞 Active nodes: 20 | Shards per cycle: 4
2026-02-04 23:17:36 +08:00: 📋 Active sessions: 9
2026-02-04 23:17:36 +08:00: \n🚀 Processing 9 sessions in 1 batches
2026-02-04 23:18:09 +08:00: \n📊 Total sessions in contract: 12
2026-02-04 23:18:09 +08:00: 🦞 Active nodes: 20 | Shards per cycle: 4
2026-02-04 23:18:12 +08:00: 📋 Active sessions: 9
2026-02-04 23:18:12 +08:00: \n🚀 Processing 9 sessions in 1 batches
2026-02-04 23:18:44 +08:00: \n📊 Total sessions in contract: 12
2026-02-04 23:18:45 +08:00: 🦞 Active nodes: 20 | Shards per cycle: 4
2026-02-04 23:18:47 +08:00: 📋 Active sessions: 9
2026-02-04 23:18:47 +08:00: \n🚀 Processing 9 sessions in 1 batches
2026-02-04 23:19:20 +08:00: \n📊 Total sessions in contract: 12
2026-02-04 23:19:20 +08:00: 🦞 Active nodes: 20 | Shards per cycle: 4
2026-02-04 23:19:23 +08:00: 📋 Active sessions: 9
2026-02-04 23:19:23 +08:00: \n🚀 Processing 9 sessions in 1 batches
2026-02-04 23:19:55 +08:00: \n📊 Total sessions in contract: 12
2026-02-04 23:19:56 +08:00: 🦞 Active nodes: 20 | Shards per cycle: 4
2026-02-04 23:19:58 +08:00: 📋 Active sessions: 9
2026-02-04 23:19:58 +08:00: \n🚀 Processing 9 sessions in 1 batches
2026-02-04 23:20:31 +08:00: \n📊 Total sessions in contract: 12
2026-02-04 23:20:31 +08:00: 🦞 Active nodes: 20 | Shards per cycle: 4
2026-02-04 23:20:34 +08:00: 📋 Active sessions: 9
2026-02-04 23:20:34 +08:00: \n🚀 Processing 9 sessions in 1 batches
2026-02-04 23:21:06 +08:00: \n📊 Total sessions in contract: 12
2026-02-04 23:21:07 +08:00: 🦞 Active nodes: 20 | Shards per cycle: 4
2026-02-04 23:21:10 +08:00: 📋 Active sessions: 9
2026-02-04 23:21:10 +08:00: \n🚀 Processing 9 sessions in 1 batches
2026-02-04 23:21:42 +08:00: \n📊 Total sessions in contract: 12
2026-02-04 23:21:42 +08:00: 🦞 Active nodes: 20 | Shards per cycle: 4
2026-02-04 23:21:45 +08:00: 📋 Active sessions: 9
2026-02-04 23:21:45 +08:00: \n🚀 Processing 9 sessions in 1 batches
2026-02-04 23:22:17 +08:00: \n📊 Total sessions in contract: 12
2026-02-04 23:22:18 +08:00: 🦞 Active nodes: 20 | Shards per cycle: 4
2026-02-04 23:22:21 +08:00: 📋 Active sessions: 9
2026-02-04 23:22:21 +08:00: \n🚀 Processing 9 sessions in 1 batches
2026-02-04 23:22:53 +08:00: \n📊 Total sessions in contract: 12
2026-02-04 23:22:53 +08:00: 🦞 Active nodes: 20 | Shards per cycle: 4
2026-02-04 23:22:56 +08:00: 📋 Active sessions: 9
2026-02-04 23:22:56 +08:00: \n🚀 Processing 9 sessions in 1 batches
2026-02-04 23:23:28 +08:00: \n📊 Total sessions in contract: 12
2026-02-04 23:23:29 +08:00: 🦞 Active nodes: 20 | Shards per cycle: 4
2026-02-04 23:23:32 +08:00: 📋 Active sessions: 9
2026-02-04 23:23:32 +08:00: \n🚀 Processing 9 sessions in 1 batches
2026-02-04 23:24:04 +08:00: \n📊 Total sessions in contract: 12
2026-02-04 23:24:04 +08:00: 🦞 Active nodes: 20 | Shards per cycle: 4
2026-02-04 23:24:07 +08:00: 📋 Active sessions: 9
2026-02-04 23:24:07 +08:00: \n🚀 Processing 9 sessions in 1 batches
2026-02-04 23:24:40 +08:00: \n📊 Total sessions in contract: 12
2026-02-04 23:24:40 +08:00: 🦞 Active nodes: 20 | Shards per cycle: 4
2026-02-04 23:24:43 +08:00: 📋 Active sessions: 9
2026-02-04 23:24:43 +08:00: \n🚀 Processing 9 sessions in 1 batches
2026-02-04 23:25:15 +08:00: \n📊 Total sessions in contract: 12
2026-02-04 23:25:16 +08:00: 🦞 Active nodes: 20 | Shards per cycle: 4
2026-02-04 23:25:18 +08:00: 📋 Active sessions: 9
2026-02-04 23:25:18 +08:00: \n🚀 Processing 9 sessions in 1 batches
2026-02-04 23:25:51 +08:00: \n📊 Total sessions in contract: 12
2026-02-04 23:25:51 +08:00: 🦞 Active nodes: 20 | Shards per cycle: 4
2026-02-04 23:25:54 +08:00: 📋 Active sessions: 9
2026-02-04 23:25:54 +08:00: \n🚀 Processing 9 sessions in 1 batches
2026-02-04 23:26:26 +08:00: \n📊 Total sessions in contract: 12
2026-02-04 23:26:26 +08:00: 🦞 Active nodes: 20 | Shards per cycle: 4
2026-02-04 23:26:29 +08:00: 📋 Active sessions: 9
2026-02-04 23:26:29 +08:00: \n🚀 Processing 9 sessions in 1 batches
2026-02-04 23:27:01 +08:00: \n📊 Total sessions in contract: 12
2026-02-04 23:27:02 +08:00: 🦞 Active nodes: 20 | Shards per cycle: 4
2026-02-04 23:27:05 +08:00: 📋 Active sessions: 9
2026-02-04 23:27:05 +08:00: \n🚀 Processing 9 sessions in 1 batches
2026-02-04 23:27:37 +08:00: \n📊 Total sessions in contract: 12
2026-02-04 23:27:37 +08:00: 🦞 Active nodes: 20 | Shards per cycle: 4
2026-02-04 23:27:40 +08:00: 📋 Active sessions: 9
2026-02-04 23:27:40 +08:00: \n🚀 Processing 9 sessions in 1 batches
2026-02-04 23:28:13 +08:00: \n📊 Total sessions in contract: 12
2026-02-04 23:28:13 +08:00: 🦞 Active nodes: 20 | Shards per cycle: 4
2026-02-04 23:28:16 +08:00: 📋 Active sessions: 9
2026-02-04 23:28:16 +08:00: \n🚀 Processing 9 sessions in 1 batches
2026-02-04 23:28:49 +08:00: \n📊 Total sessions in contract: 12
2026-02-04 23:28:49 +08:00: 🦞 Active nodes: 20 | Shards per cycle: 4
2026-02-04 23:28:52 +08:00: 📋 Active sessions: 9
2026-02-04 23:28:52 +08:00: \n🚀 Processing 9 sessions in 1 batches
2026-02-04 23:29:24 +08:00: \n📊 Total sessions in contract: 12
2026-02-04 23:29:25 +08:00: 🦞 Active nodes: 20 | Shards per cycle: 4
2026-02-04 23:29:27 +08:00: 📋 Active sessions: 9
2026-02-04 23:29:27 +08:00: \n🚀 Processing 9 sessions in 1 batches
2026-02-04 23:30:00 +08:00: \n📊 Total sessions in contract: 12
2026-02-04 23:30:00 +08:00: 🦞 Active nodes: 20 | Shards per cycle: 4
2026-02-04 23:30:03 +08:00: 📋 Active sessions: 9
2026-02-04 23:30:03 +08:00: \n🚀 Processing 9 sessions in 1 batches
2026-02-04 23:30:35 +08:00: \n📊 Total sessions in contract: 12
2026-02-04 23:30:36 +08:00: 🦞 Active nodes: 20 | Shards per cycle: 4
2026-02-04 23:30:38 +08:00: 📋 Active sessions: 9
2026-02-04 23:30:38 +08:00: \n🚀 Processing 9 sessions in 1 batches
2026-02-04 23:31:11 +08:00: \n📊 Total sessions in contract: 12
2026-02-04 23:31:11 +08:00: 🦞 Active nodes: 20 | Shards per cycle: 4
2026-02-04 23:31:14 +08:00: 📋 Active sessions: 9
2026-02-04 23:31:14 +08:00: \n🚀 Processing 9 sessions in 1 batches
2026-02-04 23:31:46 +08:00: \n📊 Total sessions in contract: 12
2026-02-04 23:31:47 +08:00: 🦞 Active nodes: 20 | Shards per cycle: 4
2026-02-04 23:31:49 +08:00: 📋 Active sessions: 9
2026-02-04 23:31:49 +08:00: \n🚀 Processing 9 sessions in 1 batches
2026-02-04 23:32:22 +08:00: \n📊 Total sessions in contract: 12
2026-02-04 23:32:22 +08:00: 🦞 Active nodes: 20 | Shards per cycle: 4
2026-02-04 23:32:26 +08:00: 📋 Active sessions: 9
2026-02-04 23:32:26 +08:00: \n🚀 Processing 9 sessions in 1 batches
2026-02-04 23:32:58 +08:00: \n📊 Total sessions in contract: 12
2026-02-04 23:32:59 +08:00: 🦞 Active nodes: 20 | Shards per cycle: 4
2026-02-04 23:33:01 +08:00: 📋 Active sessions: 9
2026-02-04 23:33:01 +08:00: \n🚀 Processing 9 sessions in 1 batches
2026-02-04 23:33:34 +08:00: \n📊 Total sessions in contract: 12
2026-02-04 23:33:34 +08:00: 🦞 Active nodes: 20 | Shards per cycle: 4
2026-02-04 23:33:37 +08:00: 📋 Active sessions: 9
2026-02-04 23:33:37 +08:00: \n🚀 Processing 9 sessions in 1 batches
2026-02-04 23:34:09 +08:00: \n📊 Total sessions in contract: 12
2026-02-04 23:34:10 +08:00: 🦞 Active nodes: 20 | Shards per cycle: 4
2026-02-04 23:34:12 +08:00: 📋 Active sessions: 9
2026-02-04 23:34:12 +08:00: \n🚀 Processing 9 sessions in 1 batches
2026-02-04 23:34:45 +08:00: \n📊 Total sessions in contract: 12
2026-02-04 23:34:45 +08:00: 🦞 Active nodes: 20 | Shards per cycle: 4
2026-02-04 23:34:48 +08:00: 📋 Active sessions: 9
2026-02-04 23:34:48 +08:00: \n🚀 Processing 9 sessions in 1 batches
2026-02-04 23:35:20 +08:00: \n📊 Total sessions in contract: 12
2026-02-04 23:35:21 +08:00: 🦞 Active nodes: 20 | Shards per cycle: 4
2026-02-04 23:35:23 +08:00: 📋 Active sessions: 9
2026-02-04 23:35:23 +08:00: \n🚀 Processing 9 sessions in 1 batches
2026-02-04 23:35:56 +08:00: \n📊 Total sessions in contract: 12
2026-02-04 23:35:56 +08:00: 🦞 Active nodes: 20 | Shards per cycle: 4
2026-02-04 23:35:59 +08:00: 📋 Active sessions: 9
2026-02-04 23:35:59 +08:00: \n🚀 Processing 9 sessions in 1 batches
2026-02-04 23:36:32 +08:00: \n📊 Total sessions in contract: 12
2026-02-04 23:36:32 +08:00: 🦞 Active nodes: 20 | Shards per cycle: 4
2026-02-04 23:36:35 +08:00: 📋 Active sessions: 9
2026-02-04 23:36:35 +08:00: \n🚀 Processing 9 sessions in 1 batches
2026-02-04 23:37:07 +08:00: \n📊 Total sessions in contract: 12
2026-02-04 23:37:08 +08:00: 🦞 Active nodes: 20 | Shards per cycle: 4
2026-02-04 23:37:10 +08:00: 📋 Active sessions: 9
2026-02-04 23:37:10 +08:00: \n🚀 Processing 9 sessions in 1 batches
2026-02-04 23:37:43 +08:00: \n📊 Total sessions in contract: 12
2026-02-04 23:37:43 +08:00: 🦞 Active nodes: 20 | Shards per cycle: 4
2026-02-04 23:37:46 +08:00: 📋 Active sessions: 9
2026-02-04 23:37:46 +08:00: \n🚀 Processing 9 sessions in 1 batches
2026-02-04 23:38:18 +08:00: \n📊 Total sessions in contract: 12
2026-02-04 23:38:19 +08:00: 🦞 Active nodes: 20 | Shards per cycle: 4
2026-02-04 23:38:22 +08:00: 📋 Active sessions: 9
2026-02-04 23:38:22 +08:00: \n🚀 Processing 9 sessions in 1 batches
2026-02-04 23:38:55 +08:00: \n📊 Total sessions in contract: 12
2026-02-04 23:38:55 +08:00: 🦞 Active nodes: 20 | Shards per cycle: 4
2026-02-04 23:38:58 +08:00: 📋 Active sessions: 9
2026-02-04 23:38:58 +08:00: \n🚀 Processing 9 sessions in 1 batches
2026-02-04 23:39:30 +08:00: \n📊 Total sessions in contract: 12
2026-02-04 23:39:31 +08:00: 🦞 Active nodes: 20 | Shards per cycle: 4
2026-02-04 23:39:34 +08:00: 📋 Active sessions: 9
2026-02-04 23:39:34 +08:00: \n🚀 Processing 9 sessions in 1 batches
2026-02-04 23:40:06 +08:00: \n📊 Total sessions in contract: 12
2026-02-04 23:40:06 +08:00: 🦞 Active nodes: 20 | Shards per cycle: 4
2026-02-04 23:40:10 +08:00: 📋 Active sessions: 9
2026-02-04 23:40:10 +08:00: \n🚀 Processing 9 sessions in 1 batches
2026-02-04 23:40:42 +08:00: \n📊 Total sessions in contract: 12
2026-02-04 23:40:42 +08:00: 🦞 Active nodes: 20 | Shards per cycle: 4
2026-02-04 23:40:45 +08:00: 📋 Active sessions: 9
2026-02-04 23:40:45 +08:00: \n🚀 Processing 9 sessions in 1 batches
2026-02-04 23:41:17 +08:00: \n📊 Total sessions in contract: 12
2026-02-04 23:41:18 +08:00: 🦞 Active nodes: 20 | Shards per cycle: 4
2026-02-04 23:41:21 +08:00: 📋 Active sessions: 9
2026-02-04 23:41:21 +08:00: \n🚀 Processing 9 sessions in 1 batches
2026-02-04 23:41:53 +08:00: \n📊 Total sessions in contract: 12
2026-02-04 23:41:54 +08:00: 🦞 Active nodes: 20 | Shards per cycle: 4
2026-02-04 23:41:56 +08:00: 📋 Active sessions: 9
2026-02-04 23:41:56 +08:00: \n🚀 Processing 9 sessions in 1 batches
2026-02-04 23:42:29 +08:00: \n📊 Total sessions in contract: 12
2026-02-04 23:42:29 +08:00: 🦞 Active nodes: 20 | Shards per cycle: 4
2026-02-04 23:42:32 +08:00: 📋 Active sessions: 9
2026-02-04 23:42:32 +08:00: \n🚀 Processing 9 sessions in 1 batches
2026-02-04 23:43:04 +08:00: \n📊 Total sessions in contract: 12
2026-02-04 23:43:05 +08:00: 🦞 Active nodes: 20 | Shards per cycle: 4
2026-02-04 23:43:07 +08:00: 📋 Active sessions: 9
2026-02-04 23:43:07 +08:00: \n🚀 Processing 9 sessions in 1 batches
2026-02-04 23:43:40 +08:00: \n📊 Total sessions in contract: 12
2026-02-04 23:43:40 +08:00: 🦞 Active nodes: 20 | Shards per cycle: 4
2026-02-04 23:43:43 +08:00: 📋 Active sessions: 9
2026-02-04 23:43:43 +08:00: \n🚀 Processing 9 sessions in 1 batches
2026-02-04 23:44:15 +08:00: \n📊 Total sessions in contract: 12
2026-02-04 23:44:16 +08:00: 🦞 Active nodes: 20 | Shards per cycle: 4
2026-02-04 23:44:18 +08:00: 📋 Active sessions: 9
2026-02-04 23:44:18 +08:00: \n🚀 Processing 9 sessions in 1 batches
2026-02-04 23:44:51 +08:00: \n📊 Total sessions in contract: 12
2026-02-04 23:44:51 +08:00: 🦞 Active nodes: 20 | Shards per cycle: 4
2026-02-04 23:44:54 +08:00: 📋 Active sessions: 9
2026-02-04 23:44:54 +08:00: \n🚀 Processing 9 sessions in 1 batches
2026-02-04 23:45:26 +08:00: \n📊 Total sessions in contract: 12
2026-02-04 23:45:27 +08:00: 🦞 Active nodes: 20 | Shards per cycle: 4
2026-02-04 23:45:29 +08:00: 📋 Active sessions: 9
2026-02-04 23:45:29 +08:00: \n🚀 Processing 9 sessions in 1 batches
2026-02-04 23:46:02 +08:00: \n📊 Total sessions in contract: 12
2026-02-04 23:46:02 +08:00: 🦞 Active nodes: 20 | Shards per cycle: 4
2026-02-04 23:46:05 +08:00: 📋 Active sessions: 9
2026-02-04 23:46:05 +08:00: \n🚀 Processing 9 sessions in 1 batches
2026-02-04 23:46:37 +08:00: \n📊 Total sessions in contract: 12
2026-02-04 23:46:38 +08:00: 🦞 Active nodes: 20 | Shards per cycle: 4
2026-02-04 23:46:40 +08:00: 📋 Active sessions: 9
2026-02-04 23:46:40 +08:00: \n🚀 Processing 9 sessions in 1 batches
2026-02-04 23:47:13 +08:00: \n📊 Total sessions in contract: 12
2026-02-04 23:47:13 +08:00: 🦞 Active nodes: 20 | Shards per cycle: 4
2026-02-04 23:47:16 +08:00: 📋 Active sessions: 9
2026-02-04 23:47:16 +08:00: \n🚀 Processing 9 sessions in 1 batches
2026-02-04 23:47:48 +08:00: \n📊 Total sessions in contract: 12
2026-02-04 23:47:49 +08:00: 🦞 Active nodes: 20 | Shards per cycle: 4
2026-02-04 23:47:51 +08:00: 📋 Active sessions: 9
2026-02-04 23:47:51 +08:00: \n🚀 Processing 9 sessions in 1 batches
2026-02-04 23:48:24 +08:00: \n📊 Total sessions in contract: 12
2026-02-04 23:48:24 +08:00: 🦞 Active nodes: 20 | Shards per cycle: 4
2026-02-04 23:48:27 +08:00: 📋 Active sessions: 9
2026-02-04 23:48:27 +08:00: \n🚀 Processing 9 sessions in 1 batches
2026-02-04 23:48:59 +08:00: \n📊 Total sessions in contract: 12
2026-02-04 23:49:00 +08:00: 🦞 Active nodes: 20 | Shards per cycle: 4
2026-02-04 23:49:02 +08:00: 📋 Active sessions: 9
2026-02-04 23:49:02 +08:00: \n🚀 Processing 9 sessions in 1 batches
2026-02-04 23:49:35 +08:00: \n📊 Total sessions in contract: 12
2026-02-04 23:49:35 +08:00: 🦞 Active nodes: 20 | Shards per cycle: 4
2026-02-04 23:49:38 +08:00: 📋 Active sessions: 9
2026-02-04 23:49:38 +08:00: \n🚀 Processing 9 sessions in 1 batches
2026-02-04 23:50:10 +08:00: \n📊 Total sessions in contract: 12
2026-02-04 23:50:11 +08:00: 🦞 Active nodes: 20 | Shards per cycle: 4
2026-02-04 23:50:13 +08:00: 📋 Active sessions: 9
2026-02-04 23:50:13 +08:00: \n🚀 Processing 9 sessions in 1 batches
2026-02-04 23:50:46 +08:00: \n📊 Total sessions in contract: 12
2026-02-04 23:50:46 +08:00: 🦞 Active nodes: 20 | Shards per cycle: 4
2026-02-04 23:50:49 +08:00: 📋 Active sessions: 9
2026-02-04 23:50:49 +08:00: \n🚀 Processing 9 sessions in 1 batches
2026-02-04 23:51:21 +08:00: \n📊 Total sessions in contract: 12
2026-02-04 23:51:22 +08:00: 🦞 Active nodes: 20 | Shards per cycle: 4
2026-02-04 23:51:24 +08:00: 📋 Active sessions: 9
2026-02-04 23:51:24 +08:00: \n🚀 Processing 9 sessions in 1 batches
2026-02-04 23:51:57 +08:00: \n📊 Total sessions in contract: 12
2026-02-04 23:51:57 +08:00: 🦞 Active nodes: 20 | Shards per cycle: 4
2026-02-04 23:52:00 +08:00: 📋 Active sessions: 9
2026-02-04 23:52:00 +08:00: \n🚀 Processing 9 sessions in 1 batches
2026-02-04 23:52:32 +08:00: \n📊 Total sessions in contract: 12
2026-02-04 23:52:33 +08:00: 🦞 Active nodes: 20 | Shards per cycle: 4
2026-02-04 23:52:35 +08:00: 📋 Active sessions: 9
2026-02-04 23:52:35 +08:00: \n🚀 Processing 9 sessions in 1 batches
2026-02-04 23:53:08 +08:00: \n📊 Total sessions in contract: 12
2026-02-04 23:53:08 +08:00: 🦞 Active nodes: 20 | Shards per cycle: 4
2026-02-04 23:53:11 +08:00: 📋 Active sessions: 9
2026-02-04 23:53:11 +08:00: \n🚀 Processing 9 sessions in 1 batches
2026-02-04 23:53:43 +08:00: \n📊 Total sessions in contract: 12
2026-02-04 23:53:44 +08:00: 🦞 Active nodes: 20 | Shards per cycle: 4
2026-02-04 23:53:47 +08:00: 📋 Active sessions: 9
2026-02-04 23:53:47 +08:00: \n🚀 Processing 9 sessions in 1 batches
2026-02-04 23:54:20 +08:00: \n📊 Total sessions in contract: 12
2026-02-04 23:54:20 +08:00: 🦞 Active nodes: 20 | Shards per cycle: 4
2026-02-04 23:54:23 +08:00: 📋 Active sessions: 9
2026-02-04 23:54:23 +08:00: \n🚀 Processing 9 sessions in 1 batches
2026-02-05 00:09:55 +08:00: \n📊 Total sessions in contract: 12
2026-02-05 00:09:55 +08:00: 🦞 Active nodes: 20 | Shards per cycle: 4
2026-02-05 00:09:58 +08:00: 📋 Active sessions: 9
2026-02-05 00:09:58 +08:00: \n🚀 Processing 9 sessions in 1 batches
2026-02-05 00:10:30 +08:00: \n📊 Total sessions in contract: 12
2026-02-05 00:10:31 +08:00: 🦞 Active nodes: 20 | Shards per cycle: 4
2026-02-05 00:10:34 +08:00: 📋 Active sessions: 9
2026-02-05 00:10:34 +08:00: \n🚀 Processing 9 sessions in 1 batches
2026-02-05 00:26:09 +08:00: \n📊 Total sessions in contract: 12
2026-02-05 00:26:10 +08:00: 🦞 Active nodes: 20 | Shards per cycle: 4
2026-02-05 00:26:13 +08:00: 📋 Active sessions: 9
2026-02-05 00:26:13 +08:00: \n🚀 Processing 9 sessions in 1 batches
2026-02-05 00:26:45 +08:00: \n📊 Total sessions in contract: 12
2026-02-05 00:26:46 +08:00: 🦞 Active nodes: 20 | Shards per cycle: 4
2026-02-05 00:26:48 +08:00: 📋 Active sessions: 9
2026-02-05 00:26:48 +08:00: \n🚀 Processing 9 sessions in 1 batches
2026-02-05 00:42:24 +08:00: \n📊 Total sessions in contract: 12
2026-02-05 00:42:25 +08:00: 🦞 Active nodes: 20 | Shards per cycle: 4
2026-02-05 00:42:27 +08:00: 📋 Active sessions: 9
2026-02-05 00:42:27 +08:00: \n🚀 Processing 9 sessions in 1 batches
2026-02-05 00:43:00 +08:00: \n📊 Total sessions in contract: 12
2026-02-05 00:43:00 +08:00: 🦞 Active nodes: 20 | Shards per cycle: 4
2026-02-05 00:43:03 +08:00: 📋 Active sessions: 9
2026-02-05 00:43:03 +08:00: \n🚀 Processing 9 sessions in 1 batches
2026-02-05 00:58:40 +08:00: \n📊 Total sessions in contract: 12
2026-02-05 00:58:41 +08:00: 🦞 Active nodes: 20 | Shards per cycle: 4
2026-02-05 00:58:44 +08:00: 📋 Active sessions: 9
2026-02-05 00:58:44 +08:00: \n🚀 Processing 9 sessions in 1 batches
2026-02-05 00:59:16 +08:00: \n📊 Total sessions in contract: 12
2026-02-05 00:59:16 +08:00: 🦞 Active nodes: 20 | Shards per cycle: 4
2026-02-05 00:59:19 +08:00: 📋 Active sessions: 9
2026-02-05 00:59:19 +08:00: \n🚀 Processing 9 sessions in 1 batches
2026-02-05 01:14:56 +08:00: \n📊 Total sessions in contract: 12
2026-02-05 01:14:57 +08:00: 🦞 Active nodes: 20 | Shards per cycle: 4
2026-02-05 01:14:59 +08:00: 📋 Active sessions: 9
2026-02-05 01:14:59 +08:00: \n🚀 Processing 9 sessions in 1 batches
2026-02-05 01:15:32 +08:00: \n📊 Total sessions in contract: 12
2026-02-05 01:15:32 +08:00: 🦞 Active nodes: 20 | Shards per cycle: 4
2026-02-05 01:15:35 +08:00: 📋 Active sessions: 9
2026-02-05 01:15:35 +08:00: \n🚀 Processing 9 sessions in 1 batches
2026-02-05 01:31:08 +08:00: \n📊 Total sessions in contract: 12
2026-02-05 01:31:09 +08:00: 🦞 Active nodes: 20 | Shards per cycle: 4
2026-02-05 01:31:11 +08:00: 📋 Active sessions: 9
2026-02-05 01:31:11 +08:00: \n🚀 Processing 9 sessions in 1 batches
2026-02-05 01:31:44 +08:00: \n📊 Total sessions in contract: 12
2026-02-05 01:31:44 +08:00: 🦞 Active nodes: 20 | Shards per cycle: 4
2026-02-05 01:31:47 +08:00: 📋 Active sessions: 9
2026-02-05 01:31:47 +08:00: \n🚀 Processing 9 sessions in 1 batches
2026-02-05 01:47:23 +08:00: \n📊 Total sessions in contract: 12
2026-02-05 01:47:24 +08:00: 🦞 Active nodes: 20 | Shards per cycle: 4
2026-02-05 01:47:26 +08:00: 📋 Active sessions: 9
2026-02-05 01:47:26 +08:00: \n🚀 Processing 9 sessions in 1 batches
2026-02-05 01:47:59 +08:00: \n📊 Total sessions in contract: 12
2026-02-05 01:47:59 +08:00: 🦞 Active nodes: 20 | Shards per cycle: 4
2026-02-05 01:48:02 +08:00: 📋 Active sessions: 9
2026-02-05 01:48:02 +08:00: \n🚀 Processing 9 sessions in 1 batches
2026-02-05 01:54:46 +08:00: \n📊 Total sessions in contract: 12
2026-02-05 01:54:47 +08:00: 🦞 Active nodes: 20 | Shards per cycle: 4
2026-02-05 01:54:50 +08:00: 📋 Active sessions: 9
2026-02-05 01:54:50 +08:00: \n🚀 Processing 9 sessions in 1 batches
2026-02-05 01:55:22 +08:00: \n📊 Total sessions in contract: 12
2026-02-05 01:55:23 +08:00: 🦞 Active nodes: 20 | Shards per cycle: 4
2026-02-05 01:55:25 +08:00: 📋 Active sessions: 9
2026-02-05 01:55:25 +08:00: \n🚀 Processing 9 sessions in 1 batches
2026-02-05 02:10:55 +08:00: \n📊 Total sessions in contract: 12
2026-02-05 02:10:56 +08:00: 🦞 Active nodes: 20 | Shards per cycle: 4
2026-02-05 02:10:59 +08:00: 📋 Active sessions: 9
2026-02-05 02:10:59 +08:00: \n🚀 Processing 9 sessions in 1 batches
2026-02-05 02:11:31 +08:00: \n📊 Total sessions in contract: 12
2026-02-05 02:11:32 +08:00: 🦞 Active nodes: 20 | Shards per cycle: 4
2026-02-05 02:11:34 +08:00: 📋 Active sessions: 9
2026-02-05 02:11:34 +08:00: \n🚀 Processing 9 sessions in 1 batches
2026-02-05 02:26:55 +08:00: \n📊 Total sessions in contract: 12
2026-02-05 02:26:55 +08:00: 🦞 Active nodes: 20 | Shards per cycle: 4
2026-02-05 02:26:58 +08:00: 📋 Active sessions: 9
2026-02-05 02:26:58 +08:00: \n🚀 Processing 9 sessions in 1 batches
2026-02-05 02:27:30 +08:00: \n📊 Total sessions in contract: 12
2026-02-05 02:27:31 +08:00: 🦞 Active nodes: 20 | Shards per cycle: 4
2026-02-05 02:27:34 +08:00: 📋 Active sessions: 9
2026-02-05 02:27:34 +08:00: \n🚀 Processing 9 sessions in 1 batches
2026-02-05 02:43:10 +08:00: \n📊 Total sessions in contract: 12
2026-02-05 02:43:11 +08:00: 🦞 Active nodes: 20 | Shards per cycle: 4
2026-02-05 02:43:13 +08:00: 📋 Active sessions: 9
2026-02-05 02:43:13 +08:00: \n🚀 Processing 9 sessions in 1 batches
2026-02-05 02:43:46 +08:00: \n📊 Total sessions in contract: 12
2026-02-05 02:43:46 +08:00: 🦞 Active nodes: 20 | Shards per cycle: 4
2026-02-05 02:43:49 +08:00: 📋 Active sessions: 9
2026-02-05 02:43:49 +08:00: \n🚀 Processing 9 sessions in 1 batches
2026-02-05 02:59:07 +08:00: \n📊 Total sessions in contract: 12
2026-02-05 02:59:07 +08:00: 🦞 Active nodes: 20 | Shards per cycle: 4
2026-02-05 02:59:10 +08:00: 📋 Active sessions: 9
2026-02-05 02:59:10 +08:00: \n🚀 Processing 9 sessions in 1 batches
2026-02-05 02:59:42 +08:00: \n📊 Total sessions in contract: 12
2026-02-05 02:59:43 +08:00: 🦞 Active nodes: 20 | Shards per cycle: 4
2026-02-05 02:59:46 +08:00: 📋 Active sessions: 9
2026-02-05 02:59:46 +08:00: \n🚀 Processing 9 sessions in 1 batches
2026-02-05 03:15:21 +08:00: \n📊 Total sessions in contract: 12
2026-02-05 03:15:21 +08:00: 🦞 Active nodes: 20 | Shards per cycle: 4
2026-02-05 03:15:24 +08:00: 📋 Active sessions: 9
2026-02-05 03:15:24 +08:00: \n🚀 Processing 9 sessions in 1 batches
2026-02-05 03:15:57 +08:00: \n📊 Total sessions in contract: 12
2026-02-05 03:15:57 +08:00: 🦞 Active nodes: 20 | Shards per cycle: 4
2026-02-05 03:16:00 +08:00: 📋 Active sessions: 9
2026-02-05 03:16:00 +08:00: \n🚀 Processing 9 sessions in 1 batches
2026-02-05 03:31:29 +08:00: \n📊 Total sessions in contract: 12
2026-02-05 03:31:30 +08:00: 🦞 Active nodes: 20 | Shards per cycle: 4
2026-02-05 03:31:33 +08:00: 📋 Active sessions: 9
2026-02-05 03:31:33 +08:00: \n🚀 Processing 9 sessions in 1 batches
2026-02-05 03:32:05 +08:00: \n📊 Total sessions in contract: 12
2026-02-05 03:32:06 +08:00: 🦞 Active nodes: 20 | Shards per cycle: 4
2026-02-05 03:32:08 +08:00: 📋 Active sessions: 9
2026-02-05 03:32:08 +08:00: \n🚀 Processing 9 sessions in 1 batches
2026-02-05 03:47:38 +08:00: \n📊 Total sessions in contract: 12
2026-02-05 03:47:39 +08:00: 🦞 Active nodes: 20 | Shards per cycle: 4
2026-02-05 03:47:41 +08:00: 📋 Active sessions: 9
2026-02-05 03:47:41 +08:00: \n🚀 Processing 9 sessions in 1 batches
2026-02-05 03:48:14 +08:00: \n📊 Total sessions in contract: 12
2026-02-05 03:48:14 +08:00: 🦞 Active nodes: 20 | Shards per cycle: 4
2026-02-05 03:48:17 +08:00: 📋 Active sessions: 9
2026-02-05 03:48:17 +08:00: \n🚀 Processing 9 sessions in 1 batches
2026-02-05 04:03:47 +08:00: \n📊 Total sessions in contract: 12
2026-02-05 04:03:48 +08:00: 🦞 Active nodes: 20 | Shards per cycle: 4
2026-02-05 04:03:51 +08:00: 📋 Active sessions: 9
2026-02-05 04:03:51 +08:00: \n🚀 Processing 9 sessions in 1 batches
2026-02-05 04:04:23 +08:00: \n📊 Total sessions in contract: 12
2026-02-05 04:04:24 +08:00: 🦞 Active nodes: 20 | Shards per cycle: 4
2026-02-05 04:04:26 +08:00: 📋 Active sessions: 9
2026-02-05 04:04:26 +08:00: \n🚀 Processing 9 sessions in 1 batches
2026-02-05 04:19:58 +08:00: \n📊 Total sessions in contract: 12
2026-02-05 04:19:58 +08:00: 🦞 Active nodes: 20 | Shards per cycle: 4
2026-02-05 04:20:01 +08:00: 📋 Active sessions: 9
2026-02-05 04:20:01 +08:00: \n🚀 Processing 9 sessions in 1 batches
2026-02-05 04:20:34 +08:00: \n📊 Total sessions in contract: 12
2026-02-05 04:20:34 +08:00: 🦞 Active nodes: 20 | Shards per cycle: 4
2026-02-05 04:20:37 +08:00: 📋 Active sessions: 9
2026-02-05 04:20:37 +08:00: \n🚀 Processing 9 sessions in 1 batches
2026-02-05 04:36:14 +08:00: \n📊 Total sessions in contract: 12
2026-02-05 04:36:15 +08:00: 🦞 Active nodes: 20 | Shards per cycle: 4
2026-02-05 04:36:18 +08:00: 📋 Active sessions: 9
2026-02-05 04:36:18 +08:00: \n🚀 Processing 9 sessions in 1 batches
2026-02-05 04:36:50 +08:00: \n📊 Total sessions in contract: 12
2026-02-05 04:36:50 +08:00: 🦞 Active nodes: 20 | Shards per cycle: 4
2026-02-05 04:36:53 +08:00: 📋 Active sessions: 9
2026-02-05 04:36:53 +08:00: \n🚀 Processing 9 sessions in 1 batches
2026-02-05 04:52:29 +08:00: \n📊 Total sessions in contract: 12
2026-02-05 04:52:29 +08:00: 🦞 Active nodes: 20 | Shards per cycle: 4
2026-02-05 04:52:32 +08:00: 📋 Active sessions: 9
2026-02-05 04:52:32 +08:00: \n🚀 Processing 9 sessions in 1 batches
2026-02-05 04:53:05 +08:00: \n📊 Total sessions in contract: 12
2026-02-05 04:53:05 +08:00: 🦞 Active nodes: 20 | Shards per cycle: 4
2026-02-05 04:53:08 +08:00: 📋 Active sessions: 9
2026-02-05 04:53:08 +08:00: \n🚀 Processing 9 sessions in 1 batches
2026-02-05 05:08:38 +08:00: \n📊 Total sessions in contract: 12
2026-02-05 05:08:39 +08:00: 🦞 Active nodes: 20 | Shards per cycle: 4
2026-02-05 05:08:42 +08:00: 📋 Active sessions: 9
2026-02-05 05:08:42 +08:00: \n🚀 Processing 9 sessions in 1 batches
2026-02-05 05:09:14 +08:00: \n📊 Total sessions in contract: 12
2026-02-05 05:09:15 +08:00: 🦞 Active nodes: 20 | Shards per cycle: 4
2026-02-05 05:09:17 +08:00: 📋 Active sessions: 9
2026-02-05 05:09:17 +08:00: \n🚀 Processing 9 sessions in 1 batches
2026-02-05 05:24:53 +08:00: \n📊 Total sessions in contract: 12
2026-02-05 05:24:53 +08:00: 🦞 Active nodes: 20 | Shards per cycle: 4
2026-02-05 05:24:56 +08:00: 📋 Active sessions: 9
2026-02-05 05:24:56 +08:00: \n🚀 Processing 9 sessions in 1 batches
2026-02-05 05:25:28 +08:00: \n📊 Total sessions in contract: 12
2026-02-05 05:25:29 +08:00: 🦞 Active nodes: 20 | Shards per cycle: 4
2026-02-05 05:25:31 +08:00: 📋 Active sessions: 9
2026-02-05 05:25:31 +08:00: \n🚀 Processing 9 sessions in 1 batches
2026-02-05 05:40:42 +08:00: \n📊 Total sessions in contract: 12
2026-02-05 05:40:42 +08:00: 🦞 Active nodes: 20 | Shards per cycle: 4
2026-02-05 05:40:45 +08:00: 📋 Active sessions: 9
2026-02-05 05:40:45 +08:00: \n🚀 Processing 9 sessions in 1 batches
2026-02-05 05:41:17 +08:00: \n📊 Total sessions in contract: 12
2026-02-05 05:41:18 +08:00: 🦞 Active nodes: 20 | Shards per cycle: 4
2026-02-05 05:41:21 +08:00: 📋 Active sessions: 9
2026-02-05 05:41:21 +08:00: \n🚀 Processing 9 sessions in 1 batches
2026-02-05 05:48:57 +08:00: \n📊 Total sessions in contract: 12
2026-02-05 05:48:57 +08:00: 🦞 Active nodes: 20 | Shards per cycle: 4
2026-02-05 05:49:00 +08:00: 📋 Active sessions: 9
2026-02-05 05:49:00 +08:00: \n🚀 Processing 9 sessions in 1 batches
2026-02-05 05:49:32 +08:00: \n📊 Total sessions in contract: 12
2026-02-05 05:49:33 +08:00: 🦞 Active nodes: 20 | Shards per cycle: 4
2026-02-05 05:49:36 +08:00: 📋 Active sessions: 9
2026-02-05 05:49:36 +08:00: \n🚀 Processing 9 sessions in 1 batches
2026-02-05 05:52:43 +08:00: \n📊 Total sessions in contract: 12
2026-02-05 05:52:43 +08:00: 🦞 Active nodes: 20 | Shards per cycle: 4
2026-02-05 05:52:46 +08:00: 📋 Active sessions: 9
2026-02-05 05:52:46 +08:00: \n🚀 Processing 9 sessions in 1 batches
2026-02-05 06:08:16 +08:00: \n📊 Total sessions in contract: 12
2026-02-05 06:08:16 +08:00: 🦞 Active nodes: 20 | Shards per cycle: 4
2026-02-05 06:08:19 +08:00: 📋 Active sessions: 9
2026-02-05 06:08:19 +08:00: \n🚀 Processing 9 sessions in 1 batches
2026-02-05 06:08:52 +08:00: \n📊 Total sessions in contract: 12
2026-02-05 06:08:52 +08:00: 🦞 Active nodes: 20 | Shards per cycle: 4
2026-02-05 06:08:55 +08:00: 📋 Active sessions: 9
2026-02-05 06:08:55 +08:00: \n🚀 Processing 9 sessions in 1 batches
2026-02-05 06:24:27 +08:00: \n📊 Total sessions in contract: 12
2026-02-05 06:24:27 +08:00: 🦞 Active nodes: 20 | Shards per cycle: 4
2026-02-05 06:24:30 +08:00: 📋 Active sessions: 9
2026-02-05 06:24:30 +08:00: \n🚀 Processing 9 sessions in 1 batches
2026-02-05 06:25:02 +08:00: \n📊 Total sessions in contract: 12
2026-02-05 06:25:03 +08:00: 🦞 Active nodes: 20 | Shards per cycle: 4
2026-02-05 06:25:05 +08:00: 📋 Active sessions: 9
2026-02-05 06:25:05 +08:00: \n🚀 Processing 9 sessions in 1 batches
2026-02-05 06:40:28 +08:00: \n📊 Total sessions in contract: 12
2026-02-05 06:40:28 +08:00: 🦞 Active nodes: 20 | Shards per cycle: 4
2026-02-05 06:40:31 +08:00: 📋 Active sessions: 9
2026-02-05 06:40:31 +08:00: \n🚀 Processing 9 sessions in 1 batches
2026-02-05 06:41:03 +08:00: \n📊 Total sessions in contract: 12
2026-02-05 06:41:04 +08:00: 🦞 Active nodes: 20 | Shards per cycle: 4
2026-02-05 06:41:07 +08:00: 📋 Active sessions: 9
2026-02-05 06:41:07 +08:00: \n🚀 Processing 9 sessions in 1 batches
2026-02-05 06:56:37 +08:00: \n📊 Total sessions in contract: 12
2026-02-05 06:56:37 +08:00: 🦞 Active nodes: 20 | Shards per cycle: 4
2026-02-05 06:56:40 +08:00: 📋 Active sessions: 9
2026-02-05 06:56:40 +08:00: \n🚀 Processing 9 sessions in 1 batches
2026-02-05 06:57:12 +08:00: \n📊 Total sessions in contract: 12
2026-02-05 06:57:13 +08:00: 🦞 Active nodes: 20 | Shards per cycle: 4
2026-02-05 06:57:15 +08:00: 📋 Active sessions: 9
2026-02-05 06:57:15 +08:00: \n🚀 Processing 9 sessions in 1 batches
2026-02-05 07:12:45 +08:00: \n📊 Total sessions in contract: 12
2026-02-05 07:12:45 +08:00: 🦞 Active nodes: 20 | Shards per cycle: 4
2026-02-05 07:12:48 +08:00: 📋 Active sessions: 9
2026-02-05 07:12:48 +08:00: \n🚀 Processing 9 sessions in 1 batches
2026-02-05 07:13:20 +08:00: \n📊 Total sessions in contract: 12
2026-02-05 07:13:21 +08:00: 🦞 Active nodes: 20 | Shards per cycle: 4
2026-02-05 07:13:24 +08:00: 📋 Active sessions: 9
2026-02-05 07:13:24 +08:00: \n🚀 Processing 9 sessions in 1 batches
2026-02-05 07:28:59 +08:00: \n📊 Total sessions in contract: 12
2026-02-05 07:29:00 +08:00: 🦞 Active nodes: 20 | Shards per cycle: 4
2026-02-05 07:29:02 +08:00: 📋 Active sessions: 9
2026-02-05 07:29:02 +08:00: \n🚀 Processing 9 sessions in 1 batches
2026-02-05 07:29:35 +08:00: \n📊 Total sessions in contract: 12
2026-02-05 07:29:35 +08:00: 🦞 Active nodes: 20 | Shards per cycle: 4
2026-02-05 07:29:38 +08:00: 📋 Active sessions: 9
2026-02-05 07:29:38 +08:00: \n🚀 Processing 9 sessions in 1 batches
2026-02-05 07:40:27 +08:00: \n📊 Total sessions in contract: 12
2026-02-05 07:40:28 +08:00: 🦞 Active nodes: 20 | Shards per cycle: 4
2026-02-05 07:40:31 +08:00: 📋 Active sessions: 9
2026-02-05 07:40:31 +08:00: \n🚀 Processing 9 sessions in 1 batches
2026-02-05 07:41:03 +08:00: \n📊 Total sessions in contract: 12
2026-02-05 07:41:04 +08:00: 🦞 Active nodes: 20 | Shards per cycle: 4
2026-02-05 07:41:06 +08:00: 📋 Active sessions: 9
2026-02-05 07:41:06 +08:00: \n🚀 Processing 9 sessions in 1 batches
2026-02-05 07:41:39 +08:00: \n📊 Total sessions in contract: 12
2026-02-05 07:41:39 +08:00: 🦞 Active nodes: 20 | Shards per cycle: 4
2026-02-05 07:41:42 +08:00: 📋 Active sessions: 9
2026-02-05 07:41:42 +08:00: \n🚀 Processing 9 sessions in 1 batches
2026-02-05 07:42:14 +08:00: \n📊 Total sessions in contract: 12
2026-02-05 07:42:15 +08:00: 🦞 Active nodes: 20 | Shards per cycle: 4
2026-02-05 07:42:17 +08:00: 📋 Active sessions: 9
2026-02-05 07:42:17 +08:00: \n🚀 Processing 9 sessions in 1 batches
2026-02-05 07:42:50 +08:00: \n📊 Total sessions in contract: 12
2026-02-05 07:42:50 +08:00: 🦞 Active nodes: 20 | Shards per cycle: 4
2026-02-05 07:42:53 +08:00: 📋 Active sessions: 9
2026-02-05 07:42:53 +08:00: \n🚀 Processing 9 sessions in 1 batches
2026-02-05 07:43:25 +08:00: \n📊 Total sessions in contract: 12
2026-02-05 07:43:26 +08:00: 🦞 Active nodes: 20 | Shards per cycle: 4
2026-02-05 07:43:28 +08:00: 📋 Active sessions: 9
2026-02-05 07:43:28 +08:00: \n🚀 Processing 9 sessions in 1 batches
2026-02-05 07:44:01 +08:00: \n📊 Total sessions in contract: 12
2026-02-05 07:44:01 +08:00: 🦞 Active nodes: 20 | Shards per cycle: 4
2026-02-05 07:44:04 +08:00: 📋 Active sessions: 9
2026-02-05 07:44:04 +08:00: \n🚀 Processing 9 sessions in 1 batches
2026-02-05 07:44:37 +08:00: \n📊 Total sessions in contract: 12
2026-02-05 07:44:37 +08:00: 🦞 Active nodes: 20 | Shards per cycle: 4
2026-02-05 07:44:40 +08:00: 📋 Active sessions: 9
2026-02-05 07:44:40 +08:00: \n🚀 Processing 9 sessions in 1 batches
2026-02-05 07:45:12 +08:00: \n📊 Total sessions in contract: 12
2026-02-05 07:45:13 +08:00: 🦞 Active nodes: 20 | Shards per cycle: 4
2026-02-05 07:45:15 +08:00: 📋 Active sessions: 9
2026-02-05 07:45:15 +08:00: \n🚀 Processing 9 sessions in 1 batches
2026-02-05 07:45:48 +08:00: \n📊 Total sessions in contract: 12
2026-02-05 07:45:48 +08:00: 🦞 Active nodes: 20 | Shards per cycle: 4
2026-02-05 07:45:51 +08:00: 📋 Active sessions: 9
2026-02-05 07:45:51 +08:00: \n🚀 Processing 9 sessions in 1 batches
2026-02-05 07:46:23 +08:00: \n📊 Total sessions in contract: 12
2026-02-05 07:46:24 +08:00: 🦞 Active nodes: 20 | Shards per cycle: 4
2026-02-05 07:46:26 +08:00: 📋 Active sessions: 9
2026-02-05 07:46:26 +08:00: \n🚀 Processing 9 sessions in 1 batches
2026-02-05 07:46:59 +08:00: \n📊 Total sessions in contract: 12
2026-02-05 07:46:59 +08:00: 🦞 Active nodes: 20 | Shards per cycle: 4
2026-02-05 07:47:02 +08:00: 📋 Active sessions: 9
2026-02-05 07:47:02 +08:00: \n🚀 Processing 9 sessions in 1 batches
2026-02-05 07:47:34 +08:00: \n📊 Total sessions in contract: 12
2026-02-05 07:47:35 +08:00: 🦞 Active nodes: 20 | Shards per cycle: 4
2026-02-05 07:47:37 +08:00: 📋 Active sessions: 9
2026-02-05 07:47:37 +08:00: \n🚀 Processing 9 sessions in 1 batches
2026-02-05 07:48:10 +08:00: \n📊 Total sessions in contract: 12
2026-02-05 07:48:10 +08:00: 🦞 Active nodes: 20 | Shards per cycle: 4
2026-02-05 07:48:13 +08:00: 📋 Active sessions: 9
2026-02-05 07:48:13 +08:00: \n🚀 Processing 9 sessions in 1 batches
2026-02-05 07:48:45 +08:00: \n📊 Total sessions in contract: 12
2026-02-05 07:48:46 +08:00: 🦞 Active nodes: 20 | Shards per cycle: 4
2026-02-05 07:48:48 +08:00: 📋 Active sessions: 9
2026-02-05 07:48:48 +08:00: \n🚀 Processing 9 sessions in 1 batches
2026-02-05 07:49:21 +08:00: \n📊 Total sessions in contract: 12
2026-02-05 07:49:21 +08:00: 🦞 Active nodes: 20 | Shards per cycle: 4
2026-02-05 07:49:24 +08:00: 📋 Active sessions: 9
2026-02-05 07:49:24 +08:00: \n🚀 Processing 9 sessions in 1 batches
2026-02-05 07:49:56 +08:00: \n📊 Total sessions in contract: 12
2026-02-05 07:49:57 +08:00: 🦞 Active nodes: 20 | Shards per cycle: 4
2026-02-05 07:50:00 +08:00: 📋 Active sessions: 9
2026-02-05 07:50:00 +08:00: \n🚀 Processing 9 sessions in 1 batches
2026-02-05 07:50:32 +08:00: \n📊 Total sessions in contract: 12
2026-02-05 07:50:33 +08:00: 🦞 Active nodes: 20 | Shards per cycle: 4
2026-02-05 07:50:35 +08:00: 📋 Active sessions: 9
2026-02-05 07:50:35 +08:00: \n🚀 Processing 9 sessions in 1 batches
2026-02-05 07:51:08 +08:00: \n📊 Total sessions in contract: 12
2026-02-05 07:51:08 +08:00: 🦞 Active nodes: 20 | Shards per cycle: 4
2026-02-05 07:51:11 +08:00: 📋 Active sessions: 9
2026-02-05 07:51:11 +08:00: \n🚀 Processing 9 sessions in 1 batches
2026-02-05 07:51:43 +08:00: \n📊 Total sessions in contract: 12
2026-02-05 07:51:44 +08:00: 🦞 Active nodes: 20 | Shards per cycle: 4
2026-02-05 07:51:46 +08:00: 📋 Active sessions: 9
2026-02-05 07:51:46 +08:00: \n🚀 Processing 9 sessions in 1 batches
2026-02-05 07:52:19 +08:00: \n📊 Total sessions in contract: 12
2026-02-05 07:52:19 +08:00: 🦞 Active nodes: 20 | Shards per cycle: 4
2026-02-05 07:52:22 +08:00: 📋 Active sessions: 9
2026-02-05 07:52:22 +08:00: \n🚀 Processing 9 sessions in 1 batches
2026-02-05 07:52:54 +08:00: \n📊 Total sessions in contract: 12
2026-02-05 07:52:54 +08:00: 🦞 Active nodes: 20 | Shards per cycle: 4
2026-02-05 07:52:57 +08:00: 📋 Active sessions: 9
2026-02-05 07:52:57 +08:00: \n🚀 Processing 9 sessions in 1 batches
2026-02-05 07:53:30 +08:00: \n📊 Total sessions in contract: 12
2026-02-05 07:53:30 +08:00: 🦞 Active nodes: 20 | Shards per cycle: 4
2026-02-05 07:53:33 +08:00: 📋 Active sessions: 9
2026-02-05 07:53:33 +08:00: \n🚀 Processing 9 sessions in 1 batches
2026-02-05 07:54:05 +08:00: \n📊 Total sessions in contract: 12
2026-02-05 07:54:05 +08:00: 🦞 Active nodes: 20 | Shards per cycle: 4
2026-02-05 07:54:08 +08:00: 📋 Active sessions: 9
2026-02-05 07:54:08 +08:00: \n🚀 Processing 9 sessions in 1 batches
2026-02-05 07:54:41 +08:00: \n📊 Total sessions in contract: 12
2026-02-05 07:54:41 +08:00: 🦞 Active nodes: 20 | Shards per cycle: 4
2026-02-05 07:54:44 +08:00: 📋 Active sessions: 9
2026-02-05 07:54:44 +08:00: \n🚀 Processing 9 sessions in 1 batches
2026-02-05 07:55:16 +08:00: \n📊 Total sessions in contract: 12
2026-02-05 07:55:17 +08:00: 🦞 Active nodes: 20 | Shards per cycle: 4
2026-02-05 07:55:19 +08:00: 📋 Active sessions: 9
2026-02-05 07:55:19 +08:00: \n🚀 Processing 9 sessions in 1 batches
2026-02-05 07:55:52 +08:00: \n📊 Total sessions in contract: 12
2026-02-05 07:55:52 +08:00: 🦞 Active nodes: 20 | Shards per cycle: 4
2026-02-05 07:55:55 +08:00: 📋 Active sessions: 9
2026-02-05 07:55:55 +08:00: \n🚀 Processing 9 sessions in 1 batches
2026-02-05 07:56:27 +08:00: \n📊 Total sessions in contract: 12
2026-02-05 07:56:28 +08:00: 🦞 Active nodes: 20 | Shards per cycle: 4
2026-02-05 07:56:30 +08:00: 📋 Active sessions: 9
2026-02-05 07:56:30 +08:00: \n🚀 Processing 9 sessions in 1 batches
2026-02-05 07:57:03 +08:00: \n📊 Total sessions in contract: 12
2026-02-05 07:57:03 +08:00: 🦞 Active nodes: 20 | Shards per cycle: 4
2026-02-05 07:57:06 +08:00: 📋 Active sessions: 9
2026-02-05 07:57:06 +08:00: \n🚀 Processing 9 sessions in 1 batches
2026-02-05 07:57:38 +08:00: \n📊 Total sessions in contract: 12
2026-02-05 07:57:39 +08:00: 🦞 Active nodes: 20 | Shards per cycle: 4
2026-02-05 07:57:42 +08:00: 📋 Active sessions: 9
2026-02-05 07:57:42 +08:00: \n🚀 Processing 9 sessions in 1 batches
2026-02-05 07:58:14 +08:00: \n📊 Total sessions in contract: 12
2026-02-05 07:58:14 +08:00: 🦞 Active nodes: 20 | Shards per cycle: 4
2026-02-05 07:58:17 +08:00: 📋 Active sessions: 9
2026-02-05 07:58:17 +08:00: \n🚀 Processing 9 sessions in 1 batches
2026-02-05 07:58:50 +08:00: \n📊 Total sessions in contract: 12
2026-02-05 07:58:50 +08:00: 🦞 Active nodes: 20 | Shards per cycle: 4
2026-02-05 07:58:53 +08:00: 📋 Active sessions: 9
2026-02-05 07:58:53 +08:00: \n🚀 Processing 9 sessions in 1 batches
2026-02-05 07:59:25 +08:00: \n📊 Total sessions in contract: 12
2026-02-05 07:59:25 +08:00: 🦞 Active nodes: 20 | Shards per cycle: 4
2026-02-05 07:59:28 +08:00: 📋 Active sessions: 9
2026-02-05 07:59:28 +08:00: \n🚀 Processing 9 sessions in 1 batches
2026-02-05 08:00:00 +08:00: \n📊 Total sessions in contract: 12
2026-02-05 08:00:01 +08:00: 🦞 Active nodes: 20 | Shards per cycle: 4
2026-02-05 08:00:04 +08:00: 📋 Active sessions: 9
2026-02-05 08:00:04 +08:00: \n🚀 Processing 9 sessions in 1 batches
2026-02-05 08:00:36 +08:00: \n📊 Total sessions in contract: 12
2026-02-05 08:00:37 +08:00: 🦞 Active nodes: 20 | Shards per cycle: 4
2026-02-05 08:00:40 +08:00: 📋 Active sessions: 9
2026-02-05 08:00:40 +08:00: \n🚀 Processing 9 sessions in 1 batches
2026-02-05 08:01:12 +08:00: \n📊 Total sessions in contract: 12
2026-02-05 08:01:13 +08:00: 🦞 Active nodes: 20 | Shards per cycle: 4
2026-02-05 08:01:15 +08:00: 📋 Active sessions: 9
2026-02-05 08:01:15 +08:00: \n🚀 Processing 9 sessions in 1 batches
2026-02-05 08:01:48 +08:00: \n📊 Total sessions in contract: 12
2026-02-05 08:01:48 +08:00: 🦞 Active nodes: 20 | Shards per cycle: 4
2026-02-05 08:01:51 +08:00: 📋 Active sessions: 9
2026-02-05 08:01:51 +08:00: \n🚀 Processing 9 sessions in 1 batches
2026-02-05 08:02:24 +08:00: \n📊 Total sessions in contract: 12
2026-02-05 08:02:24 +08:00: 🦞 Active nodes: 20 | Shards per cycle: 4
2026-02-05 08:02:27 +08:00: 📋 Active sessions: 9
2026-02-05 08:02:27 +08:00: \n🚀 Processing 9 sessions in 1 batches
2026-02-05 08:02:59 +08:00: \n📊 Total sessions in contract: 12
2026-02-05 08:03:00 +08:00: 🦞 Active nodes: 20 | Shards per cycle: 4
2026-02-05 08:03:02 +08:00: 📋 Active sessions: 9
2026-02-05 08:03:02 +08:00: \n🚀 Processing 9 sessions in 1 batches
2026-02-05 08:03:35 +08:00: \n📊 Total sessions in contract: 12
2026-02-05 08:03:35 +08:00: 🦞 Active nodes: 20 | Shards per cycle: 4
2026-02-05 08:03:38 +08:00: 📋 Active sessions: 9
2026-02-05 08:03:38 +08:00: \n🚀 Processing 9 sessions in 1 batches
2026-02-05 08:04:10 +08:00: \n📊 Total sessions in contract: 12
2026-02-05 08:04:11 +08:00: 🦞 Active nodes: 20 | Shards per cycle: 4
2026-02-05 08:04:14 +08:00: 📋 Active sessions: 9
2026-02-05 08:04:14 +08:00: \n🚀 Processing 9 sessions in 1 batches
2026-02-05 08:04:46 +08:00: \n📊 Total sessions in contract: 12
2026-02-05 08:04:46 +08:00: 🦞 Active nodes: 20 | Shards per cycle: 4
2026-02-05 08:04:49 +08:00: 📋 Active sessions: 9
2026-02-05 08:04:49 +08:00: \n🚀 Processing 9 sessions in 1 batches
2026-02-05 08:05:21 +08:00: \n📊 Total sessions in contract: 12
2026-02-05 08:05:22 +08:00: 🦞 Active nodes: 20 | Shards per cycle: 4
2026-02-05 08:05:25 +08:00: 📋 Active sessions: 9
2026-02-05 08:05:25 +08:00: \n🚀 Processing 9 sessions in 1 batches
2026-02-05 08:05:57 +08:00: \n📊 Total sessions in contract: 12
2026-02-05 08:05:57 +08:00: 🦞 Active nodes: 20 | Shards per cycle: 4
2026-02-05 08:06:00 +08:00: 📋 Active sessions: 9
2026-02-05 08:06:00 +08:00: \n🚀 Processing 9 sessions in 1 batches
2026-02-05 08:06:32 +08:00: \n📊 Total sessions in contract: 12
2026-02-05 08:06:33 +08:00: 🦞 Active nodes: 20 | Shards per cycle: 4
2026-02-05 08:06:36 +08:00: 📋 Active sessions: 9
2026-02-05 08:06:36 +08:00: \n🚀 Processing 9 sessions in 1 batches
2026-02-05 08:07:08 +08:00: \n📊 Total sessions in contract: 12
2026-02-05 08:07:08 +08:00: 🦞 Active nodes: 20 | Shards per cycle: 4
2026-02-05 08:07:11 +08:00: 📋 Active sessions: 9
2026-02-05 08:07:11 +08:00: \n🚀 Processing 9 sessions in 1 batches
2026-02-05 08:07:44 +08:00: \n📊 Total sessions in contract: 12
2026-02-05 08:07:44 +08:00: 🦞 Active nodes: 20 | Shards per cycle: 4
2026-02-05 08:07:47 +08:00: 📋 Active sessions: 9
2026-02-05 08:07:47 +08:00: \n🚀 Processing 9 sessions in 1 batches
2026-02-05 08:08:19 +08:00: \n📊 Total sessions in contract: 12
2026-02-05 08:08:19 +08:00: 🦞 Active nodes: 20 | Shards per cycle: 4
2026-02-05 08:08:22 +08:00: 📋 Active sessions: 9
2026-02-05 08:08:22 +08:00: \n🚀 Processing 9 sessions in 1 batches
2026-02-05 08:12:31 +08:00: \n📊 Total sessions in contract: 12
2026-02-05 08:12:31 +08:00: 🦞 Active nodes: 20 | Shards per cycle: 4
2026-02-05 08:12:34 +08:00: 📋 Active sessions: 9
2026-02-05 08:12:34 +08:00: \n🚀 Processing 9 sessions in 1 batches
2026-02-05 08:13:07 +08:00: \n📊 Total sessions in contract: 12
2026-02-05 08:13:07 +08:00: 🦞 Active nodes: 20 | Shards per cycle: 4
2026-02-05 08:13:10 +08:00: 📋 Active sessions: 9
2026-02-05 08:13:10 +08:00: \n🚀 Processing 9 sessions in 1 batches
2026-02-05 08:13:42 +08:00: \n📊 Total sessions in contract: 12
2026-02-05 08:13:43 +08:00: 🦞 Active nodes: 20 | Shards per cycle: 4
2026-02-05 08:13:45 +08:00: 📋 Active sessions: 9
2026-02-05 08:13:45 +08:00: \n🚀 Processing 9 sessions in 1 batches
2026-02-05 08:14:18 +08:00: \n📊 Total sessions in contract: 12
2026-02-05 08:14:18 +08:00: 🦞 Active nodes: 20 | Shards per cycle: 4
2026-02-05 08:14:21 +08:00: 📋 Active sessions: 9
2026-02-05 08:14:21 +08:00: \n🚀 Processing 9 sessions in 1 batches
2026-02-05 08:14:53 +08:00: \n📊 Total sessions in contract: 12
2026-02-05 08:14:53 +08:00: 🦞 Active nodes: 20 | Shards per cycle: 4
2026-02-05 08:14:56 +08:00: 📋 Active sessions: 9
2026-02-05 08:14:56 +08:00: \n🚀 Processing 9 sessions in 1 batches
2026-02-05 08:15:28 +08:00: \n📊 Total sessions in contract: 12
2026-02-05 08:15:29 +08:00: 🦞 Active nodes: 20 | Shards per cycle: 4
2026-02-05 08:15:32 +08:00: 📋 Active sessions: 9
2026-02-05 08:15:32 +08:00: \n🚀 Processing 9 sessions in 1 batches
2026-02-05 08:16:04 +08:00: \n📊 Total sessions in contract: 12
2026-02-05 08:16:04 +08:00: 🦞 Active nodes: 20 | Shards per cycle: 4
2026-02-05 08:16:07 +08:00: 📋 Active sessions: 9
2026-02-05 08:16:07 +08:00: \n🚀 Processing 9 sessions in 1 batches
2026-02-05 08:16:39 +08:00: \n📊 Total sessions in contract: 12
2026-02-05 08:16:40 +08:00: 🦞 Active nodes: 20 | Shards per cycle: 4
2026-02-05 08:16:43 +08:00: 📋 Active sessions: 9
2026-02-05 08:16:43 +08:00: \n🚀 Processing 9 sessions in 1 batches
2026-02-05 08:17:15 +08:00: \n📊 Total sessions in contract: 12
2026-02-05 08:17:15 +08:00: 🦞 Active nodes: 20 | Shards per cycle: 4
2026-02-05 08:17:18 +08:00: 📋 Active sessions: 9
2026-02-05 08:17:18 +08:00: \n🚀 Processing 9 sessions in 1 batches
2026-02-05 08:17:50 +08:00: \n📊 Total sessions in contract: 12
2026-02-05 08:17:51 +08:00: 🦞 Active nodes: 20 | Shards per cycle: 4
2026-02-05 08:17:54 +08:00: 📋 Active sessions: 9
2026-02-05 08:17:54 +08:00: \n🚀 Processing 9 sessions in 1 batches
2026-02-05 08:18:26 +08:00: \n📊 Total sessions in contract: 12
2026-02-05 08:18:26 +08:00: 🦞 Active nodes: 20 | Shards per cycle: 4
2026-02-05 08:18:29 +08:00: 📋 Active sessions: 9
2026-02-05 08:18:29 +08:00: \n🚀 Processing 9 sessions in 1 batches
2026-02-05 08:19:02 +08:00: \n📊 Total sessions in contract: 12
2026-02-05 08:19:02 +08:00: 🦞 Active nodes: 20 | Shards per cycle: 4
2026-02-05 08:19:05 +08:00: 📋 Active sessions: 9
2026-02-05 08:19:05 +08:00: \n🚀 Processing 9 sessions in 1 batches
2026-02-05 08:19:37 +08:00: \n📊 Total sessions in contract: 12
2026-02-05 08:19:38 +08:00: 🦞 Active nodes: 20 | Shards per cycle: 4
2026-02-05 08:19:41 +08:00: 📋 Active sessions: 9
2026-02-05 08:19:41 +08:00: \n🚀 Processing 9 sessions in 1 batches
2026-02-05 08:20:13 +08:00: \n📊 Total sessions in contract: 12
2026-02-05 08:20:14 +08:00: 🦞 Active nodes: 20 | Shards per cycle: 4
2026-02-05 08:20:16 +08:00: 📋 Active sessions: 9
2026-02-05 08:20:16 +08:00: \n🚀 Processing 9 sessions in 1 batches
2026-02-05 08:20:49 +08:00: \n📊 Total sessions in contract: 12
2026-02-05 08:20:49 +08:00: 🦞 Active nodes: 20 | Shards per cycle: 4
2026-02-05 08:20:52 +08:00: 📋 Active sessions: 9
2026-02-05 08:20:52 +08:00: \n🚀 Processing 9 sessions in 1 batches
2026-02-05 08:21:24 +08:00: \n📊 Total sessions in contract: 12
2026-02-05 08:21:25 +08:00: 🦞 Active nodes: 20 | Shards per cycle: 4
2026-02-05 08:21:27 +08:00: 📋 Active sessions: 9
2026-02-05 08:21:27 +08:00: \n🚀 Processing 9 sessions in 1 batches
2026-02-05 08:22:00 +08:00: \n📊 Total sessions in contract: 12
2026-02-05 08:22:00 +08:00: 🦞 Active nodes: 20 | Shards per cycle: 4
2026-02-05 08:22:03 +08:00: 📋 Active sessions: 9
2026-02-05 08:22:03 +08:00: \n🚀 Processing 9 sessions in 1 batches
2026-02-05 08:22:36 +08:00: \n📊 Total sessions in contract: 12
2026-02-05 08:22:36 +08:00: 🦞 Active nodes: 20 | Shards per cycle: 4
2026-02-05 08:22:39 +08:00: 📋 Active sessions: 9
2026-02-05 08:22:39 +08:00: \n🚀 Processing 9 sessions in 1 batches
2026-02-05 08:23:11 +08:00: \n📊 Total sessions in contract: 12
2026-02-05 08:23:12 +08:00: 🦞 Active nodes: 20 | Shards per cycle: 4
2026-02-05 08:23:15 +08:00: 📋 Active sessions: 9
2026-02-05 08:23:15 +08:00: \n🚀 Processing 9 sessions in 1 batches
2026-02-05 08:23:47 +08:00: \n📊 Total sessions in contract: 12
2026-02-05 08:23:47 +08:00: 🦞 Active nodes: 20 | Shards per cycle: 4
2026-02-05 08:23:50 +08:00: 📋 Active sessions: 9
2026-02-05 08:23:50 +08:00: \n🚀 Processing 9 sessions in 1 batches
2026-02-05 08:24:22 +08:00: \n📊 Total sessions in contract: 12
2026-02-05 08:24:23 +08:00: 🦞 Active nodes: 20 | Shards per cycle: 4
2026-02-05 08:24:26 +08:00: 📋 Active sessions: 9
2026-02-05 08:24:26 +08:00: \n🚀 Processing 9 sessions in 1 batches
2026-02-05 08:24:58 +08:00: \n📊 Total sessions in contract: 12
2026-02-05 08:24:58 +08:00: 🦞 Active nodes: 20 | Shards per cycle: 4
2026-02-05 08:25:01 +08:00: 📋 Active sessions: 9
2026-02-05 08:25:01 +08:00: \n🚀 Processing 9 sessions in 1 batches
2026-02-05 08:25:34 +08:00: \n📊 Total sessions in contract: 12
2026-02-05 08:25:34 +08:00: 🦞 Active nodes: 20 | Shards per cycle: 4
2026-02-05 08:25:37 +08:00: 📋 Active sessions: 9
2026-02-05 08:25:37 +08:00: \n🚀 Processing 9 sessions in 1 batches
2026-02-05 08:26:09 +08:00: \n📊 Total sessions in contract: 12
2026-02-05 08:26:10 +08:00: 🦞 Active nodes: 20 | Shards per cycle: 4
2026-02-05 08:26:12 +08:00: 📋 Active sessions: 9
2026-02-05 08:26:12 +08:00: \n🚀 Processing 9 sessions in 1 batches
2026-02-05 08:26:45 +08:00: \n📊 Total sessions in contract: 12
2026-02-05 08:26:45 +08:00: 🦞 Active nodes: 20 | Shards per cycle: 4
2026-02-05 08:26:48 +08:00: 📋 Active sessions: 9
2026-02-05 08:26:48 +08:00: \n🚀 Processing 9 sessions in 1 batches
2026-02-05 08:29:33 +08:00: \n📊 Total sessions in contract: 12
2026-02-05 08:29:33 +08:00: 🦞 Active nodes: 20 | Shards per cycle: 4
2026-02-05 08:29:36 +08:00: 📋 Active sessions: 9
2026-02-05 08:29:36 +08:00: \n🚀 Processing 9 sessions in 1 batches
2026-02-05 08:30:08 +08:00: \n📊 Total sessions in contract: 12
2026-02-05 08:30:09 +08:00: 🦞 Active nodes: 20 | Shards per cycle: 4
2026-02-05 08:30:12 +08:00: 📋 Active sessions: 9
2026-02-05 08:30:12 +08:00: \n🚀 Processing 9 sessions in 1 batches
2026-02-05 08:30:44 +08:00: \n📊 Total sessions in contract: 12
2026-02-05 08:30:44 +08:00: 🦞 Active nodes: 20 | Shards per cycle: 4
2026-02-05 08:30:47 +08:00: 📋 Active sessions: 9
2026-02-05 08:30:47 +08:00: \n🚀 Processing 9 sessions in 1 batches
2026-02-05 08:31:19 +08:00: \n📊 Total sessions in contract: 12
2026-02-05 08:31:20 +08:00: 🦞 Active nodes: 20 | Shards per cycle: 4
2026-02-05 08:31:23 +08:00: 📋 Active sessions: 9
2026-02-05 08:31:23 +08:00: \n🚀 Processing 9 sessions in 1 batches
2026-02-05 08:31:55 +08:00: \n📊 Total sessions in contract: 12
2026-02-05 08:31:55 +08:00: 🦞 Active nodes: 20 | Shards per cycle: 4
2026-02-05 08:31:58 +08:00: 📋 Active sessions: 9
2026-02-05 08:31:58 +08:00: \n🚀 Processing 9 sessions in 1 batches
2026-02-05 08:32:30 +08:00: \n📊 Total sessions in contract: 12
2026-02-05 08:32:31 +08:00: 🦞 Active nodes: 20 | Shards per cycle: 4
2026-02-05 08:32:34 +08:00: 📋 Active sessions: 9
2026-02-05 08:32:34 +08:00: \n🚀 Processing 9 sessions in 1 batches
2026-02-05 08:33:06 +08:00: \n📊 Total sessions in contract: 12
2026-02-05 08:33:06 +08:00: 🦞 Active nodes: 20 | Shards per cycle: 4
2026-02-05 08:33:09 +08:00: 📋 Active sessions: 9
2026-02-05 08:33:09 +08:00: \n🚀 Processing 9 sessions in 1 batches
2026-02-05 08:33:42 +08:00: \n📊 Total sessions in contract: 12
2026-02-05 08:33:42 +08:00: 🦞 Active nodes: 20 | Shards per cycle: 4
2026-02-05 08:33:45 +08:00: 📋 Active sessions: 9
2026-02-05 08:33:45 +08:00: \n🚀 Processing 9 sessions in 1 batches
2026-02-05 08:34:17 +08:00: \n📊 Total sessions in contract: 12
2026-02-05 08:34:18 +08:00: 🦞 Active nodes: 20 | Shards per cycle: 4
2026-02-05 08:34:20 +08:00: 📋 Active sessions: 9
2026-02-05 08:34:20 +08:00: \n🚀 Processing 9 sessions in 1 batches
2026-02-05 08:34:53 +08:00: \n📊 Total sessions in contract: 12
2026-02-05 08:34:53 +08:00: 🦞 Active nodes: 20 | Shards per cycle: 4
2026-02-05 08:34:56 +08:00: 📋 Active sessions: 9
2026-02-05 08:34:56 +08:00: \n🚀 Processing 9 sessions in 1 batches
2026-02-05 08:35:28 +08:00: \n📊 Total sessions in contract: 12
2026-02-05 08:35:29 +08:00: 🦞 Active nodes: 20 | Shards per cycle: 4
2026-02-05 08:35:32 +08:00: 📋 Active sessions: 9
2026-02-05 08:35:32 +08:00: \n🚀 Processing 9 sessions in 1 batches
2026-02-05 08:36:04 +08:00: \n📊 Total sessions in contract: 12
2026-02-05 08:36:04 +08:00: 🦞 Active nodes: 20 | Shards per cycle: 4
2026-02-05 08:36:07 +08:00: 📋 Active sessions: 9
2026-02-05 08:36:07 +08:00: \n🚀 Processing 9 sessions in 1 batches
2026-02-05 08:36:39 +08:00: \n📊 Total sessions in contract: 12
2026-02-05 08:36:40 +08:00: 🦞 Active nodes: 20 | Shards per cycle: 4
2026-02-05 08:36:42 +08:00: 📋 Active sessions: 9
2026-02-05 08:36:42 +08:00: \n🚀 Processing 9 sessions in 1 batches
2026-02-05 08:37:15 +08:00: \n📊 Total sessions in contract: 12
2026-02-05 08:37:15 +08:00: 🦞 Active nodes: 20 | Shards per cycle: 4
2026-02-05 08:37:18 +08:00: 📋 Active sessions: 9
2026-02-05 08:37:18 +08:00: \n🚀 Processing 9 sessions in 1 batches
2026-02-05 08:37:51 +08:00: \n📊 Total sessions in contract: 12
2026-02-05 08:37:51 +08:00: 🦞 Active nodes: 20 | Shards per cycle: 4
2026-02-05 08:37:54 +08:00: 📋 Active sessions: 9
2026-02-05 08:37:54 +08:00: \n🚀 Processing 9 sessions in 1 batches
2026-02-05 08:38:26 +08:00: \n📊 Total sessions in contract: 12
2026-02-05 08:38:27 +08:00: 🦞 Active nodes: 20 | Shards per cycle: 4
2026-02-05 08:38:30 +08:00: 📋 Active sessions: 9
2026-02-05 08:38:30 +08:00: \n🚀 Processing 9 sessions in 1 batches
2026-02-05 08:39:02 +08:00: \n📊 Total sessions in contract: 12
2026-02-05 08:39:02 +08:00: 🦞 Active nodes: 20 | Shards per cycle: 4
2026-02-05 08:39:05 +08:00: 📋 Active sessions: 9
2026-02-05 08:39:05 +08:00: \n🚀 Processing 9 sessions in 1 batches
2026-02-05 08:39:38 +08:00: \n📊 Total sessions in contract: 12
2026-02-05 08:39:38 +08:00: 🦞 Active nodes: 20 | Shards per cycle: 4
2026-02-05 08:39:41 +08:00: 📋 Active sessions: 9
2026-02-05 08:39:41 +08:00: \n🚀 Processing 9 sessions in 1 batches
2026-02-05 08:40:13 +08:00: \n📊 Total sessions in contract: 12
2026-02-05 08:40:14 +08:00: 🦞 Active nodes: 20 | Shards per cycle: 4
2026-02-05 08:40:16 +08:00: 📋 Active sessions: 9
2026-02-05 08:40:16 +08:00: \n🚀 Processing 9 sessions in 1 batches
2026-02-05 08:40:49 +08:00: \n📊 Total sessions in contract: 12
2026-02-05 08:40:49 +08:00: 🦞 Active nodes: 20 | Shards per cycle: 4
2026-02-05 08:40:52 +08:00: 📋 Active sessions: 9
2026-02-05 08:40:52 +08:00: \n🚀 Processing 9 sessions in 1 batches
2026-02-05 08:41:24 +08:00: \n📊 Total sessions in contract: 12
2026-02-05 08:41:25 +08:00: 🦞 Active nodes: 20 | Shards per cycle: 4
2026-02-05 08:41:27 +08:00: 📋 Active sessions: 9
2026-02-05 08:41:27 +08:00: \n🚀 Processing 9 sessions in 1 batches
2026-02-05 08:42:00 +08:00: \n📊 Total sessions in contract: 12
2026-02-05 08:42:00 +08:00: 🦞 Active nodes: 20 | Shards per cycle: 4
2026-02-05 08:42:03 +08:00: 📋 Active sessions: 9
2026-02-05 08:42:03 +08:00: \n🚀 Processing 9 sessions in 1 batches
2026-02-05 08:42:35 +08:00: \n📊 Total sessions in contract: 12
2026-02-05 08:42:36 +08:00: 🦞 Active nodes: 20 | Shards per cycle: 4
2026-02-05 08:42:38 +08:00: 📋 Active sessions: 9
2026-02-05 08:42:38 +08:00: \n🚀 Processing 9 sessions in 1 batches
2026-02-05 08:43:11 +08:00: \n📊 Total sessions in contract: 12
2026-02-05 08:43:11 +08:00: 🦞 Active nodes: 20 | Shards per cycle: 4
2026-02-05 08:43:14 +08:00: 📋 Active sessions: 9
2026-02-05 08:43:14 +08:00: \n🚀 Processing 9 sessions in 1 batches
2026-02-05 08:43:46 +08:00: \n📊 Total sessions in contract: 12
2026-02-05 08:43:47 +08:00: 🦞 Active nodes: 20 | Shards per cycle: 4
2026-02-05 08:43:50 +08:00: 📋 Active sessions: 9
2026-02-05 08:43:50 +08:00: \n🚀 Processing 9 sessions in 1 batches
2026-02-05 08:44:22 +08:00: \n📊 Total sessions in contract: 12
2026-02-05 08:44:22 +08:00: 🦞 Active nodes: 20 | Shards per cycle: 4
2026-02-05 08:44:25 +08:00: 📋 Active sessions: 9
2026-02-05 08:44:25 +08:00: \n🚀 Processing 9 sessions in 1 batches
2026-02-05 08:44:57 +08:00: \n📊 Total sessions in contract: 12
2026-02-05 08:44:58 +08:00: 🦞 Active nodes: 20 | Shards per cycle: 4
2026-02-05 08:45:00 +08:00: 📋 Active sessions: 9
2026-02-05 08:45:00 +08:00: \n🚀 Processing 9 sessions in 1 batches
2026-02-05 08:45:33 +08:00: \n📊 Total sessions in contract: 12
2026-02-05 08:45:34 +08:00: 🦞 Active nodes: 20 | Shards per cycle: 4
2026-02-05 08:45:36 +08:00: 📋 Active sessions: 9
2026-02-05 08:45:36 +08:00: \n🚀 Processing 9 sessions in 1 batches
2026-02-05 08:46:09 +08:00: \n📊 Total sessions in contract: 12
2026-02-05 08:46:09 +08:00: 🦞 Active nodes: 20 | Shards per cycle: 4
2026-02-05 08:46:12 +08:00: 📋 Active sessions: 9
2026-02-05 08:46:12 +08:00: \n🚀 Processing 9 sessions in 1 batches
2026-02-05 08:46:44 +08:00: \n📊 Total sessions in contract: 12
2026-02-05 08:46:45 +08:00: 🦞 Active nodes: 20 | Shards per cycle: 4
2026-02-05 08:46:47 +08:00: 📋 Active sessions: 9
2026-02-05 08:46:47 +08:00: \n🚀 Processing 9 sessions in 1 batches
2026-02-05 08:47:20 +08:00: \n📊 Total sessions in contract: 12
2026-02-05 08:47:20 +08:00: 🦞 Active nodes: 20 | Shards per cycle: 4
2026-02-05 08:47:23 +08:00: 📋 Active sessions: 9
2026-02-05 08:47:23 +08:00: \n🚀 Processing 9 sessions in 1 batches
2026-02-05 08:47:55 +08:00: \n📊 Total sessions in contract: 12
2026-02-05 08:47:56 +08:00: 🦞 Active nodes: 20 | Shards per cycle: 4
2026-02-05 08:47:58 +08:00: 📋 Active sessions: 9
2026-02-05 08:47:58 +08:00: \n🚀 Processing 9 sessions in 1 batches
2026-02-05 08:48:31 +08:00: \n📊 Total sessions in contract: 12
2026-02-05 08:48:31 +08:00: 🦞 Active nodes: 20 | Shards per cycle: 4
2026-02-05 08:48:34 +08:00: 📋 Active sessions: 9
2026-02-05 08:48:34 +08:00: \n🚀 Processing 9 sessions in 1 batches
2026-02-05 08:49:06 +08:00: \n📊 Total sessions in contract: 12
2026-02-05 08:49:07 +08:00: 🦞 Active nodes: 20 | Shards per cycle: 4
2026-02-05 08:49:09 +08:00: 📋 Active sessions: 9
2026-02-05 08:49:09 +08:00: \n🚀 Processing 9 sessions in 1 batches
2026-02-05 08:49:42 +08:00: \n📊 Total sessions in contract: 12
2026-02-05 08:49:42 +08:00: 🦞 Active nodes: 20 | Shards per cycle: 4
2026-02-05 08:49:45 +08:00: 📋 Active sessions: 9
2026-02-05 08:49:45 +08:00: \n🚀 Processing 9 sessions in 1 batches
2026-02-05 08:50:17 +08:00: \n📊 Total sessions in contract: 12
2026-02-05 08:50:18 +08:00: 🦞 Active nodes: 20 | Shards per cycle: 4
2026-02-05 08:50:21 +08:00: 📋 Active sessions: 9
2026-02-05 08:50:21 +08:00: \n🚀 Processing 9 sessions in 1 batches
2026-02-05 08:50:53 +08:00: \n📊 Total sessions in contract: 12
2026-02-05 08:50:53 +08:00: 🦞 Active nodes: 20 | Shards per cycle: 4
2026-02-05 08:50:56 +08:00: 📋 Active sessions: 9
2026-02-05 08:50:56 +08:00: \n🚀 Processing 9 sessions in 1 batches
2026-02-05 08:51:28 +08:00: \n📊 Total sessions in contract: 12
2026-02-05 08:51:29 +08:00: 🦞 Active nodes: 20 | Shards per cycle: 4
2026-02-05 08:51:32 +08:00: 📋 Active sessions: 9
2026-02-05 08:51:32 +08:00: \n🚀 Processing 9 sessions in 1 batches
2026-02-05 08:52:04 +08:00: \n📊 Total sessions in contract: 12
2026-02-05 08:52:04 +08:00: 🦞 Active nodes: 20 | Shards per cycle: 4
2026-02-05 08:52:07 +08:00: 📋 Active sessions: 9
2026-02-05 08:52:07 +08:00: \n🚀 Processing 9 sessions in 1 batches
2026-02-05 08:52:40 +08:00: \n📊 Total sessions in contract: 12
2026-02-05 08:52:40 +08:00: 🦞 Active nodes: 20 | Shards per cycle: 4
2026-02-05 08:52:43 +08:00: 📋 Active sessions: 9
2026-02-05 08:52:43 +08:00: \n🚀 Processing 9 sessions in 1 batches
2026-02-05 08:53:15 +08:00: \n📊 Total sessions in contract: 12
2026-02-05 08:53:16 +08:00: 🦞 Active nodes: 20 | Shards per cycle: 4
2026-02-05 08:53:18 +08:00: 📋 Active sessions: 9
2026-02-05 08:53:18 +08:00: \n🚀 Processing 9 sessions in 1 batches
2026-02-05 08:53:51 +08:00: \n📊 Total sessions in contract: 12
2026-02-05 08:53:51 +08:00: 🦞 Active nodes: 20 | Shards per cycle: 4
2026-02-05 08:53:54 +08:00: 📋 Active sessions: 9
2026-02-05 08:53:54 +08:00: \n🚀 Processing 9 sessions in 1 batches
2026-02-05 08:54:26 +08:00: \n📊 Total sessions in contract: 12
2026-02-05 08:54:27 +08:00: 🦞 Active nodes: 20 | Shards per cycle: 4
2026-02-05 08:54:29 +08:00: 📋 Active sessions: 9
2026-02-05 08:54:29 +08:00: \n🚀 Processing 9 sessions in 1 batches
2026-02-05 08:55:02 +08:00: \n📊 Total sessions in contract: 12
2026-02-05 08:55:02 +08:00: 🦞 Active nodes: 20 | Shards per cycle: 4
2026-02-05 08:55:05 +08:00: 📋 Active sessions: 9
2026-02-05 08:55:05 +08:00: \n🚀 Processing 9 sessions in 1 batches
2026-02-05 08:55:37 +08:00: \n📊 Total sessions in contract: 12
2026-02-05 08:55:38 +08:00: 🦞 Active nodes: 20 | Shards per cycle: 4
2026-02-05 08:55:40 +08:00: 📋 Active sessions: 9
2026-02-05 08:55:40 +08:00: \n🚀 Processing 9 sessions in 1 batches
2026-02-05 08:56:13 +08:00: \n📊 Total sessions in contract: 12
2026-02-05 08:56:13 +08:00: 🦞 Active nodes: 20 | Shards per cycle: 4
2026-02-05 08:56:16 +08:00: 📋 Active sessions: 9
2026-02-05 08:56:16 +08:00: \n🚀 Processing 9 sessions in 1 batches
2026-02-05 08:56:48 +08:00: \n📊 Total sessions in contract: 12
2026-02-05 08:56:49 +08:00: 🦞 Active nodes: 20 | Shards per cycle: 4
2026-02-05 08:56:52 +08:00: 📋 Active sessions: 9
2026-02-05 08:56:52 +08:00: \n🚀 Processing 9 sessions in 1 batches
2026-02-05 08:57:24 +08:00: \n📊 Total sessions in contract: 12
2026-02-05 08:57:25 +08:00: 🦞 Active nodes: 20 | Shards per cycle: 4
2026-02-05 08:57:28 +08:00: 📋 Active sessions: 9
2026-02-05 08:57:28 +08:00: \n🚀 Processing 9 sessions in 1 batches
2026-02-05 08:58:00 +08:00: \n📊 Total sessions in contract: 12
2026-02-05 08:58:01 +08:00: 🦞 Active nodes: 20 | Shards per cycle: 4
2026-02-05 08:58:03 +08:00: 📋 Active sessions: 9
2026-02-05 08:58:03 +08:00: \n🚀 Processing 9 sessions in 1 batches
2026-02-05 08:58:36 +08:00: \n📊 Total sessions in contract: 12
2026-02-05 08:58:36 +08:00: 🦞 Active nodes: 20 | Shards per cycle: 4
2026-02-05 08:58:39 +08:00: 📋 Active sessions: 9
2026-02-05 08:58:39 +08:00: \n🚀 Processing 9 sessions in 1 batches
2026-02-05 08:59:11 +08:00: \n📊 Total sessions in contract: 12
2026-02-05 08:59:12 +08:00: 🦞 Active nodes: 20 | Shards per cycle: 4
2026-02-05 08:59:14 +08:00: 📋 Active sessions: 9
2026-02-05 08:59:14 +08:00: \n🚀 Processing 9 sessions in 1 batches
2026-02-05 08:59:47 +08:00: \n📊 Total sessions in contract: 12
2026-02-05 08:59:47 +08:00: 🦞 Active nodes: 20 | Shards per cycle: 4
2026-02-05 08:59:50 +08:00: 📋 Active sessions: 9
2026-02-05 08:59:50 +08:00: \n🚀 Processing 9 sessions in 1 batches
2026-02-05 09:15:24 +08:00: \n📊 Total sessions in contract: 12
2026-02-05 09:15:24 +08:00: 🦞 Active nodes: 20 | Shards per cycle: 4
2026-02-05 09:15:27 +08:00: 📋 Active sessions: 9
2026-02-05 09:15:27 +08:00: \n🚀 Processing 9 sessions in 1 batches
2026-02-05 09:16:00 +08:00: \n📊 Total sessions in contract: 12
2026-02-05 09:16:00 +08:00: 🦞 Active nodes: 20 | Shards per cycle: 4
2026-02-05 09:16:03 +08:00: 📋 Active sessions: 9
2026-02-05 09:16:03 +08:00: \n🚀 Processing 9 sessions in 1 batches
2026-02-05 09:31:42 +08:00: \n📊 Total sessions in contract: 12
2026-02-05 09:31:43 +08:00: 🦞 Active nodes: 20 | Shards per cycle: 4
2026-02-05 09:31:46 +08:00: 📋 Active sessions: 9
2026-02-05 09:31:46 +08:00: \n🚀 Processing 9 sessions in 1 batches
2026-02-05 09:32:18 +08:00: \n📊 Total sessions in contract: 12
2026-02-05 09:32:18 +08:00: 🦞 Active nodes: 20 | Shards per cycle: 4
2026-02-05 09:32:21 +08:00: 📋 Active sessions: 9
2026-02-05 09:32:21 +08:00: \n🚀 Processing 9 sessions in 1 batches
2026-02-05 09:47:51 +08:00: \n📊 Total sessions in contract: 12
2026-02-05 09:47:51 +08:00: 🦞 Active nodes: 20 | Shards per cycle: 4
2026-02-05 09:47:54 +08:00: 📋 Active sessions: 9
2026-02-05 09:47:54 +08:00: \n🚀 Processing 9 sessions in 1 batches
2026-02-05 09:48:26 +08:00: \n📊 Total sessions in contract: 12
2026-02-05 09:48:27 +08:00: 🦞 Active nodes: 20 | Shards per cycle: 4
2026-02-05 09:48:30 +08:00: 📋 Active sessions: 9
2026-02-05 09:48:30 +08:00: \n🚀 Processing 9 sessions in 1 batches
2026-02-05 10:04:06 +08:00: \n📊 Total sessions in contract: 12
2026-02-05 10:04:06 +08:00: 🦞 Active nodes: 20 | Shards per cycle: 4
2026-02-05 10:04:09 +08:00: 📋 Active sessions: 9
2026-02-05 10:04:09 +08:00: \n🚀 Processing 9 sessions in 1 batches
2026-02-05 10:04:42 +08:00: \n📊 Total sessions in contract: 12
2026-02-05 10:04:42 +08:00: 🦞 Active nodes: 20 | Shards per cycle: 4
2026-02-05 10:04:45 +08:00: 📋 Active sessions: 9
2026-02-05 10:04:45 +08:00: \n🚀 Processing 9 sessions in 1 batches
2026-02-05 10:07:16 +08:00: \n📊 Total sessions in contract: 12
2026-02-05 10:07:17 +08:00: 🦞 Active nodes: 20 | Shards per cycle: 4
2026-02-05 10:07:20 +08:00: 📋 Active sessions: 9
2026-02-05 10:07:20 +08:00: \n🚀 Processing 9 sessions in 1 batches
2026-02-05 10:07:52 +08:00: \n📊 Total sessions in contract: 12
2026-02-05 10:07:53 +08:00: 🦞 Active nodes: 20 | Shards per cycle: 4
2026-02-05 10:07:55 +08:00: 📋 Active sessions: 9
2026-02-05 10:07:55 +08:00: \n🚀 Processing 9 sessions in 1 batches
2026-02-05 10:08:28 +08:00: \n📊 Total sessions in contract: 12
2026-02-05 10:08:28 +08:00: 🦞 Active nodes: 20 | Shards per cycle: 4
2026-02-05 10:08:31 +08:00: 📋 Active sessions: 9
2026-02-05 10:08:31 +08:00: \n🚀 Processing 9 sessions in 1 batches
2026-02-05 10:09:03 +08:00: \n📊 Total sessions in contract: 12
2026-02-05 10:09:04 +08:00: 🦞 Active nodes: 20 | Shards per cycle: 4
2026-02-05 10:09:07 +08:00: 📋 Active sessions: 9
2026-02-05 10:09:07 +08:00: \n🚀 Processing 9 sessions in 1 batches
2026-02-05 10:09:39 +08:00: \n📊 Total sessions in contract: 12
2026-02-05 10:09:39 +08:00: 🦞 Active nodes: 20 | Shards per cycle: 4
2026-02-05 10:09:42 +08:00: 📋 Active sessions: 9
2026-02-05 10:09:42 +08:00: \n🚀 Processing 9 sessions in 1 batches
2026-02-05 10:10:15 +08:00: \n📊 Total sessions in contract: 12
2026-02-05 10:10:15 +08:00: 🦞 Active nodes: 20 | Shards per cycle: 4
2026-02-05 10:10:18 +08:00: 📋 Active sessions: 9
2026-02-05 10:10:18 +08:00: \n🚀 Processing 9 sessions in 1 batches
2026-02-05 10:10:50 +08:00: \n📊 Total sessions in contract: 12
2026-02-05 10:10:51 +08:00: 🦞 Active nodes: 20 | Shards per cycle: 4
2026-02-05 10:10:53 +08:00: 📋 Active sessions: 9
2026-02-05 10:10:53 +08:00: \n🚀 Processing 9 sessions in 1 batches
2026-02-05 10:11:26 +08:00: \n📊 Total sessions in contract: 12
2026-02-05 10:11:26 +08:00: 🦞 Active nodes: 20 | Shards per cycle: 4
2026-02-05 10:11:29 +08:00: 📋 Active sessions: 9
2026-02-05 10:11:29 +08:00: \n🚀 Processing 9 sessions in 1 batches
2026-02-05 10:12:01 +08:00: \n📊 Total sessions in contract: 12
2026-02-05 10:12:02 +08:00: 🦞 Active nodes: 20 | Shards per cycle: 4
2026-02-05 10:12:04 +08:00: 📋 Active sessions: 9
2026-02-05 10:12:04 +08:00: \n🚀 Processing 9 sessions in 1 batches
2026-02-05 10:12:37 +08:00: \n📊 Total sessions in contract: 12
2026-02-05 10:12:37 +08:00: 🦞 Active nodes: 20 | Shards per cycle: 4
2026-02-05 10:12:40 +08:00: 📋 Active sessions: 9
2026-02-05 10:12:40 +08:00: \n🚀 Processing 9 sessions in 1 batches
2026-02-05 10:13:12 +08:00: \n📊 Total sessions in contract: 12
2026-02-05 10:13:13 +08:00: 🦞 Active nodes: 20 | Shards per cycle: 4
2026-02-05 10:13:15 +08:00: 📋 Active sessions: 9
2026-02-05 10:13:15 +08:00: \n🚀 Processing 9 sessions in 1 batches
2026-02-05 10:13:48 +08:00: \n📊 Total sessions in contract: 12
2026-02-05 10:13:48 +08:00: 🦞 Active nodes: 20 | Shards per cycle: 4
2026-02-05 10:13:51 +08:00: 📋 Active sessions: 9
2026-02-05 10:13:51 +08:00: \n🚀 Processing 9 sessions in 1 batches
2026-02-05 10:14:23 +08:00: \n📊 Total sessions in contract: 12
2026-02-05 10:14:24 +08:00: 🦞 Active nodes: 20 | Shards per cycle: 4
2026-02-05 10:14:27 +08:00: 📋 Active sessions: 9
2026-02-05 10:14:27 +08:00: \n🚀 Processing 9 sessions in 1 batches
2026-02-05 10:14:59 +08:00: \n📊 Total sessions in contract: 12
2026-02-05 10:14:59 +08:00: 🦞 Active nodes: 20 | Shards per cycle: 4
2026-02-05 10:15:02 +08:00: 📋 Active sessions: 9
2026-02-05 10:15:02 +08:00: \n🚀 Processing 9 sessions in 1 batches
2026-02-05 10:15:34 +08:00: \n📊 Total sessions in contract: 12
2026-02-05 10:15:35 +08:00: 🦞 Active nodes: 20 | Shards per cycle: 4
2026-02-05 10:15:38 +08:00: 📋 Active sessions: 9
2026-02-05 10:15:38 +08:00: \n🚀 Processing 9 sessions in 1 batches
2026-02-05 10:16:10 +08:00: \n📊 Total sessions in contract: 12
2026-02-05 10:16:11 +08:00: 🦞 Active nodes: 20 | Shards per cycle: 4
2026-02-05 10:16:13 +08:00: 📋 Active sessions: 9
2026-02-05 10:16:13 +08:00: \n🚀 Processing 9 sessions in 1 batches
2026-02-05 10:16:46 +08:00: \n📊 Total sessions in contract: 12
2026-02-05 10:16:46 +08:00: 🦞 Active nodes: 20 | Shards per cycle: 4
2026-02-05 10:16:49 +08:00: 📋 Active sessions: 9
2026-02-05 10:16:49 +08:00: \n🚀 Processing 9 sessions in 1 batches
2026-02-05 10:17:21 +08:00: \n📊 Total sessions in contract: 12
2026-02-05 10:17:22 +08:00: 🦞 Active nodes: 20 | Shards per cycle: 4
2026-02-05 10:17:25 +08:00: 📋 Active sessions: 9
2026-02-05 10:17:25 +08:00: \n🚀 Processing 9 sessions in 1 batches
2026-02-05 10:17:57 +08:00: \n📊 Total sessions in contract: 12
2026-02-05 10:17:57 +08:00: 🦞 Active nodes: 20 | Shards per cycle: 4
2026-02-05 10:18:00 +08:00: 📋 Active sessions: 9
2026-02-05 10:18:00 +08:00: \n🚀 Processing 9 sessions in 1 batches
2026-02-05 10:18:33 +08:00: \n📊 Total sessions in contract: 12
2026-02-05 10:18:33 +08:00: 🦞 Active nodes: 20 | Shards per cycle: 4
2026-02-05 10:18:36 +08:00: 📋 Active sessions: 9
2026-02-05 10:18:36 +08:00: \n🚀 Processing 9 sessions in 1 batches
2026-02-05 10:19:08 +08:00: \n📊 Total sessions in contract: 12
2026-02-05 10:19:09 +08:00: 🦞 Active nodes: 20 | Shards per cycle: 4
2026-02-05 10:19:11 +08:00: 📋 Active sessions: 9
2026-02-05 10:19:11 +08:00: \n🚀 Processing 9 sessions in 1 batches
2026-02-05 10:19:44 +08:00: \n📊 Total sessions in contract: 12
2026-02-05 10:19:44 +08:00: 🦞 Active nodes: 20 | Shards per cycle: 4
2026-02-05 10:19:47 +08:00: 📋 Active sessions: 9
2026-02-05 10:19:47 +08:00: \n🚀 Processing 9 sessions in 1 batches
2026-02-05 10:20:19 +08:00: \n📊 Total sessions in contract: 12
2026-02-05 10:20:20 +08:00: 🦞 Active nodes: 20 | Shards per cycle: 4
2026-02-05 10:20:22 +08:00: 📋 Active sessions: 9
2026-02-05 10:20:22 +08:00: \n🚀 Processing 9 sessions in 1 batches
2026-02-05 10:20:55 +08:00: \n📊 Total sessions in contract: 12
2026-02-05 10:20:55 +08:00: 🦞 Active nodes: 20 | Shards per cycle: 4
2026-02-05 10:20:58 +08:00: 📋 Active sessions: 9
2026-02-05 10:20:58 +08:00: \n🚀 Processing 9 sessions in 1 batches
2026-02-05 10:21:30 +08:00: \n📊 Total sessions in contract: 12
2026-02-05 10:21:31 +08:00: 🦞 Active nodes: 20 | Shards per cycle: 4
2026-02-05 10:21:33 +08:00: 📋 Active sessions: 9
2026-02-05 10:21:33 +08:00: \n🚀 Processing 9 sessions in 1 batches
2026-02-05 10:22:06 +08:00: \n📊 Total sessions in contract: 12
2026-02-05 10:22:06 +08:00: 🦞 Active nodes: 20 | Shards per cycle: 4
2026-02-05 10:22:09 +08:00: 📋 Active sessions: 9
2026-02-05 10:22:09 +08:00: \n🚀 Processing 9 sessions in 1 batches
2026-02-05 10:22:41 +08:00: \n📊 Total sessions in contract: 12
2026-02-05 10:22:42 +08:00: 🦞 Active nodes: 20 | Shards per cycle: 4
2026-02-05 10:22:45 +08:00: 📋 Active sessions: 9
2026-02-05 10:22:45 +08:00: \n🚀 Processing 9 sessions in 1 batches
2026-02-05 10:23:17 +08:00: \n📊 Total sessions in contract: 12
2026-02-05 10:23:17 +08:00: 🦞 Active nodes: 20 | Shards per cycle: 4
2026-02-05 10:23:20 +08:00: 📋 Active sessions: 9
2026-02-05 10:23:20 +08:00: \n🚀 Processing 9 sessions in 1 batches
2026-02-05 10:23:52 +08:00: \n📊 Total sessions in contract: 12
2026-02-05 10:23:53 +08:00: 🦞 Active nodes: 20 | Shards per cycle: 4
2026-02-05 10:23:56 +08:00: 📋 Active sessions: 9
2026-02-05 10:23:56 +08:00: \n🚀 Processing 9 sessions in 1 batches
2026-02-05 10:24:28 +08:00: \n📊 Total sessions in contract: 12
2026-02-05 10:24:28 +08:00: 🦞 Active nodes: 20 | Shards per cycle: 4
2026-02-05 10:24:31 +08:00: 📋 Active sessions: 9
2026-02-05 10:24:31 +08:00: \n🚀 Processing 9 sessions in 1 batches
2026-02-05 10:25:04 +08:00: \n📊 Total sessions in contract: 12
2026-02-05 10:25:04 +08:00: 🦞 Active nodes: 20 | Shards per cycle: 4
2026-02-05 10:25:07 +08:00: 📋 Active sessions: 9
2026-02-05 10:25:07 +08:00: \n🚀 Processing 9 sessions in 1 batches
2026-02-05 10:25:40 +08:00: \n📊 Total sessions in contract: 12
2026-02-05 10:25:40 +08:00: 🦞 Active nodes: 20 | Shards per cycle: 4
2026-02-05 10:25:43 +08:00: 📋 Active sessions: 9
2026-02-05 10:25:43 +08:00: \n🚀 Processing 9 sessions in 1 batches
2026-02-05 10:26:15 +08:00: \n📊 Total sessions in contract: 12
2026-02-05 10:26:16 +08:00: 🦞 Active nodes: 20 | Shards per cycle: 4
2026-02-05 10:26:19 +08:00: 📋 Active sessions: 9
2026-02-05 10:26:19 +08:00: \n🚀 Processing 9 sessions in 1 batches
2026-02-05 10:26:51 +08:00: \n📊 Total sessions in contract: 12
2026-02-05 10:26:52 +08:00: 🦞 Active nodes: 20 | Shards per cycle: 4
2026-02-05 10:26:54 +08:00: 📋 Active sessions: 9
2026-02-05 10:26:54 +08:00: \n🚀 Processing 9 sessions in 1 batches
2026-02-05 10:27:27 +08:00: \n📊 Total sessions in contract: 12
2026-02-05 10:27:27 +08:00: 🦞 Active nodes: 20 | Shards per cycle: 4
2026-02-05 10:27:30 +08:00: 📋 Active sessions: 9
2026-02-05 10:27:30 +08:00: \n🚀 Processing 9 sessions in 1 batches
2026-02-05 10:28:02 +08:00: \n📊 Total sessions in contract: 12
2026-02-05 10:28:03 +08:00: 🦞 Active nodes: 20 | Shards per cycle: 4
2026-02-05 10:28:05 +08:00: 📋 Active sessions: 9
2026-02-05 10:28:05 +08:00: \n🚀 Processing 9 sessions in 1 batches
2026-02-05 10:28:38 +08:00: \n📊 Total sessions in contract: 12
2026-02-05 10:28:38 +08:00: 🦞 Active nodes: 20 | Shards per cycle: 4
2026-02-05 10:28:41 +08:00: 📋 Active sessions: 9
2026-02-05 10:28:41 +08:00: \n🚀 Processing 9 sessions in 1 batches
2026-02-05 10:29:13 +08:00: \n📊 Total sessions in contract: 12
2026-02-05 10:29:14 +08:00: 🦞 Active nodes: 20 | Shards per cycle: 4
2026-02-05 10:29:16 +08:00: 📋 Active sessions: 9
2026-02-05 10:29:16 +08:00: \n🚀 Processing 9 sessions in 1 batches
2026-02-05 10:29:49 +08:00: \n📊 Total sessions in contract: 12
2026-02-05 10:29:49 +08:00: 🦞 Active nodes: 20 | Shards per cycle: 4
2026-02-05 10:29:52 +08:00: 📋 Active sessions: 9
2026-02-05 10:29:52 +08:00: \n🚀 Processing 9 sessions in 1 batches
2026-02-05 10:30:24 +08:00: \n📊 Total sessions in contract: 12
2026-02-05 10:30:25 +08:00: 🦞 Active nodes: 20 | Shards per cycle: 4
2026-02-05 10:30:27 +08:00: 📋 Active sessions: 9
2026-02-05 10:30:27 +08:00: \n🚀 Processing 9 sessions in 1 batches
2026-02-05 10:31:00 +08:00: \n📊 Total sessions in contract: 12
2026-02-05 10:31:00 +08:00: 🦞 Active nodes: 20 | Shards per cycle: 4
2026-02-05 10:31:03 +08:00: 📋 Active sessions: 9
2026-02-05 10:31:03 +08:00: \n🚀 Processing 9 sessions in 1 batches
2026-02-05 10:31:35 +08:00: \n📊 Total sessions in contract: 12
2026-02-05 10:31:36 +08:00: 🦞 Active nodes: 20 | Shards per cycle: 4
2026-02-05 10:31:38 +08:00: 📋 Active sessions: 9
2026-02-05 10:31:38 +08:00: \n🚀 Processing 9 sessions in 1 batches
2026-02-05 10:32:12 +08:00: \n📊 Total sessions in contract: 12
2026-02-05 10:32:12 +08:00: 🦞 Active nodes: 20 | Shards per cycle: 4
2026-02-05 10:32:23 +08:00: 📋 Active sessions: 9
2026-02-05 10:32:23 +08:00: \n🚀 Processing 9 sessions in 1 batches
2026-02-05 10:32:55 +08:00: \n📊 Total sessions in contract: 12
2026-02-05 10:32:56 +08:00: 🦞 Active nodes: 20 | Shards per cycle: 4
2026-02-05 10:32:58 +08:00: 📋 Active sessions: 9
2026-02-05 10:32:58 +08:00: \n🚀 Processing 9 sessions in 1 batches
2026-02-05 10:33:31 +08:00: \n📊 Total sessions in contract: 12
2026-02-05 10:33:31 +08:00: 🦞 Active nodes: 20 | Shards per cycle: 4
2026-02-05 10:33:34 +08:00: 📋 Active sessions: 9
2026-02-05 10:33:34 +08:00: \n🚀 Processing 9 sessions in 1 batches
2026-02-05 10:34:06 +08:00: \n📊 Total sessions in contract: 12
2026-02-05 10:34:07 +08:00: 🦞 Active nodes: 20 | Shards per cycle: 4
2026-02-05 10:34:09 +08:00: 📋 Active sessions: 9
2026-02-05 10:34:09 +08:00: \n🚀 Processing 9 sessions in 1 batches
2026-02-05 10:34:42 +08:00: \n📊 Total sessions in contract: 12
2026-02-05 10:34:42 +08:00: 🦞 Active nodes: 20 | Shards per cycle: 4
2026-02-05 10:34:45 +08:00: 📋 Active sessions: 9
2026-02-05 10:34:45 +08:00: \n🚀 Processing 9 sessions in 1 batches
2026-02-05 10:35:17 +08:00: \n📊 Total sessions in contract: 12
2026-02-05 10:35:18 +08:00: 🦞 Active nodes: 20 | Shards per cycle: 4
2026-02-05 10:35:20 +08:00: 📋 Active sessions: 9
2026-02-05 10:35:20 +08:00: \n🚀 Processing 9 sessions in 1 batches
2026-02-05 10:35:53 +08:00: \n📊 Total sessions in contract: 12
2026-02-05 10:35:53 +08:00: 🦞 Active nodes: 20 | Shards per cycle: 4
2026-02-05 10:35:56 +08:00: 📋 Active sessions: 9
2026-02-05 10:35:56 +08:00: \n🚀 Processing 9 sessions in 1 batches
2026-02-05 10:36:28 +08:00: \n📊 Total sessions in contract: 12
2026-02-05 10:36:29 +08:00: 🦞 Active nodes: 20 | Shards per cycle: 4
2026-02-05 10:36:31 +08:00: 📋 Active sessions: 9
2026-02-05 10:36:31 +08:00: \n🚀 Processing 9 sessions in 1 batches
2026-02-05 10:37:04 +08:00: \n📊 Total sessions in contract: 12
2026-02-05 10:37:04 +08:00: 🦞 Active nodes: 20 | Shards per cycle: 4
2026-02-05 10:37:07 +08:00: 📋 Active sessions: 9
2026-02-05 10:37:07 +08:00: \n🚀 Processing 9 sessions in 1 batches
2026-02-05 10:38:32 +08:00: \n📊 Total sessions in contract: 12
2026-02-05 10:38:32 +08:00: 🦞 Active nodes: 20 | Shards per cycle: 4
2026-02-05 10:38:35 +08:00: 📋 Active sessions: 9
2026-02-05 10:38:35 +08:00: \n🚀 Processing 9 sessions in 1 batches
2026-02-05 10:39:07 +08:00: \n📊 Total sessions in contract: 12
2026-02-05 10:39:07 +08:00: 🦞 Active nodes: 20 | Shards per cycle: 4
2026-02-05 10:39:10 +08:00: 📋 Active sessions: 9
2026-02-05 10:39:10 +08:00: \n🚀 Processing 9 sessions in 1 batches
2026-02-05 10:39:42 +08:00: \n📊 Total sessions in contract: 12
2026-02-05 10:39:43 +08:00: 🦞 Active nodes: 20 | Shards per cycle: 4
2026-02-05 10:39:46 +08:00: 📋 Active sessions: 9
2026-02-05 10:39:46 +08:00: \n🚀 Processing 9 sessions in 1 batches
2026-02-05 10:40:21 +08:00: \n📊 Total sessions in contract: 12
2026-02-05 10:40:22 +08:00: 🦞 Active nodes: 20 | Shards per cycle: 4
2026-02-05 10:40:24 +08:00: 📋 Active sessions: 9
2026-02-05 10:40:24 +08:00: \n🚀 Processing 9 sessions in 1 batches
2026-02-05 10:40:57 +08:00: \n📊 Total sessions in contract: 12
2026-02-05 10:40:57 +08:00: 🦞 Active nodes: 20 | Shards per cycle: 4
2026-02-05 10:41:00 +08:00: 📋 Active sessions: 9
2026-02-05 10:41:00 +08:00: \n🚀 Processing 9 sessions in 1 batches
2026-02-05 10:41:32 +08:00: \n📊 Total sessions in contract: 12
2026-02-05 10:41:32 +08:00: 🦞 Active nodes: 20 | Shards per cycle: 4
2026-02-05 10:41:35 +08:00: 📋 Active sessions: 9
2026-02-05 10:41:35 +08:00: \n🚀 Processing 9 sessions in 1 batches
2026-02-05 10:42:07 +08:00: \n📊 Total sessions in contract: 12
2026-02-05 10:42:08 +08:00: 🦞 Active nodes: 20 | Shards per cycle: 4
2026-02-05 10:42:11 +08:00: 📋 Active sessions: 9
2026-02-05 10:42:11 +08:00: \n🚀 Processing 9 sessions in 1 batches
2026-02-05 10:42:43 +08:00: \n📊 Total sessions in contract: 12
2026-02-05 10:42:43 +08:00: 🦞 Active nodes: 20 | Shards per cycle: 4
2026-02-05 10:42:46 +08:00: 📋 Active sessions: 9
2026-02-05 10:42:46 +08:00: \n🚀 Processing 9 sessions in 1 batches
2026-02-05 10:43:18 +08:00: \n📊 Total sessions in contract: 12
2026-02-05 10:43:19 +08:00: 🦞 Active nodes: 20 | Shards per cycle: 4
2026-02-05 10:43:22 +08:00: 📋 Active sessions: 9
2026-02-05 10:43:22 +08:00: \n🚀 Processing 9 sessions in 1 batches
2026-02-05 10:43:54 +08:00: \n📊 Total sessions in contract: 12
2026-02-05 10:43:54 +08:00: 🦞 Active nodes: 20 | Shards per cycle: 4
2026-02-05 10:43:57 +08:00: 📋 Active sessions: 9
2026-02-05 10:43:57 +08:00: \n🚀 Processing 9 sessions in 1 batches
2026-02-05 10:44:29 +08:00: \n📊 Total sessions in contract: 12
2026-02-05 10:44:30 +08:00: 🦞 Active nodes: 20 | Shards per cycle: 4
2026-02-05 10:44:33 +08:00: 📋 Active sessions: 9
2026-02-05 10:44:33 +08:00: \n🚀 Processing 9 sessions in 1 batches
2026-02-05 10:45:05 +08:00: \n📊 Total sessions in contract: 12
2026-02-05 10:45:05 +08:00: 🦞 Active nodes: 20 | Shards per cycle: 4
2026-02-05 10:45:08 +08:00: 📋 Active sessions: 9
2026-02-05 10:45:08 +08:00: \n🚀 Processing 9 sessions in 1 batches
2026-02-05 10:45:40 +08:00: \n📊 Total sessions in contract: 12
2026-02-05 10:45:41 +08:00: 🦞 Active nodes: 20 | Shards per cycle: 4
2026-02-05 10:45:43 +08:00: 📋 Active sessions: 9
2026-02-05 10:45:43 +08:00: \n🚀 Processing 9 sessions in 1 batches
2026-02-05 10:46:16 +08:00: \n📊 Total sessions in contract: 12
2026-02-05 10:46:17 +08:00: 🦞 Active nodes: 20 | Shards per cycle: 4
2026-02-05 10:46:19 +08:00: 📋 Active sessions: 9
2026-02-05 10:46:19 +08:00: \n🚀 Processing 9 sessions in 1 batches
2026-02-05 10:46:52 +08:00: \n📊 Total sessions in contract: 12
2026-02-05 10:46:52 +08:00: 🦞 Active nodes: 20 | Shards per cycle: 4
2026-02-05 10:46:55 +08:00: 📋 Active sessions: 9
2026-02-05 10:46:55 +08:00: \n🚀 Processing 9 sessions in 1 batches
2026-02-05 10:47:27 +08:00: \n📊 Total sessions in contract: 12
2026-02-05 10:47:28 +08:00: 🦞 Active nodes: 20 | Shards per cycle: 4
2026-02-05 10:47:30 +08:00: 📋 Active sessions: 9
2026-02-05 10:47:30 +08:00: \n🚀 Processing 9 sessions in 1 batches
2026-02-05 10:48:03 +08:00: \n📊 Total sessions in contract: 12
2026-02-05 10:48:03 +08:00: 🦞 Active nodes: 20 | Shards per cycle: 4
2026-02-05 10:48:06 +08:00: 📋 Active sessions: 9
2026-02-05 10:48:06 +08:00: \n🚀 Processing 9 sessions in 1 batches
2026-02-05 10:48:38 +08:00: \n📊 Total sessions in contract: 12
2026-02-05 10:48:39 +08:00: 🦞 Active nodes: 20 | Shards per cycle: 4
2026-02-05 10:48:41 +08:00: 📋 Active sessions: 9
2026-02-05 10:48:41 +08:00: \n🚀 Processing 9 sessions in 1 batches
2026-02-05 10:49:16 +08:00: \n📊 Total sessions in contract: 12
2026-02-05 10:49:17 +08:00: 🦞 Active nodes: 20 | Shards per cycle: 4
2026-02-05 10:49:20 +08:00: 📋 Active sessions: 9
2026-02-05 10:49:20 +08:00: \n🚀 Processing 9 sessions in 1 batches
2026-02-05 10:49:52 +08:00: \n📊 Total sessions in contract: 12
2026-02-05 10:49:52 +08:00: 🦞 Active nodes: 20 | Shards per cycle: 4
2026-02-05 10:49:55 +08:00: 📋 Active sessions: 9
2026-02-05 10:49:55 +08:00: \n🚀 Processing 9 sessions in 1 batches
2026-02-05 10:50:27 +08:00: \n📊 Total sessions in contract: 12
2026-02-05 10:50:28 +08:00: 🦞 Active nodes: 20 | Shards per cycle: 4
2026-02-05 10:50:30 +08:00: 📋 Active sessions: 9
2026-02-05 10:50:30 +08:00: \n🚀 Processing 9 sessions in 1 batches
2026-02-05 10:51:03 +08:00: \n📊 Total sessions in contract: 12
2026-02-05 10:51:04 +08:00: 🦞 Active nodes: 20 | Shards per cycle: 4
2026-02-05 10:51:06 +08:00: 📋 Active sessions: 9
2026-02-05 10:51:06 +08:00: \n🚀 Processing 9 sessions in 1 batches
2026-02-05 10:51:39 +08:00: \n📊 Total sessions in contract: 12
2026-02-05 10:51:39 +08:00: 🦞 Active nodes: 20 | Shards per cycle: 4
2026-02-05 10:51:42 +08:00: 📋 Active sessions: 9
2026-02-05 10:51:42 +08:00: \n🚀 Processing 9 sessions in 1 batches
2026-02-05 10:52:14 +08:00: \n📊 Total sessions in contract: 12
2026-02-05 10:52:15 +08:00: 🦞 Active nodes: 20 | Shards per cycle: 4
2026-02-05 10:52:17 +08:00: 📋 Active sessions: 9
2026-02-05 10:52:17 +08:00: \n🚀 Processing 9 sessions in 1 batches
2026-02-05 10:52:50 +08:00: \n📊 Total sessions in contract: 12
2026-02-05 10:52:50 +08:00: 🦞 Active nodes: 20 | Shards per cycle: 4
2026-02-05 10:52:53 +08:00: 📋 Active sessions: 9
2026-02-05 10:52:53 +08:00: \n🚀 Processing 9 sessions in 1 batches
2026-02-05 10:53:25 +08:00: \n📊 Total sessions in contract: 12
2026-02-05 10:53:26 +08:00: 🦞 Active nodes: 20 | Shards per cycle: 4
2026-02-05 10:53:28 +08:00: 📋 Active sessions: 9
2026-02-05 10:53:28 +08:00: \n🚀 Processing 9 sessions in 1 batches
2026-02-05 10:54:01 +08:00: \n📊 Total sessions in contract: 12
2026-02-05 10:54:01 +08:00: 🦞 Active nodes: 20 | Shards per cycle: 4
2026-02-05 10:54:04 +08:00: 📋 Active sessions: 9
2026-02-05 10:54:04 +08:00: \n🚀 Processing 9 sessions in 1 batches
2026-02-05 10:54:36 +08:00: \n📊 Total sessions in contract: 12
2026-02-05 10:54:36 +08:00: 🦞 Active nodes: 20 | Shards per cycle: 4
2026-02-05 10:54:39 +08:00: 📋 Active sessions: 9
2026-02-05 10:54:39 +08:00: \n🚀 Processing 9 sessions in 1 batches
2026-02-05 11:10:34 +08:00: \n📊 Total sessions in contract: 12
2026-02-05 11:10:34 +08:00: 🦞 Active nodes: 20 | Shards per cycle: 4
2026-02-05 11:10:37 +08:00: 📋 Active sessions: 9
2026-02-05 11:10:37 +08:00: \n🚀 Processing 9 sessions in 1 batches
2026-02-05 11:11:10 +08:00: \n📊 Total sessions in contract: 12
2026-02-05 11:11:10 +08:00: 🦞 Active nodes: 20 | Shards per cycle: 4
2026-02-05 11:11:13 +08:00: 📋 Active sessions: 9
2026-02-05 11:11:13 +08:00: \n🚀 Processing 9 sessions in 1 batches
2026-02-05 11:11:57 +08:00: \n📊 Total sessions in contract: 12
2026-02-05 11:11:58 +08:00: 🦞 Active nodes: 20 | Shards per cycle: 4
2026-02-05 11:12:01 +08:00: 📋 Active sessions: 9
2026-02-05 11:12:01 +08:00: \n🚀 Processing 9 sessions in 1 batches
2026-02-05 11:13:34 +08:00: \n📊 Total sessions in contract: 12
2026-02-05 11:13:35 +08:00: 🦞 Active nodes: 20 | Shards per cycle: 4
2026-02-05 11:13:37 +08:00: 📋 Active sessions: 9
2026-02-05 11:13:37 +08:00: \n🚀 Processing 9 sessions in 1 batches
2026-02-05 11:16:57 +08:00: \n📊 Total sessions in contract: 12
2026-02-05 11:16:57 +08:00: 🦞 Active nodes: 20 | Shards per cycle: 4
2026-02-05 11:17:00 +08:00: 📋 Active sessions: 9
2026-02-05 11:17:00 +08:00: \n🚀 Processing 9 sessions in 1 batches
2026-02-05 11:20:35 +08:00: \n📊 Total sessions in contract: 12
2026-02-05 11:20:36 +08:00: 🦞 Active nodes: 20 | Shards per cycle: 4
2026-02-05 11:20:38 +08:00: 📋 Active sessions: 9
2026-02-05 11:20:38 +08:00: \n🚀 Processing 9 sessions in 1 batches
2026-02-05 11:22:34 +08:00: \n📊 Total sessions in contract: 12
2026-02-05 11:22:35 +08:00: 🦞 Active nodes: 20 | Shards per cycle: 4
2026-02-05 11:22:37 +08:00: 📋 Active sessions: 9
2026-02-05 11:22:37 +08:00: \n🚀 Processing 9 sessions in 1 batches
2026-02-05 11:23:59 +08:00: \n📊 Total sessions in contract: 12
2026-02-05 11:23:59 +08:00: 🦞 Active nodes: 20 | Shards per cycle: 4
2026-02-05 11:24:02 +08:00: 📋 Active sessions: 9
2026-02-05 11:24:02 +08:00: \n🚀 Processing 9 sessions in 1 batches
2026-02-05 11:25:28 +08:00: \n📊 Total sessions in contract: 12
2026-02-05 11:25:28 +08:00: 🦞 Active nodes: 20 | Shards per cycle: 4
2026-02-05 11:25:31 +08:00: 📋 Active sessions: 9
2026-02-05 11:25:31 +08:00: \n🚀 Processing 9 sessions in 1 batches
2026-02-05 11:26:04 +08:00: \n📊 Total sessions in contract: 12
2026-02-05 11:26:04 +08:00: 🦞 Active nodes: 20 | Shards per cycle: 4
2026-02-05 11:26:07 +08:00: 📋 Active sessions: 9
2026-02-05 11:26:07 +08:00: \n🚀 Processing 9 sessions in 1 batches
2026-02-05 11:26:39 +08:00: \n📊 Total sessions in contract: 12
2026-02-05 11:26:39 +08:00: 🦞 Active nodes: 20 | Shards per cycle: 4
2026-02-05 11:26:42 +08:00: 📋 Active sessions: 9
2026-02-05 11:26:42 +08:00: \n🚀 Processing 9 sessions in 1 batches
2026-02-05 11:27:15 +08:00: \n📊 Total sessions in contract: 12
2026-02-05 11:27:15 +08:00: 🦞 Active nodes: 20 | Shards per cycle: 4
2026-02-05 11:27:18 +08:00: 📋 Active sessions: 9
2026-02-05 11:27:18 +08:00: \n🚀 Processing 9 sessions in 1 batches
2026-02-05 11:27:50 +08:00: \n📊 Total sessions in contract: 12
2026-02-05 11:27:51 +08:00: 🦞 Active nodes: 20 | Shards per cycle: 4
2026-02-05 11:27:53 +08:00: 📋 Active sessions: 9
2026-02-05 11:27:53 +08:00: \n🚀 Processing 9 sessions in 1 batches
2026-02-05 11:28:26 +08:00: \n📊 Total sessions in contract: 12
2026-02-05 11:28:26 +08:00: 🦞 Active nodes: 20 | Shards per cycle: 4
2026-02-05 11:28:29 +08:00: 📋 Active sessions: 9
2026-02-05 11:28:29 +08:00: \n🚀 Processing 9 sessions in 1 batches
2026-02-05 11:29:01 +08:00: \n📊 Total sessions in contract: 12
2026-02-05 11:29:02 +08:00: 🦞 Active nodes: 20 | Shards per cycle: 4
2026-02-05 11:29:04 +08:00: 📋 Active sessions: 9
2026-02-05 11:29:04 +08:00: \n🚀 Processing 9 sessions in 1 batches
2026-02-05 11:29:37 +08:00: \n📊 Total sessions in contract: 12
2026-02-05 11:29:37 +08:00: 🦞 Active nodes: 20 | Shards per cycle: 4
2026-02-05 11:29:40 +08:00: 📋 Active sessions: 9
2026-02-05 11:29:40 +08:00: \n🚀 Processing 9 sessions in 1 batches
2026-02-05 11:30:12 +08:00: \n📊 Total sessions in contract: 12
2026-02-05 11:30:13 +08:00: 🦞 Active nodes: 20 | Shards per cycle: 4
2026-02-05 11:30:15 +08:00: 📋 Active sessions: 9
2026-02-05 11:30:15 +08:00: \n🚀 Processing 9 sessions in 1 batches
2026-02-05 11:30:48 +08:00: \n📊 Total sessions in contract: 12
2026-02-05 11:30:48 +08:00: 🦞 Active nodes: 20 | Shards per cycle: 4
2026-02-05 11:30:51 +08:00: 📋 Active sessions: 9
2026-02-05 11:30:51 +08:00: \n🚀 Processing 9 sessions in 1 batches
2026-02-05 11:31:23 +08:00: \n📊 Total sessions in contract: 12
2026-02-05 11:31:24 +08:00: 🦞 Active nodes: 20 | Shards per cycle: 4
2026-02-05 11:31:27 +08:00: 📋 Active sessions: 9
2026-02-05 11:31:27 +08:00: \n🚀 Processing 9 sessions in 1 batches
2026-02-05 11:31:59 +08:00: \n📊 Total sessions in contract: 12
2026-02-05 11:31:59 +08:00: 🦞 Active nodes: 20 | Shards per cycle: 4
2026-02-05 11:32:02 +08:00: 📋 Active sessions: 9
2026-02-05 11:32:02 +08:00: \n🚀 Processing 9 sessions in 1 batches
2026-02-05 11:32:35 +08:00: \n📊 Total sessions in contract: 12
2026-02-05 11:32:35 +08:00: 🦞 Active nodes: 20 | Shards per cycle: 4
2026-02-05 11:32:38 +08:00: 📋 Active sessions: 9
2026-02-05 11:32:38 +08:00: \n🚀 Processing 9 sessions in 1 batches
2026-02-05 11:33:10 +08:00: \n📊 Total sessions in contract: 12
2026-02-05 11:33:11 +08:00: 🦞 Active nodes: 20 | Shards per cycle: 4
2026-02-05 11:33:13 +08:00: 📋 Active sessions: 9
2026-02-05 11:33:13 +08:00: \n🚀 Processing 9 sessions in 1 batches
2026-02-05 11:33:46 +08:00: \n📊 Total sessions in contract: 12
2026-02-05 11:33:46 +08:00: 🦞 Active nodes: 20 | Shards per cycle: 4
2026-02-05 11:33:49 +08:00: 📋 Active sessions: 9
2026-02-05 11:33:49 +08:00: \n🚀 Processing 9 sessions in 1 batches
2026-02-05 11:34:21 +08:00: \n📊 Total sessions in contract: 12
2026-02-05 11:34:22 +08:00: 🦞 Active nodes: 20 | Shards per cycle: 4
2026-02-05 11:34:25 +08:00: 📋 Active sessions: 9
2026-02-05 11:34:25 +08:00: \n🚀 Processing 9 sessions in 1 batches
2026-02-05 11:34:57 +08:00: \n📊 Total sessions in contract: 12
2026-02-05 11:34:57 +08:00: 🦞 Active nodes: 20 | Shards per cycle: 4
2026-02-05 11:35:00 +08:00: 📋 Active sessions: 9
2026-02-05 11:35:00 +08:00: \n🚀 Processing 9 sessions in 1 batches
2026-02-05 11:35:32 +08:00: \n📊 Total sessions in contract: 12
2026-02-05 11:35:33 +08:00: 🦞 Active nodes: 20 | Shards per cycle: 4
2026-02-05 11:35:36 +08:00: 📋 Active sessions: 9
2026-02-05 11:35:36 +08:00: \n🚀 Processing 9 sessions in 1 batches
2026-02-05 11:36:08 +08:00: \n📊 Total sessions in contract: 12
2026-02-05 11:36:09 +08:00: 🦞 Active nodes: 20 | Shards per cycle: 4
2026-02-05 11:36:11 +08:00: 📋 Active sessions: 9
2026-02-05 11:36:11 +08:00: \n🚀 Processing 9 sessions in 1 batches
2026-02-05 11:36:44 +08:00: \n📊 Total sessions in contract: 12
2026-02-05 11:36:44 +08:00: 🦞 Active nodes: 20 | Shards per cycle: 4
2026-02-05 11:36:47 +08:00: 📋 Active sessions: 9
2026-02-05 11:36:47 +08:00: \n🚀 Processing 9 sessions in 1 batches
2026-02-05 11:39:09 +08:00: \n📊 Total sessions in contract: 12
2026-02-05 11:39:09 +08:00: 🦞 Active nodes: 20 | Shards per cycle: 4
2026-02-05 11:39:12 +08:00: 📋 Active sessions: 9
2026-02-05 11:39:12 +08:00: \n🚀 Processing 9 sessions in 1 batches
2026-02-05 11:42:11 +08:00: \n📊 Total sessions in contract: 12
2026-02-05 11:42:12 +08:00: 🦞 Active nodes: 20 | Shards per cycle: 4
2026-02-05 11:42:14 +08:00: 📋 Active sessions: 9
2026-02-05 11:42:14 +08:00: \n🚀 Processing 9 sessions in 1 batches
2026-02-05 11:44:12 +08:00: \n📊 Total sessions in contract: 12
2026-02-05 11:44:12 +08:00: 🦞 Active nodes: 20 | Shards per cycle: 4
2026-02-05 11:44:15 +08:00: 📋 Active sessions: 9
2026-02-05 11:44:15 +08:00: \n🚀 Processing 9 sessions in 1 batches
2026-02-05 11:44:48 +08:00: \n📊 Total sessions in contract: 12
2026-02-05 11:44:49 +08:00: 🦞 Active nodes: 20 | Shards per cycle: 4
2026-02-05 11:44:52 +08:00: 📋 Active sessions: 9
2026-02-05 11:44:52 +08:00: \n🚀 Processing 9 sessions in 1 batches
2026-02-05 11:45:24 +08:00: \n📊 Total sessions in contract: 12
2026-02-05 11:45:24 +08:00: 🦞 Active nodes: 20 | Shards per cycle: 4
2026-02-05 11:45:27 +08:00: 📋 Active sessions: 9
2026-02-05 11:45:27 +08:00: \n🚀 Processing 9 sessions in 1 batches
2026-02-05 11:45:59 +08:00: \n📊 Total sessions in contract: 12
2026-02-05 11:46:00 +08:00: 🦞 Active nodes: 20 | Shards per cycle: 4
2026-02-05 11:46:03 +08:00: 📋 Active sessions: 9
2026-02-05 11:46:03 +08:00: \n🚀 Processing 9 sessions in 1 batches
2026-02-05 11:46:35 +08:00: \n📊 Total sessions in contract: 12
2026-02-05 11:46:35 +08:00: 🦞 Active nodes: 20 | Shards per cycle: 4
2026-02-05 11:46:38 +08:00: 📋 Active sessions: 9
2026-02-05 11:46:38 +08:00: \n🚀 Processing 9 sessions in 1 batches
2026-02-05 11:47:10 +08:00: \n📊 Total sessions in contract: 12
2026-02-05 11:47:11 +08:00: 🦞 Active nodes: 20 | Shards per cycle: 4
2026-02-05 11:47:14 +08:00: 📋 Active sessions: 9
2026-02-05 11:47:14 +08:00: \n🚀 Processing 9 sessions in 1 batches
2026-02-05 11:47:46 +08:00: \n📊 Total sessions in contract: 12
2026-02-05 11:47:46 +08:00: 🦞 Active nodes: 20 | Shards per cycle: 4
2026-02-05 11:47:49 +08:00: 📋 Active sessions: 9
2026-02-05 11:47:49 +08:00: \n🚀 Processing 9 sessions in 1 batches
2026-02-05 11:48:22 +08:00: \n📊 Total sessions in contract: 12
2026-02-05 11:48:22 +08:00: 🦞 Active nodes: 20 | Shards per cycle: 4
2026-02-05 11:48:25 +08:00: 📋 Active sessions: 9
2026-02-05 11:48:25 +08:00: \n🚀 Processing 9 sessions in 1 batches
2026-02-05 11:48:57 +08:00: \n📊 Total sessions in contract: 12
2026-02-05 11:48:58 +08:00: 🦞 Active nodes: 20 | Shards per cycle: 4
2026-02-05 11:49:00 +08:00: 📋 Active sessions: 9
2026-02-05 11:49:00 +08:00: \n🚀 Processing 9 sessions in 1 batches
2026-02-05 11:49:33 +08:00: \n📊 Total sessions in contract: 12
2026-02-05 11:49:33 +08:00: 🦞 Active nodes: 20 | Shards per cycle: 4
2026-02-05 11:49:36 +08:00: 📋 Active sessions: 9
2026-02-05 11:49:36 +08:00: \n🚀 Processing 9 sessions in 1 batches
2026-02-05 11:50:08 +08:00: \n📊 Total sessions in contract: 12
2026-02-05 11:50:09 +08:00: 🦞 Active nodes: 20 | Shards per cycle: 4
2026-02-05 11:50:11 +08:00: 📋 Active sessions: 9
2026-02-05 11:50:11 +08:00: \n🚀 Processing 9 sessions in 1 batches
2026-02-05 11:50:44 +08:00: \n📊 Total sessions in contract: 12
2026-02-05 11:50:44 +08:00: 🦞 Active nodes: 20 | Shards per cycle: 4
2026-02-05 11:50:47 +08:00: 📋 Active sessions: 9
2026-02-05 11:50:47 +08:00: \n🚀 Processing 9 sessions in 1 batches
2026-02-05 11:51:19 +08:00: \n📊 Total sessions in contract: 12
2026-02-05 11:51:20 +08:00: 🦞 Active nodes: 20 | Shards per cycle: 4
2026-02-05 11:51:22 +08:00: 📋 Active sessions: 9
2026-02-05 11:51:22 +08:00: \n🚀 Processing 9 sessions in 1 batches
2026-02-05 11:52:06 +08:00: \n📊 Total sessions in contract: 12
2026-02-05 11:52:06 +08:00: 🦞 Active nodes: 20 | Shards per cycle: 4
2026-02-05 11:52:09 +08:00: 📋 Active sessions: 9
2026-02-05 11:52:09 +08:00: \n🚀 Processing 9 sessions in 1 batches
2026-02-05 11:52:43 +08:00: \n📊 Total sessions in contract: 12
2026-02-05 11:52:44 +08:00: 🦞 Active nodes: 20 | Shards per cycle: 4
2026-02-05 11:52:47 +08:00: 📋 Active sessions: 9
2026-02-05 11:52:47 +08:00: \n🚀 Processing 9 sessions in 1 batches
2026-02-05 11:53:33 +08:00: \n📊 Total sessions in contract: 12
2026-02-05 11:53:34 +08:00: 🦞 Active nodes: 20 | Shards per cycle: 4
2026-02-05 11:53:36 +08:00: 📋 Active sessions: 9
2026-02-05 11:53:36 +08:00: \n🚀 Processing 9 sessions in 1 batches
2026-02-05 11:54:35 +08:00: \n📊 Total sessions in contract: 12
2026-02-05 11:54:35 +08:00: 🦞 Active nodes: 20 | Shards per cycle: 4
2026-02-05 11:54:38 +08:00: 📋 Active sessions: 9
2026-02-05 11:54:38 +08:00: \n🚀 Processing 9 sessions in 1 batches
2026-02-05 11:57:16 +08:00: \n📊 Total sessions in contract: 12
2026-02-05 11:57:17 +08:00: 🦞 Active nodes: 20 | Shards per cycle: 4
2026-02-05 11:57:20 +08:00: 📋 Active sessions: 9
2026-02-05 11:57:20 +08:00: \n🚀 Processing 9 sessions in 1 batches
2026-02-05 11:57:52 +08:00: \n📊 Total sessions in contract: 12
2026-02-05 11:57:53 +08:00: 🦞 Active nodes: 20 | Shards per cycle: 4
2026-02-05 11:57:56 +08:00: 📋 Active sessions: 9
2026-02-05 11:57:56 +08:00: \n🚀 Processing 9 sessions in 1 batches
2026-02-05 11:58:28 +08:00: \n📊 Total sessions in contract: 12
2026-02-05 11:58:28 +08:00: 🦞 Active nodes: 20 | Shards per cycle: 4
2026-02-05 11:58:31 +08:00: 📋 Active sessions: 9
2026-02-05 11:58:31 +08:00: \n🚀 Processing 9 sessions in 1 batches
2026-02-05 11:59:03 +08:00: \n📊 Total sessions in contract: 12
2026-02-05 11:59:04 +08:00: 🦞 Active nodes: 20 | Shards per cycle: 4
2026-02-05 11:59:07 +08:00: 📋 Active sessions: 9
2026-02-05 11:59:07 +08:00: \n🚀 Processing 9 sessions in 1 batches
2026-02-05 11:59:40 +08:00: \n📊 Total sessions in contract: 12
2026-02-05 11:59:40 +08:00: 🦞 Active nodes: 20 | Shards per cycle: 4
2026-02-05 12:14:40 +08:00: \n🚀 Processing 9 sessions in 1 batches
2026-02-05 12:15:13 +08:00: \n📊 Total sessions in contract: 12
2026-02-05 12:15:14 +08:00: 🦞 Active nodes: 20 | Shards per cycle: 4
2026-02-05 12:15:16 +08:00: 📋 Active sessions: 9
2026-02-05 12:15:16 +08:00: \n🚀 Processing 9 sessions in 1 batches
2026-02-05 12:15:49 +08:00: \n📊 Total sessions in contract: 12
2026-02-05 12:15:49 +08:00: 🦞 Active nodes: 20 | Shards per cycle: 4
2026-02-05 12:15:52 +08:00: 📋 Active sessions: 9
2026-02-05 12:15:52 +08:00: \n🚀 Processing 9 sessions in 1 batches
2026-02-05 12:16:24 +08:00: \n📊 Total sessions in contract: 12
2026-02-05 12:16:25 +08:00: 🦞 Active nodes: 20 | Shards per cycle: 4
2026-02-05 12:16:27 +08:00: 📋 Active sessions: 9
2026-02-05 12:16:27 +08:00: \n🚀 Processing 9 sessions in 1 batches
2026-02-05 12:17:00 +08:00: \n📊 Total sessions in contract: 12
2026-02-05 12:17:00 +08:00: 🦞 Active nodes: 20 | Shards per cycle: 4
2026-02-05 12:17:03 +08:00: 📋 Active sessions: 9
2026-02-05 12:17:03 +08:00: \n🚀 Processing 9 sessions in 1 batches
2026-02-05 12:17:35 +08:00: \n📊 Total sessions in contract: 12
2026-02-05 12:17:36 +08:00: 🦞 Active nodes: 20 | Shards per cycle: 4
2026-02-05 12:17:38 +08:00: 📋 Active sessions: 9
2026-02-05 12:17:38 +08:00: \n🚀 Processing 9 sessions in 1 batches
2026-02-05 12:32:41 +08:00: \n📊 Total sessions in contract: 12
2026-02-05 12:32:41 +08:00: 🦞 Active nodes: 20 | Shards per cycle: 4
2026-02-05 12:32:44 +08:00: 📋 Active sessions: 9
2026-02-05 12:32:44 +08:00: \n🚀 Processing 9 sessions in 1 batches
2026-02-05 12:33:17 +08:00: \n📊 Total sessions in contract: 12
2026-02-05 12:33:17 +08:00: 🦞 Active nodes: 20 | Shards per cycle: 4
2026-02-05 12:33:20 +08:00: 📋 Active sessions: 9
2026-02-05 12:33:20 +08:00: \n🚀 Processing 9 sessions in 1 batches
2026-02-05 12:48:26 +08:00: \n📊 Total sessions in contract: 12
2026-02-05 12:48:26 +08:00: 🦞 Active nodes: 20 | Shards per cycle: 4
2026-02-05 12:48:29 +08:00: 📋 Active sessions: 9
2026-02-05 12:48:29 +08:00: \n🚀 Processing 9 sessions in 1 batches
2026-02-05 12:49:02 +08:00: \n📊 Total sessions in contract: 12
2026-02-05 12:49:02 +08:00: 🦞 Active nodes: 20 | Shards per cycle: 4
2026-02-05 12:49:05 +08:00: 📋 Active sessions: 9
2026-02-05 12:49:05 +08:00: \n🚀 Processing 9 sessions in 1 batches
2026-02-05 12:49:37 +08:00: \n📊 Total sessions in contract: 12
2026-02-05 12:49:38 +08:00: 🦞 Active nodes: 20 | Shards per cycle: 4
2026-02-05 12:49:40 +08:00: 📋 Active sessions: 9
2026-02-05 12:49:40 +08:00: \n🚀 Processing 9 sessions in 1 batches
2026-02-05 12:50:13 +08:00: \n📊 Total sessions in contract: 12
2026-02-05 12:50:13 +08:00: 🦞 Active nodes: 20 | Shards per cycle: 4
2026-02-05 12:50:16 +08:00: 📋 Active sessions: 9
2026-02-05 12:50:16 +08:00: \n🚀 Processing 9 sessions in 1 batches
2026-02-05 12:50:48 +08:00: \n📊 Total sessions in contract: 12
2026-02-05 12:50:49 +08:00: 🦞 Active nodes: 20 | Shards per cycle: 4
2026-02-05 12:50:51 +08:00: 📋 Active sessions: 9
2026-02-05 12:50:51 +08:00: \n🚀 Processing 9 sessions in 1 batches
2026-02-05 12:51:24 +08:00: \n📊 Total sessions in contract: 12
2026-02-05 12:51:24 +08:00: 🦞 Active nodes: 20 | Shards per cycle: 4
2026-02-05 12:51:27 +08:00: 📋 Active sessions: 9
2026-02-05 12:51:27 +08:00: \n🚀 Processing 9 sessions in 1 batches
2026-02-05 12:51:59 +08:00: \n📊 Total sessions in contract: 12
2026-02-05 12:52:00 +08:00: 🦞 Active nodes: 20 | Shards per cycle: 4
2026-02-05 12:52:03 +08:00: 📋 Active sessions: 9
2026-02-05 12:52:03 +08:00: \n🚀 Processing 9 sessions in 1 batches
2026-02-05 12:52:35 +08:00: \n📊 Total sessions in contract: 12
2026-02-05 12:52:35 +08:00: 🦞 Active nodes: 20 | Shards per cycle: 4
2026-02-05 12:52:38 +08:00: 📋 Active sessions: 9
2026-02-05 12:52:38 +08:00: \n🚀 Processing 9 sessions in 1 batches
2026-02-05 12:53:10 +08:00: \n📊 Total sessions in contract: 12
2026-02-05 12:53:11 +08:00: 🦞 Active nodes: 20 | Shards per cycle: 4
2026-02-05 12:53:14 +08:00: 📋 Active sessions: 9
2026-02-05 12:53:14 +08:00: \n🚀 Processing 9 sessions in 1 batches
2026-02-05 12:53:46 +08:00: \n📊 Total sessions in contract: 12
2026-02-05 12:53:46 +08:00: 🦞 Active nodes: 20 | Shards per cycle: 4
2026-02-05 12:53:49 +08:00: 📋 Active sessions: 9
2026-02-05 12:53:49 +08:00: \n🚀 Processing 9 sessions in 1 batches
2026-02-05 12:54:21 +08:00: \n📊 Total sessions in contract: 12
2026-02-05 12:54:22 +08:00: 🦞 Active nodes: 20 | Shards per cycle: 4
2026-02-05 12:54:24 +08:00: 📋 Active sessions: 9
2026-02-05 12:54:24 +08:00: \n🚀 Processing 9 sessions in 1 batches
2026-02-05 12:54:57 +08:00: \n📊 Total sessions in contract: 12
2026-02-05 12:54:57 +08:00: 🦞 Active nodes: 20 | Shards per cycle: 4
2026-02-05 12:55:00 +08:00: 📋 Active sessions: 9
2026-02-05 12:55:00 +08:00: \n🚀 Processing 9 sessions in 1 batches
2026-02-05 12:55:32 +08:00: \n📊 Total sessions in contract: 12
2026-02-05 12:55:33 +08:00: 🦞 Active nodes: 20 | Shards per cycle: 4
2026-02-05 12:55:36 +08:00: 📋 Active sessions: 9
2026-02-05 12:55:36 +08:00: \n🚀 Processing 9 sessions in 1 batches
2026-02-05 12:56:08 +08:00: \n📊 Total sessions in contract: 12
2026-02-05 12:56:08 +08:00: 🦞 Active nodes: 20 | Shards per cycle: 4
2026-02-05 12:56:11 +08:00: 📋 Active sessions: 9
2026-02-05 12:56:11 +08:00: \n🚀 Processing 9 sessions in 1 batches
2026-02-05 12:56:43 +08:00: \n📊 Total sessions in contract: 12
2026-02-05 12:56:44 +08:00: 🦞 Active nodes: 20 | Shards per cycle: 4
2026-02-05 12:56:47 +08:00: 📋 Active sessions: 9
2026-02-05 12:56:47 +08:00: \n🚀 Processing 9 sessions in 1 batches
2026-02-05 12:57:20 +08:00: \n📊 Total sessions in contract: 12
2026-02-05 12:57:20 +08:00: 🦞 Active nodes: 20 | Shards per cycle: 4
2026-02-05 12:57:23 +08:00: 📋 Active sessions: 9
2026-02-05 12:57:23 +08:00: \n🚀 Processing 9 sessions in 1 batches
2026-02-05 12:57:55 +08:00: \n📊 Total sessions in contract: 12
2026-02-05 12:57:56 +08:00: 🦞 Active nodes: 20 | Shards per cycle: 4
2026-02-05 12:57:59 +08:00: 📋 Active sessions: 9
2026-02-05 12:57:59 +08:00: \n🚀 Processing 9 sessions in 1 batches
2026-02-05 12:58:31 +08:00: \n📊 Total sessions in contract: 12
2026-02-05 12:58:32 +08:00: 🦞 Active nodes: 20 | Shards per cycle: 4
2026-02-05 12:58:34 +08:00: 📋 Active sessions: 9
2026-02-05 12:58:34 +08:00: \n🚀 Processing 9 sessions in 1 batches
2026-02-05 12:59:07 +08:00: \n📊 Total sessions in contract: 12
2026-02-05 12:59:07 +08:00: 🦞 Active nodes: 20 | Shards per cycle: 4
2026-02-05 12:59:10 +08:00: 📋 Active sessions: 9
2026-02-05 12:59:10 +08:00: \n🚀 Processing 9 sessions in 1 batches
2026-02-05 12:59:42 +08:00: \n📊 Total sessions in contract: 12
2026-02-05 12:59:43 +08:00: 🦞 Active nodes: 20 | Shards per cycle: 4
2026-02-05 12:59:45 +08:00: 📋 Active sessions: 9
2026-02-05 12:59:45 +08:00: \n🚀 Processing 9 sessions in 1 batches
2026-02-05 13:00:18 +08:00: \n📊 Total sessions in contract: 12
2026-02-05 13:00:18 +08:00: 🦞 Active nodes: 20 | Shards per cycle: 4
2026-02-05 13:00:21 +08:00: 📋 Active sessions: 9
2026-02-05 13:00:21 +08:00: \n🚀 Processing 9 sessions in 1 batches
2026-02-05 13:00:53 +08:00: \n📊 Total sessions in contract: 12
2026-02-05 13:00:54 +08:00: 🦞 Active nodes: 20 | Shards per cycle: 4
2026-02-05 13:00:56 +08:00: 📋 Active sessions: 9
2026-02-05 13:00:56 +08:00: \n🚀 Processing 9 sessions in 1 batches
2026-02-05 13:01:29 +08:00: \n📊 Total sessions in contract: 12
2026-02-05 13:01:29 +08:00: 🦞 Active nodes: 20 | Shards per cycle: 4
2026-02-05 13:01:32 +08:00: 📋 Active sessions: 9
2026-02-05 13:01:32 +08:00: \n🚀 Processing 9 sessions in 1 batches
2026-02-05 13:02:04 +08:00: \n📊 Total sessions in contract: 12
2026-02-05 13:02:05 +08:00: 🦞 Active nodes: 20 | Shards per cycle: 4
2026-02-05 13:02:07 +08:00: 📋 Active sessions: 9
2026-02-05 13:02:07 +08:00: \n🚀 Processing 9 sessions in 1 batches
2026-02-05 13:02:40 +08:00: \n📊 Total sessions in contract: 12
2026-02-05 13:02:40 +08:00: 🦞 Active nodes: 20 | Shards per cycle: 4
2026-02-05 13:02:43 +08:00: 📋 Active sessions: 9
2026-02-05 13:02:43 +08:00: \n🚀 Processing 9 sessions in 1 batches
2026-02-05 13:03:15 +08:00: \n📊 Total sessions in contract: 12
2026-02-05 13:03:16 +08:00: 🦞 Active nodes: 20 | Shards per cycle: 4
2026-02-05 13:03:19 +08:00: 📋 Active sessions: 9
2026-02-05 13:03:19 +08:00: \n🚀 Processing 9 sessions in 1 batches
2026-02-05 13:03:51 +08:00: \n📊 Total sessions in contract: 12
2026-02-05 13:03:52 +08:00: 🦞 Active nodes: 20 | Shards per cycle: 4
2026-02-05 13:03:54 +08:00: 📋 Active sessions: 9
2026-02-05 13:03:54 +08:00: \n🚀 Processing 9 sessions in 1 batches
2026-02-05 13:04:27 +08:00: \n📊 Total sessions in contract: 12
2026-02-05 13:04:27 +08:00: 🦞 Active nodes: 20 | Shards per cycle: 4
2026-02-05 13:04:30 +08:00: 📋 Active sessions: 9
2026-02-05 13:04:30 +08:00: \n🚀 Processing 9 sessions in 1 batches
2026-02-05 13:05:02 +08:00: \n📊 Total sessions in contract: 12
2026-02-05 13:05:03 +08:00: 🦞 Active nodes: 20 | Shards per cycle: 4
2026-02-05 13:05:05 +08:00: 📋 Active sessions: 9
2026-02-05 13:05:05 +08:00: \n🚀 Processing 9 sessions in 1 batches
2026-02-05 13:05:38 +08:00: \n📊 Total sessions in contract: 12
2026-02-05 13:05:38 +08:00: 🦞 Active nodes: 20 | Shards per cycle: 4
2026-02-05 13:05:41 +08:00: 📋 Active sessions: 9
2026-02-05 13:05:41 +08:00: \n🚀 Processing 9 sessions in 1 batches
2026-02-05 13:06:13 +08:00: \n📊 Total sessions in contract: 12
2026-02-05 13:06:14 +08:00: 🦞 Active nodes: 20 | Shards per cycle: 4
2026-02-05 13:06:16 +08:00: 📋 Active sessions: 9
2026-02-05 13:06:16 +08:00: \n🚀 Processing 9 sessions in 1 batches
2026-02-05 13:06:49 +08:00: \n📊 Total sessions in contract: 12
2026-02-05 13:06:49 +08:00: 🦞 Active nodes: 20 | Shards per cycle: 4
2026-02-05 13:06:52 +08:00: 📋 Active sessions: 9
2026-02-05 13:06:52 +08:00: \n🚀 Processing 9 sessions in 1 batches
2026-02-05 13:07:24 +08:00: \n📊 Total sessions in contract: 12
2026-02-05 13:07:25 +08:00: 🦞 Active nodes: 20 | Shards per cycle: 4
2026-02-05 13:07:27 +08:00: 📋 Active sessions: 9
2026-02-05 13:07:27 +08:00: \n🚀 Processing 9 sessions in 1 batches
2026-02-05 13:08:00 +08:00: \n📊 Total sessions in contract: 12
2026-02-05 13:08:00 +08:00: 🦞 Active nodes: 20 | Shards per cycle: 4
2026-02-05 13:08:03 +08:00: 📋 Active sessions: 9
2026-02-05 13:08:03 +08:00: \n🚀 Processing 9 sessions in 1 batches
2026-02-05 13:08:35 +08:00: \n📊 Total sessions in contract: 12
2026-02-05 13:08:36 +08:00: 🦞 Active nodes: 20 | Shards per cycle: 4
2026-02-05 13:08:38 +08:00: 📋 Active sessions: 9
2026-02-05 13:08:38 +08:00: \n🚀 Processing 9 sessions in 1 batches
2026-02-05 13:09:11 +08:00: \n📊 Total sessions in contract: 12
2026-02-05 13:09:11 +08:00: 🦞 Active nodes: 20 | Shards per cycle: 4
2026-02-05 13:09:14 +08:00: 📋 Active sessions: 9
2026-02-05 13:09:14 +08:00: \n🚀 Processing 9 sessions in 1 batches
2026-02-05 13:09:46 +08:00: \n📊 Total sessions in contract: 12
2026-02-05 13:09:47 +08:00: 🦞 Active nodes: 20 | Shards per cycle: 4
2026-02-05 13:09:49 +08:00: 📋 Active sessions: 9
2026-02-05 13:09:49 +08:00: \n🚀 Processing 9 sessions in 1 batches
2026-02-05 13:10:22 +08:00: \n📊 Total sessions in contract: 12
2026-02-05 13:10:22 +08:00: 🦞 Active nodes: 20 | Shards per cycle: 4
2026-02-05 13:10:25 +08:00: 📋 Active sessions: 9
2026-02-05 13:10:25 +08:00: \n🚀 Processing 9 sessions in 1 batches
2026-02-05 13:10:57 +08:00: \n📊 Total sessions in contract: 12
2026-02-05 13:10:58 +08:00: 🦞 Active nodes: 20 | Shards per cycle: 4
2026-02-05 13:11:01 +08:00: 📋 Active sessions: 9
2026-02-05 13:11:01 +08:00: \n🚀 Processing 9 sessions in 1 batches
2026-02-05 13:11:33 +08:00: \n📊 Total sessions in contract: 12
2026-02-05 13:11:34 +08:00: 🦞 Active nodes: 20 | Shards per cycle: 4
2026-02-05 13:11:36 +08:00: 📋 Active sessions: 9
2026-02-05 13:11:36 +08:00: \n🚀 Processing 9 sessions in 1 batches
2026-02-05 13:12:09 +08:00: \n📊 Total sessions in contract: 12
2026-02-05 13:12:09 +08:00: 🦞 Active nodes: 20 | Shards per cycle: 4
2026-02-05 13:12:12 +08:00: 📋 Active sessions: 9
2026-02-05 13:12:12 +08:00: \n🚀 Processing 9 sessions in 1 batches
2026-02-05 13:12:44 +08:00: \n📊 Total sessions in contract: 12
2026-02-05 13:12:45 +08:00: 🦞 Active nodes: 20 | Shards per cycle: 4
2026-02-05 13:12:47 +08:00: 📋 Active sessions: 9
2026-02-05 13:12:47 +08:00: \n🚀 Processing 9 sessions in 1 batches
2026-02-05 13:13:20 +08:00: \n📊 Total sessions in contract: 12
2026-02-05 13:13:20 +08:00: 🦞 Active nodes: 20 | Shards per cycle: 4
2026-02-05 13:13:23 +08:00: 📋 Active sessions: 9
2026-02-05 13:13:23 +08:00: \n🚀 Processing 9 sessions in 1 batches
2026-02-05 13:13:55 +08:00: \n📊 Total sessions in contract: 12
2026-02-05 13:13:56 +08:00: 🦞 Active nodes: 20 | Shards per cycle: 4
2026-02-05 13:13:58 +08:00: 📋 Active sessions: 9
2026-02-05 13:13:58 +08:00: \n🚀 Processing 9 sessions in 1 batches
2026-02-05 13:14:31 +08:00: \n📊 Total sessions in contract: 12
2026-02-05 13:14:31 +08:00: 🦞 Active nodes: 20 | Shards per cycle: 4
2026-02-05 13:14:34 +08:00: 📋 Active sessions: 9
2026-02-05 13:14:34 +08:00: \n🚀 Processing 9 sessions in 1 batches
2026-02-05 13:15:06 +08:00: \n📊 Total sessions in contract: 12
2026-02-05 13:15:07 +08:00: 🦞 Active nodes: 20 | Shards per cycle: 4
2026-02-05 13:15:10 +08:00: 📋 Active sessions: 9
2026-02-05 13:15:10 +08:00: \n🚀 Processing 9 sessions in 1 batches
2026-02-05 13:15:42 +08:00: \n📊 Total sessions in contract: 12
2026-02-05 13:15:42 +08:00: 🦞 Active nodes: 20 | Shards per cycle: 4
2026-02-05 13:15:45 +08:00: 📋 Active sessions: 9
2026-02-05 13:15:45 +08:00: \n🚀 Processing 9 sessions in 1 batches
2026-02-05 13:16:17 +08:00: \n📊 Total sessions in contract: 12
2026-02-05 13:16:18 +08:00: 🦞 Active nodes: 20 | Shards per cycle: 4
2026-02-05 13:16:21 +08:00: 📋 Active sessions: 9
2026-02-05 13:16:21 +08:00: \n🚀 Processing 9 sessions in 1 batches
2026-02-05 13:16:53 +08:00: \n📊 Total sessions in contract: 12
2026-02-05 13:16:53 +08:00: 🦞 Active nodes: 20 | Shards per cycle: 4
2026-02-05 13:16:56 +08:00: 📋 Active sessions: 9
2026-02-05 13:16:56 +08:00: \n🚀 Processing 9 sessions in 1 batches
2026-02-05 13:17:28 +08:00: \n📊 Total sessions in contract: 12
2026-02-05 13:17:29 +08:00: 🦞 Active nodes: 20 | Shards per cycle: 4
2026-02-05 13:17:32 +08:00: 📋 Active sessions: 9
2026-02-05 13:17:32 +08:00: \n🚀 Processing 9 sessions in 1 batches
2026-02-05 13:18:04 +08:00: \n📊 Total sessions in contract: 12
2026-02-05 13:18:04 +08:00: 🦞 Active nodes: 20 | Shards per cycle: 4
2026-02-05 13:18:07 +08:00: 📋 Active sessions: 9
2026-02-05 13:18:07 +08:00: \n🚀 Processing 9 sessions in 1 batches
2026-02-05 13:18:39 +08:00: \n📊 Total sessions in contract: 12
2026-02-05 13:18:40 +08:00: 🦞 Active nodes: 20 | Shards per cycle: 4
2026-02-05 13:18:43 +08:00: 📋 Active sessions: 9
2026-02-05 13:18:43 +08:00: \n🚀 Processing 9 sessions in 1 batches
2026-02-05 13:19:15 +08:00: \n📊 Total sessions in contract: 12
2026-02-05 13:19:15 +08:00: 🦞 Active nodes: 20 | Shards per cycle: 4
2026-02-05 13:19:18 +08:00: 📋 Active sessions: 9
2026-02-05 13:19:18 +08:00: \n🚀 Processing 9 sessions in 1 batches
2026-02-05 13:19:51 +08:00: \n📊 Total sessions in contract: 12
2026-02-05 13:19:51 +08:00: 🦞 Active nodes: 20 | Shards per cycle: 4
2026-02-05 13:19:54 +08:00: 📋 Active sessions: 9
2026-02-05 13:19:54 +08:00: \n🚀 Processing 9 sessions in 1 batches
2026-02-05 13:20:26 +08:00: \n📊 Total sessions in contract: 12
2026-02-05 13:20:27 +08:00: 🦞 Active nodes: 20 | Shards per cycle: 4
2026-02-05 13:20:29 +08:00: 📋 Active sessions: 9
2026-02-05 13:20:29 +08:00: \n🚀 Processing 9 sessions in 1 batches
2026-02-05 13:21:02 +08:00: \n📊 Total sessions in contract: 12
2026-02-05 13:21:02 +08:00: 🦞 Active nodes: 20 | Shards per cycle: 4
2026-02-05 13:21:05 +08:00: 📋 Active sessions: 9
2026-02-05 13:21:05 +08:00: \n🚀 Processing 9 sessions in 1 batches
2026-02-05 13:21:37 +08:00: \n📊 Total sessions in contract: 12
2026-02-05 13:21:38 +08:00: 🦞 Active nodes: 20 | Shards per cycle: 4
2026-02-05 13:21:40 +08:00: 📋 Active sessions: 9
2026-02-05 13:21:40 +08:00: \n🚀 Processing 9 sessions in 1 batches
2026-02-05 13:22:13 +08:00: \n📊 Total sessions in contract: 12
2026-02-05 13:22:13 +08:00: 🦞 Active nodes: 20 | Shards per cycle: 4
2026-02-05 13:22:16 +08:00: 📋 Active sessions: 9
2026-02-05 13:22:16 +08:00: \n🚀 Processing 9 sessions in 1 batches
2026-02-05 13:22:48 +08:00: \n📊 Total sessions in contract: 12
2026-02-05 13:22:49 +08:00: 🦞 Active nodes: 20 | Shards per cycle: 4
2026-02-05 13:22:51 +08:00: 📋 Active sessions: 9
2026-02-05 13:22:51 +08:00: \n🚀 Processing 9 sessions in 1 batches
2026-02-05 13:23:24 +08:00: \n📊 Total sessions in contract: 12
2026-02-05 13:23:24 +08:00: 🦞 Active nodes: 20 | Shards per cycle: 4
2026-02-05 13:23:27 +08:00: 📋 Active sessions: 9
2026-02-05 13:23:27 +08:00: \n🚀 Processing 9 sessions in 1 batches
2026-02-05 13:23:59 +08:00: \n📊 Total sessions in contract: 12
2026-02-05 13:24:00 +08:00: 🦞 Active nodes: 20 | Shards per cycle: 4
2026-02-05 13:24:03 +08:00: 📋 Active sessions: 9
2026-02-05 13:24:03 +08:00: \n🚀 Processing 9 sessions in 1 batches
2026-02-05 13:24:35 +08:00: \n📊 Total sessions in contract: 12
2026-02-05 13:24:35 +08:00: 🦞 Active nodes: 20 | Shards per cycle: 4
2026-02-05 13:24:38 +08:00: 📋 Active sessions: 9
2026-02-05 13:24:38 +08:00: \n🚀 Processing 9 sessions in 1 batches
2026-02-05 13:25:11 +08:00: \n📊 Total sessions in contract: 12
2026-02-05 13:25:11 +08:00: 🦞 Active nodes: 20 | Shards per cycle: 4
2026-02-05 13:25:14 +08:00: 📋 Active sessions: 9
2026-02-05 13:25:14 +08:00: \n🚀 Processing 9 sessions in 1 batches
2026-02-05 13:25:46 +08:00: \n📊 Total sessions in contract: 12
2026-02-05 13:25:47 +08:00: 🦞 Active nodes: 20 | Shards per cycle: 4
2026-02-05 13:25:49 +08:00: 📋 Active sessions: 9
2026-02-05 13:25:49 +08:00: \n🚀 Processing 9 sessions in 1 batches
2026-02-05 13:26:22 +08:00: \n📊 Total sessions in contract: 12
2026-02-05 13:26:22 +08:00: 🦞 Active nodes: 20 | Shards per cycle: 4
2026-02-05 13:26:25 +08:00: 📋 Active sessions: 9
2026-02-05 13:26:25 +08:00: \n🚀 Processing 9 sessions in 1 batches
2026-02-05 13:26:57 +08:00: \n📊 Total sessions in contract: 12
2026-02-05 13:26:58 +08:00: 🦞 Active nodes: 20 | Shards per cycle: 4
2026-02-05 13:27:00 +08:00: 📋 Active sessions: 9
2026-02-05 13:27:00 +08:00: \n🚀 Processing 9 sessions in 1 batches
2026-02-05 13:27:33 +08:00: \n📊 Total sessions in contract: 12
2026-02-05 13:27:33 +08:00: 🦞 Active nodes: 20 | Shards per cycle: 4
2026-02-05 13:27:36 +08:00: 📋 Active sessions: 9
2026-02-05 13:27:36 +08:00: \n🚀 Processing 9 sessions in 1 batches
2026-02-05 13:28:08 +08:00: \n📊 Total sessions in contract: 12
2026-02-05 13:28:09 +08:00: 🦞 Active nodes: 20 | Shards per cycle: 4
2026-02-05 13:28:11 +08:00: 📋 Active sessions: 9
2026-02-05 13:28:11 +08:00: \n🚀 Processing 9 sessions in 1 batches
2026-02-05 13:28:44 +08:00: \n📊 Total sessions in contract: 12
2026-02-05 13:28:44 +08:00: 🦞 Active nodes: 20 | Shards per cycle: 4
2026-02-05 13:28:47 +08:00: 📋 Active sessions: 9
2026-02-05 13:28:47 +08:00: \n🚀 Processing 9 sessions in 1 batches
2026-02-05 13:29:19 +08:00: \n📊 Total sessions in contract: 12
2026-02-05 13:29:20 +08:00: 🦞 Active nodes: 20 | Shards per cycle: 4
2026-02-05 13:29:22 +08:00: 📋 Active sessions: 9
2026-02-05 13:29:22 +08:00: \n🚀 Processing 9 sessions in 1 batches
2026-02-05 13:29:55 +08:00: \n📊 Total sessions in contract: 12
2026-02-05 13:29:55 +08:00: 🦞 Active nodes: 20 | Shards per cycle: 4
2026-02-05 13:29:58 +08:00: 📋 Active sessions: 9
2026-02-05 13:29:58 +08:00: \n🚀 Processing 9 sessions in 1 batches
2026-02-05 13:30:31 +08:00: \n📊 Total sessions in contract: 12
2026-02-05 13:30:31 +08:00: 🦞 Active nodes: 20 | Shards per cycle: 4
2026-02-05 13:30:34 +08:00: 📋 Active sessions: 9
2026-02-05 13:30:34 +08:00: \n🚀 Processing 9 sessions in 1 batches
2026-02-05 13:31:06 +08:00: \n📊 Total sessions in contract: 12
2026-02-05 13:31:07 +08:00: 🦞 Active nodes: 20 | Shards per cycle: 4
2026-02-05 13:31:09 +08:00: 📋 Active sessions: 9
2026-02-05 13:31:09 +08:00: \n🚀 Processing 9 sessions in 1 batches
2026-02-05 13:31:42 +08:00: \n📊 Total sessions in contract: 12
2026-02-05 13:31:42 +08:00: 🦞 Active nodes: 20 | Shards per cycle: 4
2026-02-05 13:31:45 +08:00: 📋 Active sessions: 9
2026-02-05 13:31:45 +08:00: \n🚀 Processing 9 sessions in 1 batches
2026-02-05 13:32:17 +08:00: \n📊 Total sessions in contract: 12
2026-02-05 13:32:18 +08:00: 🦞 Active nodes: 20 | Shards per cycle: 4
2026-02-05 13:32:20 +08:00: 📋 Active sessions: 9
2026-02-05 13:32:20 +08:00: \n🚀 Processing 9 sessions in 1 batches
2026-02-05 13:32:53 +08:00: \n📊 Total sessions in contract: 12
2026-02-05 13:32:53 +08:00: 🦞 Active nodes: 20 | Shards per cycle: 4
2026-02-05 13:32:56 +08:00: 📋 Active sessions: 9
2026-02-05 13:32:56 +08:00: \n🚀 Processing 9 sessions in 1 batches
2026-02-05 13:33:28 +08:00: \n📊 Total sessions in contract: 12
2026-02-05 13:33:29 +08:00: 🦞 Active nodes: 20 | Shards per cycle: 4
2026-02-05 13:33:31 +08:00: 📋 Active sessions: 9
2026-02-05 13:33:31 +08:00: \n🚀 Processing 9 sessions in 1 batches
2026-02-05 13:34:04 +08:00: \n📊 Total sessions in contract: 12
2026-02-05 13:34:04 +08:00: 🦞 Active nodes: 20 | Shards per cycle: 4
2026-02-05 13:34:07 +08:00: 📋 Active sessions: 9
2026-02-05 13:34:07 +08:00: \n🚀 Processing 9 sessions in 1 batches
2026-02-05 13:34:39 +08:00: \n📊 Total sessions in contract: 12
2026-02-05 13:34:39 +08:00: 🦞 Active nodes: 20 | Shards per cycle: 4
2026-02-05 13:34:42 +08:00: 📋 Active sessions: 9
2026-02-05 13:34:42 +08:00: \n🚀 Processing 9 sessions in 1 batches
2026-02-05 13:35:14 +08:00: \n📊 Total sessions in contract: 12
2026-02-05 13:35:15 +08:00: 🦞 Active nodes: 20 | Shards per cycle: 4
2026-02-05 13:35:18 +08:00: 📋 Active sessions: 9
2026-02-05 13:35:18 +08:00: \n🚀 Processing 9 sessions in 1 batches
2026-02-05 13:35:50 +08:00: \n📊 Total sessions in contract: 12
2026-02-05 13:35:50 +08:00: 🦞 Active nodes: 20 | Shards per cycle: 4
2026-02-05 13:35:53 +08:00: 📋 Active sessions: 9
2026-02-05 13:35:53 +08:00: \n🚀 Processing 9 sessions in 1 batches
2026-02-05 13:36:25 +08:00: \n📊 Total sessions in contract: 12
2026-02-05 13:36:26 +08:00: 🦞 Active nodes: 20 | Shards per cycle: 4
2026-02-05 13:36:29 +08:00: 📋 Active sessions: 9
2026-02-05 13:36:29 +08:00: \n🚀 Processing 9 sessions in 1 batches
2026-02-05 13:37:01 +08:00: \n📊 Total sessions in contract: 12
2026-02-05 13:37:01 +08:00: 🦞 Active nodes: 20 | Shards per cycle: 4
2026-02-05 13:37:04 +08:00: 📋 Active sessions: 9
2026-02-05 13:37:04 +08:00: \n🚀 Processing 9 sessions in 1 batches
2026-02-05 13:37:36 +08:00: \n📊 Total sessions in contract: 12
2026-02-05 13:37:37 +08:00: 🦞 Active nodes: 20 | Shards per cycle: 4
2026-02-05 13:37:40 +08:00: 📋 Active sessions: 9
2026-02-05 13:37:40 +08:00: \n🚀 Processing 9 sessions in 1 batches
2026-02-05 13:38:12 +08:00: \n📊 Total sessions in contract: 12
2026-02-05 13:38:12 +08:00: 🦞 Active nodes: 20 | Shards per cycle: 4
2026-02-05 13:38:15 +08:00: 📋 Active sessions: 9
2026-02-05 13:38:15 +08:00: \n🚀 Processing 9 sessions in 1 batches
2026-02-05 13:38:48 +08:00: \n📊 Total sessions in contract: 12
2026-02-05 13:38:48 +08:00: 🦞 Active nodes: 20 | Shards per cycle: 4
2026-02-05 13:38:51 +08:00: 📋 Active sessions: 9
2026-02-05 13:38:51 +08:00: \n🚀 Processing 9 sessions in 1 batches
2026-02-05 13:39:23 +08:00: \n📊 Total sessions in contract: 12
2026-02-05 13:39:24 +08:00: 🦞 Active nodes: 20 | Shards per cycle: 4
2026-02-05 13:39:26 +08:00: 📋 Active sessions: 9
2026-02-05 13:39:26 +08:00: \n🚀 Processing 9 sessions in 1 batches
2026-02-05 13:39:59 +08:00: \n📊 Total sessions in contract: 12
2026-02-05 13:39:59 +08:00: 🦞 Active nodes: 20 | Shards per cycle: 4
2026-02-05 13:40:02 +08:00: 📋 Active sessions: 9
2026-02-05 13:40:02 +08:00: \n🚀 Processing 9 sessions in 1 batches
2026-02-05 13:40:34 +08:00: \n📊 Total sessions in contract: 12
2026-02-05 13:40:35 +08:00: 🦞 Active nodes: 20 | Shards per cycle: 4
2026-02-05 13:40:37 +08:00: 📋 Active sessions: 9
2026-02-05 13:40:37 +08:00: \n🚀 Processing 9 sessions in 1 batches
2026-02-05 13:41:10 +08:00: \n📊 Total sessions in contract: 12
2026-02-05 13:41:10 +08:00: 🦞 Active nodes: 20 | Shards per cycle: 4
2026-02-05 13:41:13 +08:00: 📋 Active sessions: 9
2026-02-05 13:41:13 +08:00: \n🚀 Processing 9 sessions in 1 batches
2026-02-05 13:41:45 +08:00: \n📊 Total sessions in contract: 12
2026-02-05 13:41:46 +08:00: 🦞 Active nodes: 20 | Shards per cycle: 4
2026-02-05 13:41:49 +08:00: 📋 Active sessions: 9
2026-02-05 13:41:49 +08:00: \n🚀 Processing 9 sessions in 1 batches
2026-02-05 13:42:21 +08:00: \n📊 Total sessions in contract: 12
2026-02-05 13:42:21 +08:00: 🦞 Active nodes: 20 | Shards per cycle: 4
2026-02-05 13:42:24 +08:00: 📋 Active sessions: 9
2026-02-05 13:42:24 +08:00: \n🚀 Processing 9 sessions in 1 batches
2026-02-05 13:42:56 +08:00: \n📊 Total sessions in contract: 12
2026-02-05 13:42:57 +08:00: 🦞 Active nodes: 20 | Shards per cycle: 4
2026-02-05 13:43:00 +08:00: 📋 Active sessions: 9
2026-02-05 13:43:00 +08:00: \n🚀 Processing 9 sessions in 1 batches
2026-02-05 13:43:32 +08:00: \n📊 Total sessions in contract: 12
2026-02-05 13:43:32 +08:00: 🦞 Active nodes: 20 | Shards per cycle: 4
2026-02-05 13:43:35 +08:00: 📋 Active sessions: 9
2026-02-05 13:43:35 +08:00: \n🚀 Processing 9 sessions in 1 batches
2026-02-05 13:44:07 +08:00: \n📊 Total sessions in contract: 12
2026-02-05 13:44:08 +08:00: 🦞 Active nodes: 20 | Shards per cycle: 4
2026-02-05 13:44:10 +08:00: 📋 Active sessions: 9
2026-02-05 13:44:10 +08:00: \n🚀 Processing 9 sessions in 1 batches
2026-02-05 13:44:43 +08:00: \n📊 Total sessions in contract: 12
2026-02-05 13:44:43 +08:00: 🦞 Active nodes: 20 | Shards per cycle: 4
2026-02-05 13:44:46 +08:00: 📋 Active sessions: 9
2026-02-05 13:44:46 +08:00: \n🚀 Processing 9 sessions in 1 batches
2026-02-05 13:45:18 +08:00: \n📊 Total sessions in contract: 12
2026-02-05 13:45:19 +08:00: 🦞 Active nodes: 20 | Shards per cycle: 4
2026-02-05 13:45:21 +08:00: 📋 Active sessions: 9
2026-02-05 13:45:21 +08:00: \n🚀 Processing 9 sessions in 1 batches
2026-02-05 13:45:54 +08:00: \n📊 Total sessions in contract: 12
2026-02-05 13:45:54 +08:00: 🦞 Active nodes: 20 | Shards per cycle: 4
2026-02-05 13:45:57 +08:00: 📋 Active sessions: 9
2026-02-05 13:45:57 +08:00: \n🚀 Processing 9 sessions in 1 batches
2026-02-05 13:46:29 +08:00: \n📊 Total sessions in contract: 12
2026-02-05 13:46:30 +08:00: 🦞 Active nodes: 20 | Shards per cycle: 4
2026-02-05 13:46:33 +08:00: 📋 Active sessions: 9
2026-02-05 13:46:33 +08:00: \n🚀 Processing 9 sessions in 1 batches
2026-02-05 13:47:05 +08:00: \n📊 Total sessions in contract: 12
2026-02-05 13:47:05 +08:00: 🦞 Active nodes: 20 | Shards per cycle: 4
2026-02-05 13:47:08 +08:00: 📋 Active sessions: 9
2026-02-05 13:47:08 +08:00: \n🚀 Processing 9 sessions in 1 batches
2026-02-05 13:47:41 +08:00: \n📊 Total sessions in contract: 12
2026-02-05 13:47:41 +08:00: 🦞 Active nodes: 20 | Shards per cycle: 4
2026-02-05 13:47:44 +08:00: 📋 Active sessions: 9
2026-02-05 13:47:44 +08:00: \n🚀 Processing 9 sessions in 1 batches
2026-02-05 13:48:16 +08:00: \n📊 Total sessions in contract: 12
2026-02-05 13:48:16 +08:00: 🦞 Active nodes: 20 | Shards per cycle: 4
2026-02-05 13:48:19 +08:00: 📋 Active sessions: 9
2026-02-05 13:48:19 +08:00: \n🚀 Processing 9 sessions in 1 batches
2026-02-05 13:48:51 +08:00: \n📊 Total sessions in contract: 12
2026-02-05 13:48:52 +08:00: 🦞 Active nodes: 20 | Shards per cycle: 4
2026-02-05 13:48:55 +08:00: 📋 Active sessions: 9
2026-02-05 13:48:55 +08:00: \n🚀 Processing 9 sessions in 1 batches
2026-02-05 13:49:27 +08:00: \n📊 Total sessions in contract: 12
2026-02-05 13:49:27 +08:00: 🦞 Active nodes: 20 | Shards per cycle: 4
2026-02-05 13:49:30 +08:00: 📋 Active sessions: 9
2026-02-05 13:49:30 +08:00: \n🚀 Processing 9 sessions in 1 batches
2026-02-05 13:50:03 +08:00: \n📊 Total sessions in contract: 12
2026-02-05 13:50:03 +08:00: 🦞 Active nodes: 20 | Shards per cycle: 4
2026-02-05 13:50:06 +08:00: 📋 Active sessions: 9
2026-02-05 13:50:06 +08:00: \n🚀 Processing 9 sessions in 1 batches
2026-02-05 13:50:38 +08:00: \n📊 Total sessions in contract: 12
2026-02-05 13:50:39 +08:00: 🦞 Active nodes: 20 | Shards per cycle: 4
2026-02-05 13:50:41 +08:00: 📋 Active sessions: 9
2026-02-05 13:50:41 +08:00: \n🚀 Processing 9 sessions in 1 batches
2026-02-05 13:51:14 +08:00: \n📊 Total sessions in contract: 12
2026-02-05 13:51:14 +08:00: 🦞 Active nodes: 20 | Shards per cycle: 4
2026-02-05 13:51:17 +08:00: 📋 Active sessions: 9
2026-02-05 13:51:17 +08:00: \n🚀 Processing 9 sessions in 1 batches
2026-02-05 13:51:50 +08:00: \n📊 Total sessions in contract: 12
2026-02-05 13:51:50 +08:00: 🦞 Active nodes: 20 | Shards per cycle: 4
2026-02-05 13:51:53 +08:00: 📋 Active sessions: 9
2026-02-05 13:51:53 +08:00: \n🚀 Processing 9 sessions in 1 batches
2026-02-05 13:52:25 +08:00: \n📊 Total sessions in contract: 12
2026-02-05 13:52:25 +08:00: 🦞 Active nodes: 20 | Shards per cycle: 4
2026-02-05 13:52:28 +08:00: 📋 Active sessions: 9
2026-02-05 13:52:28 +08:00: \n🚀 Processing 9 sessions in 1 batches
2026-02-05 13:53:01 +08:00: \n📊 Total sessions in contract: 12
2026-02-05 13:53:01 +08:00: 🦞 Active nodes: 20 | Shards per cycle: 4
2026-02-05 13:53:04 +08:00: 📋 Active sessions: 9
2026-02-05 13:53:04 +08:00: \n🚀 Processing 9 sessions in 1 batches
2026-02-05 13:53:36 +08:00: \n📊 Total sessions in contract: 12
2026-02-05 13:53:37 +08:00: 🦞 Active nodes: 20 | Shards per cycle: 4
2026-02-05 13:53:39 +08:00: 📋 Active sessions: 9
2026-02-05 13:53:39 +08:00: \n🚀 Processing 9 sessions in 1 batches
2026-02-05 13:54:12 +08:00: \n📊 Total sessions in contract: 12
2026-02-05 13:54:12 +08:00: 🦞 Active nodes: 20 | Shards per cycle: 4
2026-02-05 13:54:15 +08:00: 📋 Active sessions: 9
2026-02-05 13:54:15 +08:00: \n🚀 Processing 9 sessions in 1 batches
2026-02-05 13:54:47 +08:00: \n📊 Total sessions in contract: 12
2026-02-05 13:54:48 +08:00: 🦞 Active nodes: 20 | Shards per cycle: 4
2026-02-05 13:54:50 +08:00: 📋 Active sessions: 9
2026-02-05 13:54:50 +08:00: \n🚀 Processing 9 sessions in 1 batches
2026-02-05 13:55:23 +08:00: \n📊 Total sessions in contract: 12
2026-02-05 13:55:23 +08:00: 🦞 Active nodes: 20 | Shards per cycle: 4
2026-02-05 13:55:26 +08:00: 📋 Active sessions: 9
2026-02-05 13:55:26 +08:00: \n🚀 Processing 9 sessions in 1 batches
2026-02-05 13:56:07 +08:00: \n📊 Total sessions in contract: 12
2026-02-05 13:56:08 +08:00: 🦞 Active nodes: 20 | Shards per cycle: 4
2026-02-05 13:56:10 +08:00: 📋 Active sessions: 9
2026-02-05 13:56:10 +08:00: \n🚀 Processing 9 sessions in 1 batches
2026-02-05 13:56:43 +08:00: \n📊 Total sessions in contract: 12
2026-02-05 13:56:43 +08:00: 🦞 Active nodes: 20 | Shards per cycle: 4
2026-02-05 13:56:46 +08:00: 📋 Active sessions: 9
2026-02-05 13:56:46 +08:00: \n🚀 Processing 9 sessions in 1 batches
2026-02-05 13:57:18 +08:00: \n📊 Total sessions in contract: 12
2026-02-05 13:57:19 +08:00: 🦞 Active nodes: 20 | Shards per cycle: 4
2026-02-05 13:57:22 +08:00: 📋 Active sessions: 9
2026-02-05 13:57:22 +08:00: \n🚀 Processing 9 sessions in 1 batches
2026-02-05 13:57:54 +08:00: \n📊 Total sessions in contract: 12
2026-02-05 13:57:54 +08:00: 🦞 Active nodes: 20 | Shards per cycle: 4
2026-02-05 13:57:57 +08:00: 📋 Active sessions: 9
2026-02-05 13:57:57 +08:00: \n🚀 Processing 9 sessions in 1 batches
2026-02-05 13:58:29 +08:00: \n📊 Total sessions in contract: 12
2026-02-05 13:58:30 +08:00: 🦞 Active nodes: 20 | Shards per cycle: 4
2026-02-05 13:58:32 +08:00: 📋 Active sessions: 9
2026-02-05 13:58:32 +08:00: \n🚀 Processing 9 sessions in 1 batches
2026-02-05 13:59:05 +08:00: \n📊 Total sessions in contract: 12
2026-02-05 13:59:05 +08:00: 🦞 Active nodes: 20 | Shards per cycle: 4
2026-02-05 13:59:08 +08:00: 📋 Active sessions: 9
2026-02-05 13:59:08 +08:00: \n🚀 Processing 9 sessions in 1 batches
2026-02-05 13:59:40 +08:00: \n📊 Total sessions in contract: 12
2026-02-05 13:59:41 +08:00: 🦞 Active nodes: 20 | Shards per cycle: 4
2026-02-05 13:59:43 +08:00: 📋 Active sessions: 9
2026-02-05 13:59:43 +08:00: \n🚀 Processing 9 sessions in 1 batches
2026-02-05 14:00:16 +08:00: \n📊 Total sessions in contract: 12
2026-02-05 14:00:16 +08:00: 🦞 Active nodes: 20 | Shards per cycle: 4
2026-02-05 14:00:19 +08:00: 📋 Active sessions: 9
2026-02-05 14:00:19 +08:00: \n🚀 Processing 9 sessions in 1 batches
2026-02-05 14:00:51 +08:00: \n📊 Total sessions in contract: 12
2026-02-05 14:00:52 +08:00: 🦞 Active nodes: 20 | Shards per cycle: 4
2026-02-05 14:00:55 +08:00: 📋 Active sessions: 9
2026-02-05 14:00:55 +08:00: \n🚀 Processing 9 sessions in 1 batches
2026-02-05 14:01:27 +08:00: \n📊 Total sessions in contract: 12
2026-02-05 14:01:27 +08:00: 🦞 Active nodes: 20 | Shards per cycle: 4
2026-02-05 14:01:30 +08:00: 📋 Active sessions: 9
2026-02-05 14:01:30 +08:00: \n🚀 Processing 9 sessions in 1 batches
2026-02-05 14:02:02 +08:00: \n📊 Total sessions in contract: 12
2026-02-05 14:02:03 +08:00: 🦞 Active nodes: 20 | Shards per cycle: 4
2026-02-05 14:02:06 +08:00: 📋 Active sessions: 9
2026-02-05 14:02:06 +08:00: \n🚀 Processing 9 sessions in 1 batches
2026-02-05 14:02:38 +08:00: \n📊 Total sessions in contract: 12
2026-02-05 14:02:38 +08:00: 🦞 Active nodes: 20 | Shards per cycle: 4
2026-02-05 14:02:41 +08:00: 📋 Active sessions: 9
2026-02-05 14:02:41 +08:00: \n🚀 Processing 9 sessions in 1 batches
2026-02-05 14:03:14 +08:00: \n📊 Total sessions in contract: 12
2026-02-05 14:03:14 +08:00: 🦞 Active nodes: 20 | Shards per cycle: 4
2026-02-05 14:03:17 +08:00: 📋 Active sessions: 9
2026-02-05 14:03:17 +08:00: \n🚀 Processing 9 sessions in 1 batches
2026-02-05 14:03:49 +08:00: \n📊 Total sessions in contract: 12
2026-02-05 14:03:50 +08:00: 🦞 Active nodes: 20 | Shards per cycle: 4
2026-02-05 14:03:52 +08:00: 📋 Active sessions: 9
2026-02-05 14:03:52 +08:00: \n🚀 Processing 9 sessions in 1 batches
2026-02-05 14:04:25 +08:00: \n📊 Total sessions in contract: 12
2026-02-05 14:04:25 +08:00: 🦞 Active nodes: 20 | Shards per cycle: 4
2026-02-05 14:04:28 +08:00: 📋 Active sessions: 9
2026-02-05 14:04:28 +08:00: \n🚀 Processing 9 sessions in 1 batches
2026-02-05 14:05:00 +08:00: \n📊 Total sessions in contract: 12
2026-02-05 14:05:01 +08:00: 🦞 Active nodes: 20 | Shards per cycle: 4
2026-02-05 14:05:04 +08:00: 📋 Active sessions: 9
2026-02-05 14:05:04 +08:00: \n🚀 Processing 9 sessions in 1 batches
2026-02-05 14:05:36 +08:00: \n📊 Total sessions in contract: 12
2026-02-05 14:05:36 +08:00: 🦞 Active nodes: 20 | Shards per cycle: 4
2026-02-05 14:05:39 +08:00: 📋 Active sessions: 9
2026-02-05 14:05:39 +08:00: \n🚀 Processing 9 sessions in 1 batches
2026-02-05 14:06:12 +08:00: \n📊 Total sessions in contract: 12
2026-02-05 14:06:12 +08:00: 🦞 Active nodes: 20 | Shards per cycle: 4
2026-02-05 14:06:15 +08:00: 📋 Active sessions: 9
2026-02-05 14:06:15 +08:00: \n🚀 Processing 9 sessions in 1 batches
2026-02-05 14:06:47 +08:00: \n📊 Total sessions in contract: 12
2026-02-05 14:06:48 +08:00: 🦞 Active nodes: 20 | Shards per cycle: 4
2026-02-05 14:06:50 +08:00: 📋 Active sessions: 9
2026-02-05 14:06:50 +08:00: \n🚀 Processing 9 sessions in 1 batches
2026-02-05 14:07:23 +08:00: \n📊 Total sessions in contract: 12
2026-02-05 14:07:23 +08:00: 🦞 Active nodes: 20 | Shards per cycle: 4
2026-02-05 14:07:26 +08:00: 📋 Active sessions: 9
2026-02-05 14:07:26 +08:00: \n🚀 Processing 9 sessions in 1 batches
2026-02-05 14:07:58 +08:00: \n📊 Total sessions in contract: 12
2026-02-05 14:07:59 +08:00: 🦞 Active nodes: 20 | Shards per cycle: 4
2026-02-05 14:08:01 +08:00: 📋 Active sessions: 9
2026-02-05 14:08:01 +08:00: \n🚀 Processing 9 sessions in 1 batches
2026-02-05 14:08:34 +08:00: \n📊 Total sessions in contract: 12
2026-02-05 14:08:34 +08:00: 🦞 Active nodes: 20 | Shards per cycle: 4
2026-02-05 14:08:37 +08:00: 📋 Active sessions: 9
2026-02-05 14:08:37 +08:00: \n🚀 Processing 9 sessions in 1 batches
2026-02-05 14:09:10 +08:00: \n📊 Total sessions in contract: 12
2026-02-05 14:09:10 +08:00: 🦞 Active nodes: 20 | Shards per cycle: 4
2026-02-05 14:09:13 +08:00: 📋 Active sessions: 9
2026-02-05 14:09:13 +08:00: \n🚀 Processing 9 sessions in 1 batches
2026-02-05 14:09:45 +08:00: \n📊 Total sessions in contract: 12
2026-02-05 14:09:46 +08:00: 🦞 Active nodes: 20 | Shards per cycle: 4
2026-02-05 14:09:49 +08:00: 📋 Active sessions: 9
2026-02-05 14:09:49 +08:00: \n🚀 Processing 9 sessions in 1 batches
2026-02-05 14:10:21 +08:00: \n📊 Total sessions in contract: 12
2026-02-05 14:10:21 +08:00: 🦞 Active nodes: 20 | Shards per cycle: 4
2026-02-05 14:10:24 +08:00: 📋 Active sessions: 9
2026-02-05 14:10:24 +08:00: \n🚀 Processing 9 sessions in 1 batches
2026-02-05 14:10:57 +08:00: \n📊 Total sessions in contract: 12
2026-02-05 14:10:57 +08:00: 🦞 Active nodes: 20 | Shards per cycle: 4
2026-02-05 14:11:00 +08:00: 📋 Active sessions: 9
2026-02-05 14:11:00 +08:00: \n🚀 Processing 9 sessions in 1 batches
2026-02-05 14:11:32 +08:00: \n📊 Total sessions in contract: 12
2026-02-05 14:11:33 +08:00: 🦞 Active nodes: 20 | Shards per cycle: 4
2026-02-05 14:11:35 +08:00: 📋 Active sessions: 9
2026-02-05 14:11:35 +08:00: \n🚀 Processing 9 sessions in 1 batches
2026-02-05 14:12:08 +08:00: \n📊 Total sessions in contract: 12
2026-02-05 14:12:08 +08:00: 🦞 Active nodes: 20 | Shards per cycle: 4
2026-02-05 14:12:11 +08:00: 📋 Active sessions: 9
2026-02-05 14:12:11 +08:00: \n🚀 Processing 9 sessions in 1 batches
2026-02-05 14:12:43 +08:00: \n📊 Total sessions in contract: 12
2026-02-05 14:12:44 +08:00: 🦞 Active nodes: 20 | Shards per cycle: 4
2026-02-05 14:12:46 +08:00: 📋 Active sessions: 9
2026-02-05 14:12:46 +08:00: \n🚀 Processing 9 sessions in 1 batches
2026-02-05 14:13:19 +08:00: \n📊 Total sessions in contract: 12
2026-02-05 14:13:19 +08:00: 🦞 Active nodes: 20 | Shards per cycle: 4
2026-02-05 14:13:22 +08:00: 📋 Active sessions: 9
2026-02-05 14:13:22 +08:00: \n🚀 Processing 9 sessions in 1 batches
2026-02-05 14:13:54 +08:00: \n📊 Total sessions in contract: 12
2026-02-05 14:13:55 +08:00: 🦞 Active nodes: 20 | Shards per cycle: 4
2026-02-05 14:13:57 +08:00: 📋 Active sessions: 9
2026-02-05 14:13:57 +08:00: \n🚀 Processing 9 sessions in 1 batches
2026-02-05 14:14:30 +08:00: \n📊 Total sessions in contract: 12
2026-02-05 14:14:30 +08:00: 🦞 Active nodes: 20 | Shards per cycle: 4
2026-02-05 14:14:33 +08:00: 📋 Active sessions: 9
2026-02-05 14:14:33 +08:00: \n🚀 Processing 9 sessions in 1 batches
2026-02-05 14:15:05 +08:00: \n📊 Total sessions in contract: 12
2026-02-05 14:15:05 +08:00: 🦞 Active nodes: 20 | Shards per cycle: 4
2026-02-05 14:15:08 +08:00: 📋 Active sessions: 9
2026-02-05 14:15:08 +08:00: \n🚀 Processing 9 sessions in 1 batches
2026-02-05 14:15:41 +08:00: \n📊 Total sessions in contract: 12
2026-02-05 14:15:41 +08:00: 🦞 Active nodes: 20 | Shards per cycle: 4
2026-02-05 14:15:44 +08:00: 📋 Active sessions: 9
2026-02-05 14:15:44 +08:00: \n🚀 Processing 9 sessions in 1 batches
2026-02-05 14:16:16 +08:00: \n📊 Total sessions in contract: 12
2026-02-05 14:16:17 +08:00: 🦞 Active nodes: 20 | Shards per cycle: 4
2026-02-05 14:16:19 +08:00: 📋 Active sessions: 9
2026-02-05 14:16:19 +08:00: \n🚀 Processing 9 sessions in 1 batches
2026-02-05 14:16:52 +08:00: \n📊 Total sessions in contract: 12
2026-02-05 14:16:52 +08:00: 🦞 Active nodes: 20 | Shards per cycle: 4
2026-02-05 14:16:55 +08:00: 📋 Active sessions: 9
2026-02-05 14:16:55 +08:00: \n🚀 Processing 9 sessions in 1 batches
2026-02-05 14:17:27 +08:00: \n📊 Total sessions in contract: 12
2026-02-05 14:17:28 +08:00: 🦞 Active nodes: 20 | Shards per cycle: 4
2026-02-05 14:17:30 +08:00: 📋 Active sessions: 9
2026-02-05 14:17:30 +08:00: \n🚀 Processing 9 sessions in 1 batches
2026-02-05 14:18:03 +08:00: \n📊 Total sessions in contract: 12
2026-02-05 14:18:03 +08:00: 🦞 Active nodes: 20 | Shards per cycle: 4
2026-02-05 14:18:06 +08:00: 📋 Active sessions: 9
2026-02-05 14:18:06 +08:00: \n🚀 Processing 9 sessions in 1 batches
2026-02-05 14:18:38 +08:00: \n📊 Total sessions in contract: 12
2026-02-05 14:18:39 +08:00: 🦞 Active nodes: 20 | Shards per cycle: 4
2026-02-05 14:18:42 +08:00: 📋 Active sessions: 9
2026-02-05 14:18:42 +08:00: \n🚀 Processing 9 sessions in 1 batches
2026-02-05 14:19:14 +08:00: \n📊 Total sessions in contract: 12
2026-02-05 14:19:14 +08:00: 🦞 Active nodes: 20 | Shards per cycle: 4
2026-02-05 14:19:17 +08:00: 📋 Active sessions: 9
2026-02-05 14:19:17 +08:00: \n🚀 Processing 9 sessions in 1 batches
2026-02-05 14:19:50 +08:00: \n📊 Total sessions in contract: 12
2026-02-05 14:19:50 +08:00: 🦞 Active nodes: 20 | Shards per cycle: 4
2026-02-05 14:19:53 +08:00: 📋 Active sessions: 9
2026-02-05 14:19:53 +08:00: \n🚀 Processing 9 sessions in 1 batches
2026-02-05 14:20:25 +08:00: \n📊 Total sessions in contract: 12
2026-02-05 14:20:25 +08:00: 🦞 Active nodes: 20 | Shards per cycle: 4
2026-02-05 14:20:28 +08:00: 📋 Active sessions: 9
2026-02-05 14:20:28 +08:00: \n🚀 Processing 9 sessions in 1 batches
2026-02-05 14:21:01 +08:00: \n📊 Total sessions in contract: 12
2026-02-05 14:21:01 +08:00: 🦞 Active nodes: 20 | Shards per cycle: 4
2026-02-05 14:21:04 +08:00: 📋 Active sessions: 9
2026-02-05 14:21:04 +08:00: \n🚀 Processing 9 sessions in 1 batches
2026-02-05 14:21:36 +08:00: \n📊 Total sessions in contract: 12
2026-02-05 14:21:36 +08:00: 🦞 Active nodes: 20 | Shards per cycle: 4
2026-02-05 14:21:39 +08:00: 📋 Active sessions: 9
2026-02-05 14:21:39 +08:00: \n🚀 Processing 9 sessions in 1 batches
2026-02-05 14:22:12 +08:00: \n📊 Total sessions in contract: 12
2026-02-05 14:22:12 +08:00: 🦞 Active nodes: 20 | Shards per cycle: 4
2026-02-05 14:22:15 +08:00: 📋 Active sessions: 9
2026-02-05 14:22:15 +08:00: \n🚀 Processing 9 sessions in 1 batches
2026-02-05 14:22:47 +08:00: \n📊 Total sessions in contract: 12
2026-02-05 14:22:48 +08:00: 🦞 Active nodes: 20 | Shards per cycle: 4
2026-02-05 14:22:50 +08:00: 📋 Active sessions: 9
2026-02-05 14:22:50 +08:00: \n🚀 Processing 9 sessions in 1 batches
2026-02-05 14:23:23 +08:00: \n📊 Total sessions in contract: 12
2026-02-05 14:23:23 +08:00: 🦞 Active nodes: 20 | Shards per cycle: 4
2026-02-05 14:23:26 +08:00: 📋 Active sessions: 9
2026-02-05 14:23:26 +08:00: \n🚀 Processing 9 sessions in 1 batches
2026-02-05 14:23:58 +08:00: \n📊 Total sessions in contract: 12
2026-02-05 14:23:59 +08:00: 🦞 Active nodes: 20 | Shards per cycle: 4
2026-02-05 14:24:01 +08:00: 📋 Active sessions: 9
2026-02-05 14:24:01 +08:00: \n🚀 Processing 9 sessions in 1 batches
2026-02-05 14:24:34 +08:00: \n📊 Total sessions in contract: 12
2026-02-05 14:24:34 +08:00: 🦞 Active nodes: 20 | Shards per cycle: 4
2026-02-05 14:24:37 +08:00: 📋 Active sessions: 9
2026-02-05 14:24:37 +08:00: \n🚀 Processing 9 sessions in 1 batches
2026-02-05 14:25:09 +08:00: \n📊 Total sessions in contract: 12
2026-02-05 14:25:10 +08:00: 🦞 Active nodes: 20 | Shards per cycle: 4
2026-02-05 14:25:13 +08:00: 📋 Active sessions: 9
2026-02-05 14:25:13 +08:00: \n🚀 Processing 9 sessions in 1 batches
2026-02-05 14:25:45 +08:00: \n📊 Total sessions in contract: 12
2026-02-05 14:25:45 +08:00: 🦞 Active nodes: 20 | Shards per cycle: 4
2026-02-05 14:25:48 +08:00: 📋 Active sessions: 9
2026-02-05 14:25:48 +08:00: \n🚀 Processing 9 sessions in 1 batches
2026-02-05 14:26:21 +08:00: \n📊 Total sessions in contract: 12
2026-02-05 14:26:21 +08:00: 🦞 Active nodes: 20 | Shards per cycle: 4
2026-02-05 14:26:24 +08:00: 📋 Active sessions: 9
2026-02-05 14:26:24 +08:00: \n🚀 Processing 9 sessions in 1 batches
2026-02-05 14:26:57 +08:00: \n📊 Total sessions in contract: 12
2026-02-05 14:26:57 +08:00: 🦞 Active nodes: 20 | Shards per cycle: 4
2026-02-05 14:27:00 +08:00: 📋 Active sessions: 9
2026-02-05 14:27:00 +08:00: \n🚀 Processing 9 sessions in 1 batches
2026-02-05 14:27:32 +08:00: \n📊 Total sessions in contract: 12
2026-02-05 14:27:33 +08:00: 🦞 Active nodes: 20 | Shards per cycle: 4
2026-02-05 14:27:35 +08:00: 📋 Active sessions: 9
2026-02-05 14:27:35 +08:00: \n🚀 Processing 9 sessions in 1 batches
2026-02-05 14:28:08 +08:00: \n📊 Total sessions in contract: 12
2026-02-05 14:28:08 +08:00: 🦞 Active nodes: 20 | Shards per cycle: 4
2026-02-05 14:28:11 +08:00: 📋 Active sessions: 9
2026-02-05 14:28:11 +08:00: \n🚀 Processing 9 sessions in 1 batches
2026-02-05 14:28:43 +08:00: \n📊 Total sessions in contract: 12
2026-02-05 14:28:44 +08:00: 🦞 Active nodes: 20 | Shards per cycle: 4
2026-02-05 14:28:46 +08:00: 📋 Active sessions: 9
2026-02-05 14:28:46 +08:00: \n🚀 Processing 9 sessions in 1 batches
2026-02-05 14:29:19 +08:00: \n📊 Total sessions in contract: 12
2026-02-05 14:29:19 +08:00: 🦞 Active nodes: 20 | Shards per cycle: 4
2026-02-05 14:29:22 +08:00: 📋 Active sessions: 9
2026-02-05 14:29:22 +08:00: \n🚀 Processing 9 sessions in 1 batches
2026-02-05 14:29:54 +08:00: \n📊 Total sessions in contract: 12
2026-02-05 14:29:55 +08:00: 🦞 Active nodes: 20 | Shards per cycle: 4
2026-02-05 14:29:57 +08:00: 📋 Active sessions: 9
2026-02-05 14:29:57 +08:00: \n🚀 Processing 9 sessions in 1 batches
2026-02-05 14:30:30 +08:00: \n📊 Total sessions in contract: 12
2026-02-05 14:30:30 +08:00: 🦞 Active nodes: 20 | Shards per cycle: 4
2026-02-05 14:30:33 +08:00: 📋 Active sessions: 9
2026-02-05 14:30:33 +08:00: \n🚀 Processing 9 sessions in 1 batches
2026-02-05 14:31:05 +08:00: \n📊 Total sessions in contract: 12
2026-02-05 14:31:06 +08:00: 🦞 Active nodes: 20 | Shards per cycle: 4
2026-02-05 14:31:09 +08:00: 📋 Active sessions: 9
2026-02-05 14:31:09 +08:00: \n🚀 Processing 9 sessions in 1 batches
2026-02-05 14:31:41 +08:00: \n📊 Total sessions in contract: 12
2026-02-05 14:31:41 +08:00: 🦞 Active nodes: 20 | Shards per cycle: 4
2026-02-05 14:31:44 +08:00: 📋 Active sessions: 9
2026-02-05 14:31:44 +08:00: \n🚀 Processing 9 sessions in 1 batches
2026-02-05 14:32:17 +08:00: \n📊 Total sessions in contract: 12
2026-02-05 14:32:17 +08:00: 🦞 Active nodes: 20 | Shards per cycle: 4
2026-02-05 14:32:20 +08:00: 📋 Active sessions: 9
2026-02-05 14:32:20 +08:00: \n🚀 Processing 9 sessions in 1 batches
2026-02-05 14:32:52 +08:00: \n📊 Total sessions in contract: 12
2026-02-05 14:32:53 +08:00: 🦞 Active nodes: 20 | Shards per cycle: 4
2026-02-05 14:32:56 +08:00: 📋 Active sessions: 9
2026-02-05 14:32:56 +08:00: \n🚀 Processing 9 sessions in 1 batches
2026-02-05 14:33:28 +08:00: \n📊 Total sessions in contract: 12
2026-02-05 14:33:28 +08:00: 🦞 Active nodes: 20 | Shards per cycle: 4
2026-02-05 14:33:31 +08:00: 📋 Active sessions: 9
2026-02-05 14:33:31 +08:00: \n🚀 Processing 9 sessions in 1 batches
2026-02-05 14:34:04 +08:00: \n📊 Total sessions in contract: 12
2026-02-05 14:34:04 +08:00: 🦞 Active nodes: 20 | Shards per cycle: 4
2026-02-05 14:34:07 +08:00: 📋 Active sessions: 9
2026-02-05 14:34:07 +08:00: \n🚀 Processing 9 sessions in 1 batches
2026-02-05 14:34:39 +08:00: \n📊 Total sessions in contract: 12
2026-02-05 14:34:40 +08:00: 🦞 Active nodes: 20 | Shards per cycle: 4
2026-02-05 14:34:42 +08:00: 📋 Active sessions: 9
2026-02-05 14:34:42 +08:00: \n🚀 Processing 9 sessions in 1 batches
2026-02-05 14:35:15 +08:00: \n📊 Total sessions in contract: 12
2026-02-05 14:35:15 +08:00: 🦞 Active nodes: 20 | Shards per cycle: 4
2026-02-05 14:35:18 +08:00: 📋 Active sessions: 9
2026-02-05 14:35:18 +08:00: \n🚀 Processing 9 sessions in 1 batches
2026-02-05 14:35:50 +08:00: \n📊 Total sessions in contract: 12
2026-02-05 14:35:51 +08:00: 🦞 Active nodes: 20 | Shards per cycle: 4
2026-02-05 14:35:54 +08:00: 📋 Active sessions: 9
2026-02-05 14:35:54 +08:00: \n🚀 Processing 9 sessions in 1 batches
2026-02-05 14:36:26 +08:00: \n📊 Total sessions in contract: 12
2026-02-05 14:36:27 +08:00: 🦞 Active nodes: 20 | Shards per cycle: 4
2026-02-05 14:36:29 +08:00: 📋 Active sessions: 9
2026-02-05 14:36:29 +08:00: \n🚀 Processing 9 sessions in 1 batches
2026-02-05 14:37:02 +08:00: \n📊 Total sessions in contract: 12
2026-02-05 14:37:02 +08:00: 🦞 Active nodes: 20 | Shards per cycle: 4
2026-02-05 14:37:05 +08:00: 📋 Active sessions: 9
2026-02-05 14:37:05 +08:00: \n🚀 Processing 9 sessions in 1 batches
2026-02-05 14:37:37 +08:00: \n📊 Total sessions in contract: 12
2026-02-05 14:37:38 +08:00: 🦞 Active nodes: 20 | Shards per cycle: 4
2026-02-05 14:37:40 +08:00: 📋 Active sessions: 9
2026-02-05 14:37:40 +08:00: \n🚀 Processing 9 sessions in 1 batches
2026-02-05 14:38:13 +08:00: \n📊 Total sessions in contract: 12
2026-02-05 14:38:13 +08:00: 🦞 Active nodes: 20 | Shards per cycle: 4
2026-02-05 14:38:16 +08:00: 📋 Active sessions: 9
2026-02-05 14:38:16 +08:00: \n🚀 Processing 9 sessions in 1 batches
2026-02-05 14:38:48 +08:00: \n📊 Total sessions in contract: 12
2026-02-05 14:38:49 +08:00: 🦞 Active nodes: 20 | Shards per cycle: 4
2026-02-05 14:38:51 +08:00: 📋 Active sessions: 9
2026-02-05 14:38:51 +08:00: \n🚀 Processing 9 sessions in 1 batches
2026-02-05 14:39:24 +08:00: \n📊 Total sessions in contract: 12
2026-02-05 14:39:25 +08:00: 🦞 Active nodes: 20 | Shards per cycle: 4
2026-02-05 14:39:28 +08:00: 📋 Active sessions: 9
2026-02-05 14:39:28 +08:00: \n🚀 Processing 9 sessions in 1 batches
2026-02-05 14:40:01 +08:00: \n📊 Total sessions in contract: 12
2026-02-05 14:40:01 +08:00: 🦞 Active nodes: 20 | Shards per cycle: 4
2026-02-05 14:40:04 +08:00: 📋 Active sessions: 9
2026-02-05 14:40:04 +08:00: \n🚀 Processing 9 sessions in 1 batches
2026-02-05 14:40:36 +08:00: \n📊 Total sessions in contract: 12
2026-02-05 14:40:37 +08:00: 🦞 Active nodes: 20 | Shards per cycle: 4
2026-02-05 14:40:39 +08:00: 📋 Active sessions: 9
2026-02-05 14:40:39 +08:00: \n🚀 Processing 9 sessions in 1 batches
2026-02-05 14:41:12 +08:00: \n📊 Total sessions in contract: 12
2026-02-05 14:41:12 +08:00: 🦞 Active nodes: 20 | Shards per cycle: 4
2026-02-05 14:41:15 +08:00: 📋 Active sessions: 9
2026-02-05 14:41:15 +08:00: \n🚀 Processing 9 sessions in 1 batches
2026-02-05 14:41:47 +08:00: \n📊 Total sessions in contract: 12
2026-02-05 14:41:48 +08:00: 🦞 Active nodes: 20 | Shards per cycle: 4
2026-02-05 14:41:50 +08:00: 📋 Active sessions: 9
2026-02-05 14:41:50 +08:00: \n🚀 Processing 9 sessions in 1 batches
2026-02-05 14:42:23 +08:00: \n📊 Total sessions in contract: 12
2026-02-05 14:42:23 +08:00: 🦞 Active nodes: 20 | Shards per cycle: 4
2026-02-05 14:42:26 +08:00: 📋 Active sessions: 9
2026-02-05 14:42:26 +08:00: \n🚀 Processing 9 sessions in 1 batches
2026-02-05 14:42:58 +08:00: \n📊 Total sessions in contract: 12
2026-02-05 14:42:59 +08:00: 🦞 Active nodes: 20 | Shards per cycle: 4
2026-02-05 14:43:01 +08:00: 📋 Active sessions: 9
2026-02-05 14:43:01 +08:00: \n🚀 Processing 9 sessions in 1 batches
2026-02-05 14:43:34 +08:00: \n📊 Total sessions in contract: 12
2026-02-05 14:43:34 +08:00: 🦞 Active nodes: 20 | Shards per cycle: 4
2026-02-05 14:43:37 +08:00: 📋 Active sessions: 9
2026-02-05 14:43:37 +08:00: \n🚀 Processing 9 sessions in 1 batches
2026-02-05 14:44:09 +08:00: \n📊 Total sessions in contract: 12
2026-02-05 14:44:10 +08:00: 🦞 Active nodes: 20 | Shards per cycle: 4
2026-02-05 14:44:12 +08:00: 📋 Active sessions: 9
2026-02-05 14:44:12 +08:00: \n🚀 Processing 9 sessions in 1 batches
2026-02-05 14:44:45 +08:00: \n📊 Total sessions in contract: 12
2026-02-05 14:44:45 +08:00: 🦞 Active nodes: 20 | Shards per cycle: 4
2026-02-05 14:44:48 +08:00: 📋 Active sessions: 9
2026-02-05 14:44:48 +08:00: \n🚀 Processing 9 sessions in 1 batches
2026-02-05 14:45:20 +08:00: \n📊 Total sessions in contract: 12
2026-02-05 14:45:21 +08:00: 🦞 Active nodes: 20 | Shards per cycle: 4
2026-02-05 14:45:23 +08:00: 📋 Active sessions: 9
2026-02-05 14:45:23 +08:00: \n🚀 Processing 9 sessions in 1 batches
2026-02-05 14:45:56 +08:00: \n📊 Total sessions in contract: 12
2026-02-05 14:45:56 +08:00: 🦞 Active nodes: 20 | Shards per cycle: 4
2026-02-05 14:45:59 +08:00: 📋 Active sessions: 9
2026-02-05 14:45:59 +08:00: \n🚀 Processing 9 sessions in 1 batches
2026-02-05 14:46:31 +08:00: \n📊 Total sessions in contract: 12
2026-02-05 14:46:32 +08:00: 🦞 Active nodes: 20 | Shards per cycle: 4
2026-02-05 14:46:34 +08:00: 📋 Active sessions: 9
2026-02-05 14:46:34 +08:00: \n🚀 Processing 9 sessions in 1 batches
2026-02-05 14:47:07 +08:00: \n📊 Total sessions in contract: 12
2026-02-05 14:47:07 +08:00: 🦞 Active nodes: 20 | Shards per cycle: 4
2026-02-05 14:47:10 +08:00: 📋 Active sessions: 9
2026-02-05 14:47:10 +08:00: \n🚀 Processing 9 sessions in 1 batches
2026-02-05 14:47:42 +08:00: \n📊 Total sessions in contract: 12
2026-02-05 14:47:43 +08:00: 🦞 Active nodes: 20 | Shards per cycle: 4
2026-02-05 14:47:45 +08:00: 📋 Active sessions: 9
2026-02-05 14:47:45 +08:00: \n🚀 Processing 9 sessions in 1 batches
2026-02-05 14:48:18 +08:00: \n📊 Total sessions in contract: 12
2026-02-05 14:48:18 +08:00: 🦞 Active nodes: 20 | Shards per cycle: 4
2026-02-05 14:48:21 +08:00: 📋 Active sessions: 9
2026-02-05 14:48:21 +08:00: \n🚀 Processing 9 sessions in 1 batches
2026-02-05 14:48:53 +08:00: \n📊 Total sessions in contract: 12
2026-02-05 14:48:54 +08:00: 🦞 Active nodes: 20 | Shards per cycle: 4
2026-02-05 14:48:56 +08:00: 📋 Active sessions: 9
2026-02-05 14:48:56 +08:00: \n🚀 Processing 9 sessions in 1 batches
2026-02-05 14:49:29 +08:00: \n📊 Total sessions in contract: 12
2026-02-05 14:49:29 +08:00: 🦞 Active nodes: 20 | Shards per cycle: 4
2026-02-05 14:49:32 +08:00: 📋 Active sessions: 9
2026-02-05 14:49:32 +08:00: \n🚀 Processing 9 sessions in 1 batches
2026-02-05 14:50:05 +08:00: \n📊 Total sessions in contract: 12
2026-02-05 14:50:05 +08:00: 🦞 Active nodes: 20 | Shards per cycle: 4
2026-02-05 14:50:08 +08:00: 📋 Active sessions: 9
2026-02-05 14:50:08 +08:00: \n🚀 Processing 9 sessions in 1 batches
2026-02-05 14:50:40 +08:00: \n📊 Total sessions in contract: 12
2026-02-05 14:50:41 +08:00: 🦞 Active nodes: 20 | Shards per cycle: 4
2026-02-05 14:50:44 +08:00: 📋 Active sessions: 9
2026-02-05 14:50:44 +08:00: \n🚀 Processing 9 sessions in 1 batches
2026-02-05 15:06:34 +08:00: \n📊 Total sessions in contract: 12
2026-02-05 15:06:34 +08:00: 🦞 Active nodes: 20 | Shards per cycle: 4
2026-02-05 15:06:37 +08:00: 📋 Active sessions: 9
2026-02-05 15:06:37 +08:00: \n🚀 Processing 9 sessions in 1 batches
2026-02-05 15:07:10 +08:00: \n📊 Total sessions in contract: 12
2026-02-05 15:07:10 +08:00: 🦞 Active nodes: 20 | Shards per cycle: 4
2026-02-05 15:07:13 +08:00: 📋 Active sessions: 9
2026-02-05 15:07:13 +08:00: \n🚀 Processing 9 sessions in 1 batches
2026-02-05 15:22:48 +08:00: \n📊 Total sessions in contract: 12
2026-02-05 15:22:48 +08:00: 🦞 Active nodes: 20 | Shards per cycle: 4
2026-02-05 15:22:51 +08:00: 📋 Active sessions: 9
2026-02-05 15:22:51 +08:00: \n🚀 Processing 9 sessions in 1 batches
2026-02-05 15:23:23 +08:00: \n📊 Total sessions in contract: 12
2026-02-05 15:23:24 +08:00: 🦞 Active nodes: 20 | Shards per cycle: 4
2026-02-05 15:23:27 +08:00: 📋 Active sessions: 9
2026-02-05 15:23:27 +08:00: \n🚀 Processing 9 sessions in 1 batches
2026-02-05 15:38:56 +08:00: \n📊 Total sessions in contract: 12
2026-02-05 15:38:57 +08:00: 🦞 Active nodes: 20 | Shards per cycle: 4
2026-02-05 15:39:00 +08:00: 📋 Active sessions: 9
2026-02-05 15:39:00 +08:00: \n🚀 Processing 9 sessions in 1 batches
2026-02-05 15:39:32 +08:00: \n📊 Total sessions in contract: 12
2026-02-05 15:39:33 +08:00: 🦞 Active nodes: 20 | Shards per cycle: 4
2026-02-05 15:39:36 +08:00: 📋 Active sessions: 9
2026-02-05 15:39:36 +08:00: \n🚀 Processing 9 sessions in 1 batches
2026-02-05 15:55:11 +08:00: \n📊 Total sessions in contract: 12
2026-02-05 15:55:12 +08:00: 🦞 Active nodes: 20 | Shards per cycle: 4
2026-02-05 15:55:15 +08:00: 📋 Active sessions: 9
2026-02-05 15:55:15 +08:00: \n🚀 Processing 9 sessions in 1 batches
2026-02-05 15:55:47 +08:00: \n📊 Total sessions in contract: 12
2026-02-05 15:55:47 +08:00: 🦞 Active nodes: 20 | Shards per cycle: 4
2026-02-05 15:55:50 +08:00: 📋 Active sessions: 9
2026-02-05 15:55:50 +08:00: \n🚀 Processing 9 sessions in 1 batches
2026-02-05 16:11:26 +08:00: \n📊 Total sessions in contract: 12
2026-02-05 16:11:27 +08:00: 🦞 Active nodes: 20 | Shards per cycle: 4
2026-02-05 16:11:30 +08:00: 📋 Active sessions: 9
2026-02-05 16:11:30 +08:00: \n🚀 Processing 9 sessions in 1 batches
2026-02-05 16:12:02 +08:00: \n📊 Total sessions in contract: 12
2026-02-05 16:12:03 +08:00: 🦞 Active nodes: 20 | Shards per cycle: 4
2026-02-05 16:12:05 +08:00: 📋 Active sessions: 9
2026-02-05 16:12:05 +08:00: \n🚀 Processing 9 sessions in 1 batches
2026-02-05 16:18:49 +08:00: \n📊 Total sessions in contract: 12
2026-02-05 16:18:49 +08:00: 🦞 Active nodes: 20 | Shards per cycle: 4
2026-02-05 16:18:52 +08:00: 📋 Active sessions: 9
2026-02-05 16:18:52 +08:00: \n🚀 Processing 9 sessions in 1 batches
2026-02-05 16:19:25 +08:00: \n📊 Total sessions in contract: 12
2026-02-05 16:19:25 +08:00: 🦞 Active nodes: 20 | Shards per cycle: 4
2026-02-05 16:19:28 +08:00: 📋 Active sessions: 9
2026-02-05 16:19:28 +08:00: \n🚀 Processing 9 sessions in 1 batches
2026-02-05 16:20:00 +08:00: \n📊 Total sessions in contract: 12
2026-02-05 16:20:01 +08:00: 🦞 Active nodes: 20 | Shards per cycle: 4
2026-02-05 16:20:03 +08:00: 📋 Active sessions: 9
2026-02-05 16:20:03 +08:00: \n🚀 Processing 9 sessions in 1 batches
2026-02-05 16:20:36 +08:00: \n📊 Total sessions in contract: 12
2026-02-05 16:20:36 +08:00: 🦞 Active nodes: 20 | Shards per cycle: 4
2026-02-05 16:20:39 +08:00: 📋 Active sessions: 9
2026-02-05 16:20:39 +08:00: \n🚀 Processing 9 sessions in 1 batches
2026-02-05 16:21:11 +08:00: \n📊 Total sessions in contract: 12
2026-02-05 16:21:12 +08:00: 🦞 Active nodes: 20 | Shards per cycle: 4
2026-02-05 16:21:14 +08:00: 📋 Active sessions: 9
2026-02-05 16:21:14 +08:00: \n🚀 Processing 9 sessions in 1 batches
2026-02-05 16:21:57 +08:00: \n📊 Total sessions in contract: 12
2026-02-05 16:21:58 +08:00: 🦞 Active nodes: 20 | Shards per cycle: 4
2026-02-05 16:22:00 +08:00: 📋 Active sessions: 9
2026-02-05 16:22:00 +08:00: \n🚀 Processing 9 sessions in 1 batches
2026-02-05 16:22:33 +08:00: \n📊 Total sessions in contract: 12
2026-02-05 16:22:33 +08:00: 🦞 Active nodes: 20 | Shards per cycle: 4
2026-02-05 16:22:36 +08:00: 📋 Active sessions: 9
2026-02-05 16:22:36 +08:00: \n🚀 Processing 9 sessions in 1 batches
2026-02-05 16:23:08 +08:00: \n📊 Total sessions in contract: 12
2026-02-05 16:23:09 +08:00: 🦞 Active nodes: 20 | Shards per cycle: 4
2026-02-05 16:23:11 +08:00: 📋 Active sessions: 9
2026-02-05 16:23:11 +08:00: \n🚀 Processing 9 sessions in 1 batches
2026-02-05 16:23:44 +08:00: \n📊 Total sessions in contract: 12
2026-02-05 16:23:44 +08:00: 🦞 Active nodes: 20 | Shards per cycle: 4
2026-02-05 16:23:47 +08:00: 📋 Active sessions: 9
2026-02-05 16:23:47 +08:00: \n🚀 Processing 9 sessions in 1 batches
2026-02-05 16:24:19 +08:00: \n📊 Total sessions in contract: 12
2026-02-05 16:24:20 +08:00: 🦞 Active nodes: 20 | Shards per cycle: 4
2026-02-05 16:24:22 +08:00: 📋 Active sessions: 9
2026-02-05 16:24:22 +08:00: \n🚀 Processing 9 sessions in 1 batches
2026-02-05 16:24:55 +08:00: \n📊 Total sessions in contract: 12
2026-02-05 16:24:55 +08:00: 🦞 Active nodes: 20 | Shards per cycle: 4
2026-02-05 16:24:58 +08:00: 📋 Active sessions: 9
2026-02-05 16:24:58 +08:00: \n🚀 Processing 9 sessions in 1 batches
2026-02-05 16:25:30 +08:00: \n📊 Total sessions in contract: 12
2026-02-05 16:25:31 +08:00: 🦞 Active nodes: 20 | Shards per cycle: 4
2026-02-05 16:25:33 +08:00: 📋 Active sessions: 9
2026-02-05 16:25:33 +08:00: \n🚀 Processing 9 sessions in 1 batches
2026-02-05 16:26:06 +08:00: \n📊 Total sessions in contract: 12
2026-02-05 16:26:06 +08:00: 🦞 Active nodes: 20 | Shards per cycle: 4
2026-02-05 16:26:09 +08:00: 📋 Active sessions: 9
2026-02-05 16:26:09 +08:00: \n🚀 Processing 9 sessions in 1 batches
2026-02-05 16:26:41 +08:00: \n📊 Total sessions in contract: 12
2026-02-05 16:26:42 +08:00: 🦞 Active nodes: 20 | Shards per cycle: 4
2026-02-05 16:26:44 +08:00: 📋 Active sessions: 9
2026-02-05 16:26:44 +08:00: \n🚀 Processing 9 sessions in 1 batches
2026-02-05 16:27:17 +08:00: \n📊 Total sessions in contract: 12
2026-02-05 16:27:17 +08:00: 🦞 Active nodes: 20 | Shards per cycle: 4
2026-02-05 16:27:20 +08:00: 📋 Active sessions: 9
2026-02-05 16:27:20 +08:00: \n🚀 Processing 9 sessions in 1 batches
2026-02-05 16:27:52 +08:00: \n📊 Total sessions in contract: 12
2026-02-05 16:27:53 +08:00: 🦞 Active nodes: 20 | Shards per cycle: 4
2026-02-05 16:27:55 +08:00: 📋 Active sessions: 9
2026-02-05 16:27:55 +08:00: \n🚀 Processing 9 sessions in 1 batches
2026-02-05 16:28:28 +08:00: \n📊 Total sessions in contract: 12
2026-02-05 16:28:28 +08:00: 🦞 Active nodes: 20 | Shards per cycle: 4
2026-02-05 16:28:31 +08:00: 📋 Active sessions: 9
2026-02-05 16:28:31 +08:00: \n🚀 Processing 9 sessions in 1 batches
2026-02-05 16:29:03 +08:00: \n📊 Total sessions in contract: 12
2026-02-05 16:29:04 +08:00: 🦞 Active nodes: 20 | Shards per cycle: 4
2026-02-05 16:29:06 +08:00: 📋 Active sessions: 9
2026-02-05 16:29:06 +08:00: \n🚀 Processing 9 sessions in 1 batches
2026-02-05 16:29:39 +08:00: \n📊 Total sessions in contract: 12
2026-02-05 16:29:39 +08:00: 🦞 Active nodes: 20 | Shards per cycle: 4
2026-02-05 16:29:42 +08:00: 📋 Active sessions: 9
2026-02-05 16:29:42 +08:00: \n🚀 Processing 9 sessions in 1 batches
2026-02-05 16:30:14 +08:00: \n📊 Total sessions in contract: 12
2026-02-05 16:30:15 +08:00: 🦞 Active nodes: 20 | Shards per cycle: 4
2026-02-05 16:30:17 +08:00: 📋 Active sessions: 9
2026-02-05 16:30:17 +08:00: \n🚀 Processing 9 sessions in 1 batches
2026-02-05 16:30:50 +08:00: \n📊 Total sessions in contract: 12
2026-02-05 16:30:51 +08:00: 🦞 Active nodes: 20 | Shards per cycle: 4
2026-02-05 16:30:53 +08:00: 📋 Active sessions: 9
2026-02-05 16:30:53 +08:00: \n🚀 Processing 9 sessions in 1 batches
2026-02-05 16:31:26 +08:00: \n📊 Total sessions in contract: 12
2026-02-05 16:31:26 +08:00: 🦞 Active nodes: 20 | Shards per cycle: 4
2026-02-05 16:31:29 +08:00: 📋 Active sessions: 9
2026-02-05 16:31:29 +08:00: \n🚀 Processing 9 sessions in 1 batches
2026-02-05 16:32:01 +08:00: \n📊 Total sessions in contract: 12
2026-02-05 16:32:02 +08:00: 🦞 Active nodes: 20 | Shards per cycle: 4
2026-02-05 16:32:04 +08:00: 📋 Active sessions: 9
2026-02-05 16:32:04 +08:00: \n🚀 Processing 9 sessions in 1 batches
2026-02-05 16:32:37 +08:00: \n📊 Total sessions in contract: 12
2026-02-05 16:32:37 +08:00: 🦞 Active nodes: 20 | Shards per cycle: 4
2026-02-05 16:32:40 +08:00: 📋 Active sessions: 9
2026-02-05 16:32:40 +08:00: \n🚀 Processing 9 sessions in 1 batches
2026-02-05 16:33:12 +08:00: \n📊 Total sessions in contract: 12
2026-02-05 16:33:13 +08:00: 🦞 Active nodes: 20 | Shards per cycle: 4
2026-02-05 16:33:16 +08:00: 📋 Active sessions: 9
2026-02-05 16:33:16 +08:00: \n🚀 Processing 9 sessions in 1 batches
2026-02-05 16:33:48 +08:00: \n📊 Total sessions in contract: 12
2026-02-05 16:33:48 +08:00: 🦞 Active nodes: 20 | Shards per cycle: 4
2026-02-05 16:33:51 +08:00: 📋 Active sessions: 9
2026-02-05 16:33:51 +08:00: \n🚀 Processing 9 sessions in 1 batches
2026-02-05 16:34:24 +08:00: \n📊 Total sessions in contract: 12
2026-02-05 16:34:24 +08:00: 🦞 Active nodes: 20 | Shards per cycle: 4
2026-02-05 16:34:27 +08:00: 📋 Active sessions: 9
2026-02-05 16:34:27 +08:00: \n🚀 Processing 9 sessions in 1 batches
2026-02-05 16:34:59 +08:00: \n📊 Total sessions in contract: 12
2026-02-05 16:35:00 +08:00: 🦞 Active nodes: 20 | Shards per cycle: 4
2026-02-05 16:35:02 +08:00: 📋 Active sessions: 9
2026-02-05 16:35:02 +08:00: \n🚀 Processing 9 sessions in 1 batches
2026-02-05 16:35:35 +08:00: \n📊 Total sessions in contract: 12
2026-02-05 16:35:35 +08:00: 🦞 Active nodes: 20 | Shards per cycle: 4
2026-02-05 16:35:38 +08:00: 📋 Active sessions: 9
2026-02-05 16:35:38 +08:00: \n🚀 Processing 9 sessions in 1 batches
2026-02-05 16:36:11 +08:00: \n📊 Total sessions in contract: 12
2026-02-05 16:36:11 +08:00: 🦞 Active nodes: 20 | Shards per cycle: 4
2026-02-05 16:36:14 +08:00: 📋 Active sessions: 9
2026-02-05 16:36:14 +08:00: \n🚀 Processing 9 sessions in 1 batches
2026-02-05 16:36:46 +08:00: \n📊 Total sessions in contract: 12
2026-02-05 16:36:46 +08:00: 🦞 Active nodes: 20 | Shards per cycle: 4
2026-02-05 16:36:49 +08:00: 📋 Active sessions: 9
2026-02-05 16:36:49 +08:00: \n🚀 Processing 9 sessions in 1 batches
2026-02-05 16:37:22 +08:00: \n📊 Total sessions in contract: 12
2026-02-05 16:37:22 +08:00: 🦞 Active nodes: 20 | Shards per cycle: 4
2026-02-05 16:37:25 +08:00: 📋 Active sessions: 9
2026-02-05 16:37:25 +08:00: \n🚀 Processing 9 sessions in 1 batches
2026-02-05 16:37:57 +08:00: \n📊 Total sessions in contract: 12
2026-02-05 16:37:57 +08:00: 🦞 Active nodes: 20 | Shards per cycle: 4
2026-02-05 16:38:01 +08:00: 📋 Active sessions: 9
2026-02-05 16:38:01 +08:00: \n🚀 Processing 9 sessions in 1 batches
2026-02-05 16:38:33 +08:00: \n📊 Total sessions in contract: 12
2026-02-05 16:38:33 +08:00: 🦞 Active nodes: 20 | Shards per cycle: 4
2026-02-05 16:38:36 +08:00: 📋 Active sessions: 9
2026-02-05 16:38:36 +08:00: \n🚀 Processing 9 sessions in 1 batches
2026-02-05 16:39:08 +08:00: \n📊 Total sessions in contract: 12
2026-02-05 16:39:09 +08:00: 🦞 Active nodes: 20 | Shards per cycle: 4
2026-02-05 16:39:11 +08:00: 📋 Active sessions: 9
2026-02-05 16:39:11 +08:00: \n🚀 Processing 9 sessions in 1 batches
2026-02-05 16:39:44 +08:00: \n📊 Total sessions in contract: 12
2026-02-05 16:39:44 +08:00: 🦞 Active nodes: 20 | Shards per cycle: 4
2026-02-05 16:39:47 +08:00: 📋 Active sessions: 9
2026-02-05 16:39:47 +08:00: \n🚀 Processing 9 sessions in 1 batches
2026-02-05 16:40:20 +08:00: \n📊 Total sessions in contract: 12
2026-02-05 16:40:21 +08:00: 🦞 Active nodes: 20 | Shards per cycle: 4
2026-02-05 16:40:24 +08:00: 📋 Active sessions: 9
2026-02-05 16:40:24 +08:00: \n🚀 Processing 9 sessions in 1 batches
2026-02-05 16:40:56 +08:00: \n📊 Total sessions in contract: 12
2026-02-05 16:40:57 +08:00: 🦞 Active nodes: 20 | Shards per cycle: 4
2026-02-05 16:40:59 +08:00: 📋 Active sessions: 9
2026-02-05 16:40:59 +08:00: \n🚀 Processing 9 sessions in 1 batches
2026-02-05 16:41:32 +08:00: \n📊 Total sessions in contract: 12
2026-02-05 16:41:32 +08:00: 🦞 Active nodes: 20 | Shards per cycle: 4
2026-02-05 16:41:35 +08:00: 📋 Active sessions: 9
2026-02-05 16:41:35 +08:00: \n🚀 Processing 9 sessions in 1 batches
2026-02-05 16:42:07 +08:00: \n📊 Total sessions in contract: 12
2026-02-05 16:42:07 +08:00: 🦞 Active nodes: 20 | Shards per cycle: 4
2026-02-05 16:42:10 +08:00: 📋 Active sessions: 9
2026-02-05 16:42:10 +08:00: \n🚀 Processing 9 sessions in 1 batches
2026-02-05 16:42:42 +08:00: \n📊 Total sessions in contract: 12
2026-02-05 16:42:43 +08:00: 🦞 Active nodes: 20 | Shards per cycle: 4
2026-02-05 16:42:46 +08:00: 📋 Active sessions: 9
2026-02-05 16:42:46 +08:00: \n🚀 Processing 9 sessions in 1 batches
2026-02-05 16:43:18 +08:00: \n📊 Total sessions in contract: 12
2026-02-05 16:43:19 +08:00: 🦞 Active nodes: 20 | Shards per cycle: 4
2026-02-05 16:43:21 +08:00: 📋 Active sessions: 9
2026-02-05 16:43:21 +08:00: \n🚀 Processing 9 sessions in 1 batches
2026-02-05 16:43:54 +08:00: \n📊 Total sessions in contract: 12
2026-02-05 16:43:54 +08:00: 🦞 Active nodes: 20 | Shards per cycle: 4
2026-02-05 16:43:57 +08:00: 📋 Active sessions: 9
2026-02-05 16:43:57 +08:00: \n🚀 Processing 9 sessions in 1 batches
2026-02-05 16:44:29 +08:00: \n📊 Total sessions in contract: 12
2026-02-05 16:44:30 +08:00: 🦞 Active nodes: 20 | Shards per cycle: 4
2026-02-05 16:44:33 +08:00: 📋 Active sessions: 9
2026-02-05 16:44:33 +08:00: \n🚀 Processing 9 sessions in 1 batches
2026-02-05 16:45:05 +08:00: \n📊 Total sessions in contract: 12
2026-02-05 16:45:05 +08:00: 🦞 Active nodes: 20 | Shards per cycle: 4
2026-02-05 16:45:08 +08:00: 📋 Active sessions: 9
2026-02-05 16:45:08 +08:00: \n🚀 Processing 9 sessions in 1 batches
2026-02-05 16:45:40 +08:00: \n📊 Total sessions in contract: 12
2026-02-05 16:45:41 +08:00: 🦞 Active nodes: 20 | Shards per cycle: 4
2026-02-05 16:45:44 +08:00: 📋 Active sessions: 9
2026-02-05 16:45:44 +08:00: \n🚀 Processing 9 sessions in 1 batches
2026-02-05 16:46:16 +08:00: \n📊 Total sessions in contract: 12
2026-02-05 16:46:16 +08:00: 🦞 Active nodes: 20 | Shards per cycle: 4
2026-02-05 16:46:19 +08:00: 📋 Active sessions: 9
2026-02-05 16:46:19 +08:00: \n🚀 Processing 9 sessions in 1 batches
2026-02-05 16:46:51 +08:00: \n📊 Total sessions in contract: 12
2026-02-05 16:46:52 +08:00: 🦞 Active nodes: 20 | Shards per cycle: 4
2026-02-05 16:46:54 +08:00: 📋 Active sessions: 9
2026-02-05 16:46:54 +08:00: \n🚀 Processing 9 sessions in 1 batches
2026-02-05 16:47:27 +08:00: \n📊 Total sessions in contract: 12
2026-02-05 16:47:27 +08:00: 🦞 Active nodes: 20 | Shards per cycle: 4
2026-02-05 16:47:30 +08:00: 📋 Active sessions: 9
2026-02-05 16:47:30 +08:00: \n🚀 Processing 9 sessions in 1 batches
2026-02-05 16:48:02 +08:00: \n📊 Total sessions in contract: 12
2026-02-05 16:48:03 +08:00: 🦞 Active nodes: 20 | Shards per cycle: 4
2026-02-05 16:48:06 +08:00: 📋 Active sessions: 9
2026-02-05 16:48:06 +08:00: \n🚀 Processing 9 sessions in 1 batches
2026-02-05 16:48:38 +08:00: \n📊 Total sessions in contract: 12
2026-02-05 16:48:38 +08:00: 🦞 Active nodes: 20 | Shards per cycle: 4
2026-02-05 16:48:41 +08:00: 📋 Active sessions: 9
2026-02-05 16:48:41 +08:00: \n🚀 Processing 9 sessions in 1 batches
2026-02-05 16:49:13 +08:00: \n📊 Total sessions in contract: 12
2026-02-05 16:49:14 +08:00: 🦞 Active nodes: 20 | Shards per cycle: 4
2026-02-05 16:49:17 +08:00: 📋 Active sessions: 9
2026-02-05 16:49:17 +08:00: \n🚀 Processing 9 sessions in 1 batches
2026-02-05 16:49:49 +08:00: \n📊 Total sessions in contract: 12
2026-02-05 16:49:49 +08:00: 🦞 Active nodes: 20 | Shards per cycle: 4
2026-02-05 16:49:52 +08:00: 📋 Active sessions: 9
2026-02-05 16:49:52 +08:00: \n🚀 Processing 9 sessions in 1 batches
2026-02-05 16:50:24 +08:00: \n📊 Total sessions in contract: 12
2026-02-05 16:50:25 +08:00: 🦞 Active nodes: 20 | Shards per cycle: 4
2026-02-05 16:50:28 +08:00: 📋 Active sessions: 9
2026-02-05 16:50:28 +08:00: \n🚀 Processing 9 sessions in 1 batches
2026-02-05 16:51:00 +08:00: \n📊 Total sessions in contract: 12
2026-02-05 16:51:00 +08:00: 🦞 Active nodes: 20 | Shards per cycle: 4
2026-02-05 16:51:03 +08:00: 📋 Active sessions: 9
2026-02-05 16:51:03 +08:00: \n🚀 Processing 9 sessions in 1 batches
2026-02-05 16:51:35 +08:00: \n📊 Total sessions in contract: 12
2026-02-05 16:51:36 +08:00: 🦞 Active nodes: 20 | Shards per cycle: 4
2026-02-05 16:51:39 +08:00: 📋 Active sessions: 9
2026-02-05 16:51:39 +08:00: \n🚀 Processing 9 sessions in 1 batches
2026-02-05 16:52:11 +08:00: \n📊 Total sessions in contract: 12
2026-02-05 16:52:11 +08:00: 🦞 Active nodes: 20 | Shards per cycle: 4
2026-02-05 16:52:14 +08:00: 📋 Active sessions: 9
2026-02-05 16:52:14 +08:00: \n🚀 Processing 9 sessions in 1 batches
2026-02-05 16:52:46 +08:00: \n📊 Total sessions in contract: 12
2026-02-05 16:52:47 +08:00: 🦞 Active nodes: 20 | Shards per cycle: 4
2026-02-05 16:52:49 +08:00: 📋 Active sessions: 9
2026-02-05 16:52:49 +08:00: \n🚀 Processing 9 sessions in 1 batches
2026-02-05 16:54:00 +08:00: \n📊 Total sessions in contract: 12
2026-02-05 16:54:00 +08:00: 🦞 Active nodes: 20 | Shards per cycle: 4
2026-02-05 16:54:03 +08:00: 📋 Active sessions: 9
2026-02-05 16:54:03 +08:00: \n🚀 Processing 9 sessions in 1 batches
2026-02-05 16:54:36 +08:00: \n📊 Total sessions in contract: 12
2026-02-05 16:54:36 +08:00: 🦞 Active nodes: 20 | Shards per cycle: 4
2026-02-05 16:54:39 +08:00: 📋 Active sessions: 9
2026-02-05 16:54:39 +08:00: \n🚀 Processing 9 sessions in 1 batches
2026-02-05 16:55:11 +08:00: \n📊 Total sessions in contract: 12
2026-02-05 16:55:12 +08:00: 🦞 Active nodes: 20 | Shards per cycle: 4
2026-02-05 16:55:15 +08:00: 📋 Active sessions: 9
2026-02-05 16:55:15 +08:00: \n🚀 Processing 9 sessions in 1 batches
2026-02-05 16:55:47 +08:00: \n📊 Total sessions in contract: 12
2026-02-05 16:55:48 +08:00: 🦞 Active nodes: 20 | Shards per cycle: 4
2026-02-05 16:55:50 +08:00: 📋 Active sessions: 9
2026-02-05 16:55:50 +08:00: \n🚀 Processing 9 sessions in 1 batches
2026-02-05 16:56:23 +08:00: \n📊 Total sessions in contract: 12
2026-02-05 16:56:23 +08:00: 🦞 Active nodes: 20 | Shards per cycle: 4
2026-02-05 16:56:26 +08:00: 📋 Active sessions: 9
2026-02-05 16:56:26 +08:00: \n🚀 Processing 9 sessions in 1 batches
2026-02-05 16:56:58 +08:00: \n📊 Total sessions in contract: 12
2026-02-05 16:56:59 +08:00: 🦞 Active nodes: 20 | Shards per cycle: 4
2026-02-05 16:57:01 +08:00: 📋 Active sessions: 9
2026-02-05 16:57:01 +08:00: \n🚀 Processing 9 sessions in 1 batches
2026-02-05 16:57:34 +08:00: \n📊 Total sessions in contract: 12
2026-02-05 16:57:34 +08:00: 🦞 Active nodes: 20 | Shards per cycle: 4
2026-02-05 16:57:37 +08:00: 📋 Active sessions: 9
2026-02-05 16:57:37 +08:00: \n🚀 Processing 9 sessions in 1 batches
2026-02-05 16:58:09 +08:00: \n📊 Total sessions in contract: 12
2026-02-05 16:58:10 +08:00: 🦞 Active nodes: 20 | Shards per cycle: 4
2026-02-05 16:58:12 +08:00: 📋 Active sessions: 9
2026-02-05 16:58:12 +08:00: \n🚀 Processing 9 sessions in 1 batches
2026-02-05 16:58:45 +08:00: \n📊 Total sessions in contract: 12
2026-02-05 16:58:45 +08:00: 🦞 Active nodes: 20 | Shards per cycle: 4
2026-02-05 16:58:48 +08:00: 📋 Active sessions: 9
2026-02-05 16:58:48 +08:00: \n🚀 Processing 9 sessions in 1 batches
2026-02-05 16:59:20 +08:00: \n📊 Total sessions in contract: 12
2026-02-05 16:59:21 +08:00: 🦞 Active nodes: 20 | Shards per cycle: 4
2026-02-05 16:59:23 +08:00: 📋 Active sessions: 9
2026-02-05 16:59:23 +08:00: \n🚀 Processing 9 sessions in 1 batches
2026-02-05 16:59:56 +08:00: \n📊 Total sessions in contract: 12
2026-02-05 16:59:56 +08:00: 🦞 Active nodes: 20 | Shards per cycle: 4
2026-02-05 16:59:59 +08:00: 📋 Active sessions: 9
2026-02-05 16:59:59 +08:00: \n🚀 Processing 9 sessions in 1 batches
2026-02-05 17:00:31 +08:00: \n📊 Total sessions in contract: 12
2026-02-05 17:00:32 +08:00: 🦞 Active nodes: 20 | Shards per cycle: 4
2026-02-05 17:00:35 +08:00: 📋 Active sessions: 9
2026-02-05 17:00:35 +08:00: \n🚀 Processing 9 sessions in 1 batches
2026-02-05 17:01:07 +08:00: \n📊 Total sessions in contract: 12
2026-02-05 17:01:07 +08:00: 🦞 Active nodes: 20 | Shards per cycle: 4
2026-02-05 17:01:10 +08:00: 📋 Active sessions: 9
2026-02-05 17:01:10 +08:00: \n🚀 Processing 9 sessions in 1 batches
2026-02-05 17:01:42 +08:00: \n📊 Total sessions in contract: 12
2026-02-05 17:01:43 +08:00: 🦞 Active nodes: 20 | Shards per cycle: 4
2026-02-05 17:01:46 +08:00: 📋 Active sessions: 9
2026-02-05 17:01:46 +08:00: \n🚀 Processing 9 sessions in 1 batches
2026-02-05 17:02:18 +08:00: \n📊 Total sessions in contract: 12
2026-02-05 17:02:18 +08:00: 🦞 Active nodes: 20 | Shards per cycle: 4
2026-02-05 17:02:21 +08:00: 📋 Active sessions: 9
2026-02-05 17:02:21 +08:00: \n🚀 Processing 9 sessions in 1 batches
2026-02-05 17:02:54 +08:00: \n📊 Total sessions in contract: 12
2026-02-05 17:02:54 +08:00: 🦞 Active nodes: 20 | Shards per cycle: 4
2026-02-05 17:02:57 +08:00: 📋 Active sessions: 9
2026-02-05 17:02:57 +08:00: \n🚀 Processing 9 sessions in 1 batches
2026-02-05 17:03:29 +08:00: \n📊 Total sessions in contract: 12
2026-02-05 17:03:30 +08:00: 🦞 Active nodes: 20 | Shards per cycle: 4
2026-02-05 17:03:32 +08:00: 📋 Active sessions: 9
2026-02-05 17:03:32 +08:00: \n🚀 Processing 9 sessions in 1 batches
2026-02-05 17:04:05 +08:00: \n📊 Total sessions in contract: 12
2026-02-05 17:04:05 +08:00: 🦞 Active nodes: 20 | Shards per cycle: 4
2026-02-05 17:04:08 +08:00: 📋 Active sessions: 9
2026-02-05 17:04:08 +08:00: \n🚀 Processing 9 sessions in 1 batches
2026-02-05 17:04:40 +08:00: \n📊 Total sessions in contract: 12
2026-02-05 17:04:41 +08:00: 🦞 Active nodes: 20 | Shards per cycle: 4
2026-02-05 17:04:44 +08:00: 📋 Active sessions: 9
2026-02-05 17:04:44 +08:00: \n🚀 Processing 9 sessions in 1 batches
2026-02-05 17:05:16 +08:00: \n📊 Total sessions in contract: 12
2026-02-05 17:05:16 +08:00: 🦞 Active nodes: 20 | Shards per cycle: 4
2026-02-05 17:05:19 +08:00: 📋 Active sessions: 9
2026-02-05 17:05:19 +08:00: \n🚀 Processing 9 sessions in 1 batches
2026-02-05 17:05:51 +08:00: \n📊 Total sessions in contract: 12
2026-02-05 17:05:52 +08:00: 🦞 Active nodes: 20 | Shards per cycle: 4
2026-02-05 17:05:55 +08:00: 📋 Active sessions: 9
2026-02-05 17:05:55 +08:00: \n🚀 Processing 9 sessions in 1 batches
2026-02-05 17:06:27 +08:00: \n📊 Total sessions in contract: 12
2026-02-05 17:06:28 +08:00: 🦞 Active nodes: 20 | Shards per cycle: 4
2026-02-05 17:06:30 +08:00: 📋 Active sessions: 9
2026-02-05 17:06:30 +08:00: \n🚀 Processing 9 sessions in 1 batches
2026-02-05 17:07:03 +08:00: \n📊 Total sessions in contract: 12
2026-02-05 17:07:03 +08:00: 🦞 Active nodes: 20 | Shards per cycle: 4
2026-02-05 17:07:06 +08:00: 📋 Active sessions: 9
2026-02-05 17:07:06 +08:00: \n🚀 Processing 9 sessions in 1 batches
2026-02-05 17:07:38 +08:00: \n📊 Total sessions in contract: 12
2026-02-05 17:07:39 +08:00: 🦞 Active nodes: 20 | Shards per cycle: 4
2026-02-05 17:07:41 +08:00: 📋 Active sessions: 9
2026-02-05 17:07:41 +08:00: \n🚀 Processing 9 sessions in 1 batches
2026-02-05 17:08:14 +08:00: \n📊 Total sessions in contract: 12
2026-02-05 17:08:14 +08:00: 🦞 Active nodes: 20 | Shards per cycle: 4
2026-02-05 17:08:17 +08:00: 📋 Active sessions: 9
2026-02-05 17:08:17 +08:00: \n🚀 Processing 9 sessions in 1 batches
2026-02-05 17:08:40 +08:00: 🦞 Lobster Mixer Multi-Threaded Orchestrator Starting...
2026-02-05 17:08:40 +08:00: 📋 Contract: 0xf8b8339b1ad8DDa46Aa03483BC4E14ddeaD0cF0C
2026-02-05 17:08:40 +08:00: 💼 Operator: 0x93DF27665990aB68e9fc5CB7B7b6602F6757d3fA
2026-02-05 17:08:40 +08:00: 📊 Health server running on :3000
2026-02-05 17:08:40 +08:00: 💰 Operator balance: 472.730451974853685695 POL
2026-02-05 17:08:41 +08:00: 🔢 Nonce initialized: 1917
2026-02-05 17:08:41 +08:00: \n🔄 Starting batch orchestrator (40 sessions/batch, 3 concurrent batches)...\n
2026-02-05 17:08:41 +08:00: \n📊 Total sessions in contract: 0
2026-02-05 17:08:41 +08:00: 🦞 Active nodes: 2 | Shards per cycle: 1
2026-02-05 17:08:41 +08:00: 📋 Active sessions: 0
2026-02-05 17:08:41 +08:00: 💤 No active sessions, waiting...
2026-02-05 17:08:52 +08:00: \n📊 Total sessions in contract: 0
2026-02-05 17:08:52 +08:00: 🦞 Active nodes: 4 | Shards per cycle: 1
2026-02-05 17:08:52 +08:00: 📋 Active sessions: 0
2026-02-05 17:08:52 +08:00: 💤 No active sessions, waiting...
2026-02-05 17:09:02 +08:00: \n📊 Total sessions in contract: 0
2026-02-05 17:09:03 +08:00: 🦞 Active nodes: 5 | Shards per cycle: 1
2026-02-05 17:09:03 +08:00: 📋 Active sessions: 0
2026-02-05 17:09:03 +08:00: 💤 No active sessions, waiting...
2026-02-05 17:09:13 +08:00: \n📊 Total sessions in contract: 0
2026-02-05 17:09:14 +08:00: 🦞 Active nodes: 6 | Shards per cycle: 1
2026-02-05 17:09:14 +08:00: 📋 Active sessions: 0
2026-02-05 17:09:14 +08:00: 💤 No active sessions, waiting...
2026-02-05 17:09:24 +08:00: \n📊 Total sessions in contract: 0
2026-02-05 17:09:24 +08:00: 🦞 Active nodes: 8 | Shards per cycle: 1
2026-02-05 17:09:24 +08:00: 📋 Active sessions: 0
2026-02-05 17:09:24 +08:00: 💤 No active sessions, waiting...
2026-02-05 17:09:35 +08:00: \n📊 Total sessions in contract: 0
2026-02-05 17:09:35 +08:00: 🦞 Active nodes: 9 | Shards per cycle: 1
2026-02-05 17:09:35 +08:00: 📋 Active sessions: 0
2026-02-05 17:09:35 +08:00: 💤 No active sessions, waiting...
2026-02-05 17:09:46 +08:00: \n📊 Total sessions in contract: 0
2026-02-05 17:09:46 +08:00: 🦞 Active nodes: 10 | Shards per cycle: 2
2026-02-05 17:09:46 +08:00: 📋 Active sessions: 0
2026-02-05 17:09:46 +08:00: 💤 No active sessions, waiting...
2026-02-05 17:09:56 +08:00: \n📊 Total sessions in contract: 0
2026-02-05 17:09:57 +08:00: 🦞 Active nodes: 11 | Shards per cycle: 2
2026-02-05 17:09:57 +08:00: 📋 Active sessions: 0
2026-02-05 17:09:57 +08:00: 💤 No active sessions, waiting...
2026-02-05 17:10:07 +08:00: \n📊 Total sessions in contract: 0
2026-02-05 17:10:08 +08:00: 🦞 Active nodes: 13 | Shards per cycle: 2
2026-02-05 17:10:08 +08:00: 📋 Active sessions: 0
2026-02-05 17:10:08 +08:00: 💤 No active sessions, waiting...
2026-02-05 17:10:18 +08:00: \n📊 Total sessions in contract: 0
2026-02-05 17:10:18 +08:00: 🦞 Active nodes: 14 | Shards per cycle: 2
2026-02-05 17:10:18 +08:00: 📋 Active sessions: 0
2026-02-05 17:10:18 +08:00: 💤 No active sessions, waiting...
2026-02-05 17:10:29 +08:00: \n📊 Total sessions in contract: 0
2026-02-05 17:10:29 +08:00: 🦞 Active nodes: 16 | Shards per cycle: 3
2026-02-05 17:10:29 +08:00: 📋 Active sessions: 0
2026-02-05 17:10:29 +08:00: 💤 No active sessions, waiting...
2026-02-05 17:10:40 +08:00: \n📊 Total sessions in contract: 0
2026-02-05 17:10:40 +08:00: 🦞 Active nodes: 17 | Shards per cycle: 3
2026-02-05 17:10:40 +08:00: 📋 Active sessions: 0
2026-02-05 17:10:40 +08:00: 💤 No active sessions, waiting...
2026-02-05 17:10:51 +08:00: \n📊 Total sessions in contract: 0
2026-02-05 17:10:51 +08:00: 🦞 Active nodes: 18 | Shards per cycle: 3
2026-02-05 17:10:51 +08:00: 📋 Active sessions: 0
2026-02-05 17:10:51 +08:00: 💤 No active sessions, waiting...
2026-02-05 17:11:01 +08:00: \n📊 Total sessions in contract: 0
2026-02-05 17:11:02 +08:00: 🦞 Active nodes: 20 | Shards per cycle: 4
2026-02-05 17:11:02 +08:00: 📋 Active sessions: 0
2026-02-05 17:11:02 +08:00: 💤 No active sessions, waiting...
2026-02-05 17:11:12 +08:00: \n📊 Total sessions in contract: 0
2026-02-05 17:11:13 +08:00: 🦞 Active nodes: 20 | Shards per cycle: 4
2026-02-05 17:11:13 +08:00: 📋 Active sessions: 0
2026-02-05 17:11:13 +08:00: 💤 No active sessions, waiting...
2026-02-05 17:11:23 +08:00: \n📊 Total sessions in contract: 0
2026-02-05 17:11:23 +08:00: 🦞 Active nodes: 20 | Shards per cycle: 4
2026-02-05 17:11:23 +08:00: 📋 Active sessions: 0
2026-02-05 17:11:23 +08:00: 💤 No active sessions, waiting...
2026-02-05 17:11:34 +08:00: \n📊 Total sessions in contract: 0
2026-02-05 17:11:34 +08:00: 🦞 Active nodes: 20 | Shards per cycle: 4
2026-02-05 17:11:34 +08:00: 📋 Active sessions: 0
2026-02-05 17:11:34 +08:00: 💤 No active sessions, waiting...
2026-02-05 17:11:45 +08:00: \n📊 Total sessions in contract: 0
2026-02-05 17:11:45 +08:00: 🦞 Active nodes: 20 | Shards per cycle: 4
2026-02-05 17:11:45 +08:00: 📋 Active sessions: 0
2026-02-05 17:11:45 +08:00: 💤 No active sessions, waiting...
2026-02-05 17:11:55 +08:00: \n📊 Total sessions in contract: 0
2026-02-05 17:11:56 +08:00: 🦞 Active nodes: 20 | Shards per cycle: 4
2026-02-05 17:11:56 +08:00: 📋 Active sessions: 0
2026-02-05 17:11:56 +08:00: 💤 No active sessions, waiting...
2026-02-05 17:12:06 +08:00: \n📊 Total sessions in contract: 0
2026-02-05 17:12:07 +08:00: 🦞 Active nodes: 20 | Shards per cycle: 4
2026-02-05 17:12:07 +08:00: 📋 Active sessions: 0
2026-02-05 17:12:07 +08:00: 💤 No active sessions, waiting...
2026-02-05 17:12:17 +08:00: \n📊 Total sessions in contract: 0
2026-02-05 17:12:17 +08:00: 🦞 Active nodes: 20 | Shards per cycle: 4
2026-02-05 17:12:17 +08:00: 📋 Active sessions: 0
2026-02-05 17:12:17 +08:00: 💤 No active sessions, waiting...
2026-02-05 17:12:28 +08:00: \n📊 Total sessions in contract: 0
2026-02-05 17:12:28 +08:00: 🦞 Active nodes: 20 | Shards per cycle: 4
2026-02-05 17:12:28 +08:00: 📋 Active sessions: 0
2026-02-05 17:12:28 +08:00: 💤 No active sessions, waiting...
2026-02-05 17:12:38 +08:00: \n📊 Total sessions in contract: 0
2026-02-05 17:12:39 +08:00: 🦞 Active nodes: 20 | Shards per cycle: 4
2026-02-05 17:12:39 +08:00: 📋 Active sessions: 0
2026-02-05 17:12:39 +08:00: 💤 No active sessions, waiting...
2026-02-05 17:12:49 +08:00: \n📊 Total sessions in contract: 1
2026-02-05 17:12:50 +08:00: 🦞 Active nodes: 20 | Shards per cycle: 4
2026-02-05 17:12:50 +08:00: 🔍 Found active session 1: 0.995 USDC (10 shards)
2026-02-05 17:12:50 +08:00: 📋 Active sessions: 1
2026-02-05 17:12:50 +08:00: \n🚀 Processing 1 sessions in 1 batches
2026-02-05 17:13:01 +08:00: \n📊 Total sessions in contract: 1
2026-02-05 17:13:01 +08:00: 🦞 Active nodes: 20 | Shards per cycle: 4
2026-02-05 17:13:01 +08:00: 📋 Active sessions: 1
2026-02-05 17:13:01 +08:00: \n🚀 Processing 1 sessions in 1 batches
2026-02-05 17:13:12 +08:00: \n📊 Total sessions in contract: 1
2026-02-05 17:13:12 +08:00: 🦞 Active nodes: 20 | Shards per cycle: 4
2026-02-05 17:13:13 +08:00: 📋 Active sessions: 1
2026-02-05 17:13:13 +08:00: \n🚀 Processing 1 sessions in 1 batches
2026-02-05 17:13:23 +08:00: \n📊 Total sessions in contract: 1
2026-02-05 17:13:24 +08:00: 🦞 Active nodes: 20 | Shards per cycle: 4
2026-02-05 17:13:24 +08:00: 📋 Active sessions: 1
2026-02-05 17:13:24 +08:00: \n🚀 Processing 1 sessions in 1 batches
2026-02-05 17:13:24 +08:00: 
📦 Batch 9256208: Pulsing 1 sessions [USDC] (Mixer→A) [nonce: 1917]
2026-02-05 17:13:24 +08:00: 🔄 Recovering nonce from chain...
2026-02-05 17:13:25 +08:00: ✅ Nonce recovered: 1936
2026-02-05 17:13:35 +08:00: \n📊 Total sessions in contract: 1
2026-02-05 17:13:35 +08:00: 🦞 Active nodes: 20 | Shards per cycle: 4
2026-02-05 17:13:36 +08:00: 📋 Active sessions: 1
2026-02-05 17:13:36 +08:00: \n🚀 Processing 1 sessions in 1 batches
2026-02-05 17:13:36 +08:00: 
📦 Batch 3874836: Pulsing 1 sessions [USDC] (Mixer→A) [nonce: 1936]
2026-02-05 17:13:36 +08:00: 🔄 Recovering nonce from chain...
2026-02-05 17:13:36 +08:00: ✅ Nonce recovered: 1937
2026-02-05 17:13:47 +08:00: \n📊 Total sessions in contract: 1
2026-02-05 17:13:47 +08:00: 🦞 Active nodes: 20 | Shards per cycle: 4
2026-02-05 17:13:47 +08:00: 📋 Active sessions: 1
2026-02-05 17:13:47 +08:00: \n🚀 Processing 1 sessions in 1 batches
2026-02-05 17:13:48 +08:00: 
📦 Batch 2073582: Pulsing 1 sessions [USDC] (Mixer→A) [nonce: 1937]
2026-02-05 17:13:48 +08:00: 🔄 Recovering nonce from chain...
2026-02-05 17:13:48 +08:00: ✅ Nonce recovered: 1938
2026-02-05 17:13:59 +08:00: \n📊 Total sessions in contract: 1
2026-02-05 17:13:59 +08:00: 🦞 Active nodes: 20 | Shards per cycle: 4
2026-02-05 17:13:59 +08:00: 📋 Active sessions: 1
2026-02-05 17:13:59 +08:00: \n🚀 Processing 1 sessions in 1 batches
2026-02-05 17:14:00 +08:00: 
📦 Batch 7700463: Pulsing 1 sessions [USDC] (Mixer→A) [nonce: 1938]
2026-02-05 17:14:00 +08:00: 🔄 Recovering nonce from chain...
2026-02-05 17:14:00 +08:00: ✅ Nonce recovered: 1939
2026-02-05 17:14:10 +08:00: \n📊 Total sessions in contract: 1
2026-02-05 17:14:11 +08:00: 🦞 Active nodes: 20 | Shards per cycle: 4
2026-02-05 17:14:11 +08:00: 📋 Active sessions: 1
2026-02-05 17:14:11 +08:00: \n🚀 Processing 1 sessions in 1 batches
2026-02-05 17:14:11 +08:00: 
📦 Batch 6517074: Pulsing 1 sessions [USDC] (Mixer→A) [nonce: 1939]
2026-02-05 17:14:11 +08:00: 🔄 Recovering nonce from chain...
2026-02-05 17:14:12 +08:00: ✅ Nonce recovered: 1940
2026-02-05 17:14:22 +08:00: \n📊 Total sessions in contract: 1
2026-02-05 17:14:22 +08:00: 🦞 Active nodes: 20 | Shards per cycle: 4
2026-02-05 17:14:23 +08:00: 📋 Active sessions: 1
2026-02-05 17:14:23 +08:00: \n🚀 Processing 1 sessions in 1 batches
2026-02-05 17:14:23 +08:00: 
📦 Batch 1173283: Pulsing 1 sessions [USDC] (Mixer→A) [nonce: 1940]
2026-02-05 17:14:23 +08:00: 🔄 Recovering nonce from chain...
2026-02-05 17:14:23 +08:00: ✅ Nonce recovered: 1941
2026-02-05 17:14:34 +08:00: \n📊 Total sessions in contract: 1
2026-02-05 17:14:34 +08:00: 🦞 Active nodes: 20 | Shards per cycle: 4
2026-02-05 17:14:34 +08:00: 📋 Active sessions: 1
2026-02-05 17:14:34 +08:00: \n🚀 Processing 1 sessions in 1 batches
2026-02-05 17:14:35 +08:00: 
📦 Batch 6511692: Pulsing 1 sessions [USDC] (Mixer→A) [nonce: 1941]
2026-02-05 17:14:35 +08:00: 🔄 Recovering nonce from chain...
2026-02-05 17:14:35 +08:00: ✅ Nonce recovered: 1942
2026-02-05 17:14:45 +08:00: \n📊 Total sessions in contract: 1
2026-02-05 17:14:46 +08:00: 🦞 Active nodes: 20 | Shards per cycle: 4
2026-02-05 17:14:46 +08:00: 📋 Active sessions: 1
2026-02-05 17:14:46 +08:00: \n🚀 Processing 1 sessions in 1 batches
2026-02-05 17:14:46 +08:00: 
📦 Batch 1274443: Pulsing 1 sessions [USDC] (Mixer→A) [nonce: 1942]
2026-02-05 17:14:46 +08:00: 🔄 Recovering nonce from chain...
2026-02-05 17:14:47 +08:00: ✅ Nonce recovered: 1943
2026-02-05 17:14:57 +08:00: \n📊 Total sessions in contract: 1
2026-02-05 17:14:57 +08:00: 🦞 Active nodes: 20 | Shards per cycle: 4
2026-02-05 17:14:58 +08:00: 📋 Active sessions: 1
2026-02-05 17:14:58 +08:00: \n🚀 Processing 1 sessions in 1 batches
2026-02-05 17:14:58 +08:00: 
📦 Batch 9297248: Pulsing 1 sessions [USDC] (Mixer→A) [nonce: 1943]
2026-02-05 17:14:58 +08:00: 🔄 Recovering nonce from chain...
2026-02-05 17:14:58 +08:00: ✅ Nonce recovered: 1944
2026-02-05 17:15:09 +08:00: \n📊 Total sessions in contract: 1
2026-02-05 17:15:09 +08:00: 🦞 Active nodes: 20 | Shards per cycle: 4
2026-02-05 17:15:09 +08:00: 📋 Active sessions: 1
2026-02-05 17:15:09 +08:00: \n🚀 Processing 1 sessions in 1 batches
2026-02-05 17:15:10 +08:00: 
📦 Batch 1889069: Pulsing 1 sessions [USDC] (Mixer→A) [nonce: 1944]
2026-02-05 17:15:10 +08:00: 🔄 Recovering nonce from chain...
2026-02-05 17:15:10 +08:00: ✅ Nonce recovered: 1945
2026-02-05 17:15:20 +08:00: \n📊 Total sessions in contract: 1
2026-02-05 17:15:21 +08:00: 🦞 Active nodes: 20 | Shards per cycle: 4
2026-02-05 17:15:21 +08:00: 📋 Active sessions: 1
2026-02-05 17:15:21 +08:00: \n🚀 Processing 1 sessions in 1 batches
2026-02-05 17:15:21 +08:00: 
📦 Batch 1617980: Pulsing 1 sessions [USDC] (Mixer→A) [nonce: 1945]
2026-02-05 17:15:21 +08:00: 🔄 Recovering nonce from chain...
2026-02-05 17:15:22 +08:00: ✅ Nonce recovered: 1946
2026-02-05 17:15:32 +08:00: \n📊 Total sessions in contract: 1
2026-02-05 17:15:32 +08:00: 🦞 Active nodes: 20 | Shards per cycle: 4
2026-02-05 17:15:33 +08:00: 📋 Active sessions: 1
2026-02-05 17:15:33 +08:00: \n🚀 Processing 1 sessions in 1 batches
2026-02-05 17:15:33 +08:00: 
📦 Batch 6665990: Pulsing 1 sessions [USDC] (Mixer→A) [nonce: 1946]
2026-02-05 17:15:33 +08:00: 🔄 Recovering nonce from chain...
2026-02-05 17:15:33 +08:00: ✅ Nonce recovered: 1947
2026-02-05 17:15:44 +08:00: \n📊 Total sessions in contract: 1
2026-02-05 17:15:45 +08:00: 🦞 Active nodes: 20 | Shards per cycle: 4
2026-02-05 17:15:45 +08:00: 📋 Active sessions: 1
2026-02-05 17:15:45 +08:00: \n🚀 Processing 1 sessions in 1 batches
2026-02-05 17:15:45 +08:00: 
📦 Batch 6319215: Pulsing 1 sessions [USDC] (Mixer→A) [nonce: 1947]
2026-02-05 17:15:45 +08:00: 🔄 Recovering nonce from chain...
2026-02-05 17:15:45 +08:00: ✅ Nonce recovered: 1948
2026-02-05 17:15:56 +08:00: \n📊 Total sessions in contract: 1
2026-02-05 17:15:56 +08:00: 🦞 Active nodes: 20 | Shards per cycle: 4
2026-02-05 17:15:56 +08:00: 📋 Active sessions: 1
2026-02-05 17:15:56 +08:00: \n🚀 Processing 1 sessions in 1 batches
2026-02-05 17:15:57 +08:00: 
📦 Batch 5744926: Pulsing 1 sessions [USDC] (Mixer→A) [nonce: 1948]
2026-02-05 17:15:57 +08:00: 🔄 Recovering nonce from chain...
2026-02-05 17:15:57 +08:00: ✅ Nonce recovered: 1949
2026-02-05 17:16:07 +08:00: \n📊 Total sessions in contract: 1
2026-02-05 17:16:08 +08:00: 🦞 Active nodes: 20 | Shards per cycle: 4
2026-02-05 17:16:08 +08:00: 📋 Active sessions: 1
2026-02-05 17:16:08 +08:00: \n🚀 Processing 1 sessions in 1 batches
2026-02-05 17:16:09 +08:00: 
📦 Batch 9676657: Pulsing 1 sessions [USDC] (Mixer→A) [nonce: 1949]
2026-02-05 17:16:09 +08:00: 🔄 Recovering nonce from chain...
2026-02-05 17:16:09 +08:00: ✅ Nonce recovered: 1950
2026-02-05 17:16:19 +08:00: \n📊 Total sessions in contract: 1
2026-02-05 17:16:20 +08:00: 🦞 Active nodes: 20 | Shards per cycle: 4
2026-02-05 17:16:20 +08:00: 📋 Active sessions: 1
2026-02-05 17:16:20 +08:00: \n🚀 Processing 1 sessions in 1 batches
2026-02-05 17:16:20 +08:00: 
📦 Batch 2708424: Pulsing 1 sessions [USDC] (Mixer→A) [nonce: 1950]
2026-02-05 17:16:20 +08:00: 🔄 Recovering nonce from chain...
2026-02-05 17:16:20 +08:00: ✅ Nonce recovered: 1951
2026-02-05 17:16:31 +08:00: \n📊 Total sessions in contract: 1
2026-02-05 17:16:31 +08:00: 🦞 Active nodes: 20 | Shards per cycle: 4
2026-02-05 17:16:32 +08:00: 📋 Active sessions: 1
2026-02-05 17:16:32 +08:00: \n🚀 Processing 1 sessions in 1 batches
2026-02-05 17:16:32 +08:00: 
📦 Batch 1645880: Pulsing 1 sessions [USDC] (Mixer→A) [nonce: 1951]
2026-02-05 17:16:32 +08:00: 🔄 Recovering nonce from chain...
2026-02-05 17:16:32 +08:00: ✅ Nonce recovered: 1952
2026-02-05 17:16:43 +08:00: \n📊 Total sessions in contract: 1
2026-02-05 17:16:43 +08:00: 🦞 Active nodes: 20 | Shards per cycle: 4
2026-02-05 17:16:43 +08:00: 📋 Active sessions: 1
2026-02-05 17:16:43 +08:00: \n🚀 Processing 1 sessions in 1 batches
2026-02-05 17:16:44 +08:00: 
📦 Batch 7145184: Pulsing 1 sessions [USDC] (Mixer→A) [nonce: 1952]
2026-02-05 17:16:44 +08:00: 🔄 Recovering nonce from chain...
2026-02-05 17:16:44 +08:00: ✅ Nonce recovered: 1953
2026-02-05 17:16:54 +08:00: \n📊 Total sessions in contract: 1
2026-02-05 17:16:55 +08:00: 🦞 Active nodes: 20 | Shards per cycle: 4
2026-02-05 17:16:55 +08:00: 📋 Active sessions: 1
2026-02-05 17:16:55 +08:00: \n🚀 Processing 1 sessions in 1 batches
2026-02-05 17:16:55 +08:00: 
📦 Batch 5353774: Pulsing 1 sessions [USDC] (Mixer→A) [nonce: 1953]
2026-02-05 17:16:55 +08:00: 🔄 Recovering nonce from chain...
2026-02-05 17:16:56 +08:00: ✅ Nonce recovered: 1954
2026-02-05 17:17:06 +08:00: \n📊 Total sessions in contract: 1
2026-02-05 17:17:06 +08:00: 🦞 Active nodes: 20 | Shards per cycle: 4
2026-02-05 17:17:07 +08:00: 📋 Active sessions: 1
2026-02-05 17:17:07 +08:00: \n🚀 Processing 1 sessions in 1 batches
2026-02-05 17:17:07 +08:00: 
📦 Batch 4060719: Pulsing 1 sessions [USDC] (Mixer→A) [nonce: 1954]
2026-02-05 17:17:07 +08:00: 🔄 Recovering nonce from chain...
2026-02-05 17:17:07 +08:00: ✅ Nonce recovered: 1955
2026-02-05 17:17:18 +08:00: \n📊 Total sessions in contract: 1
2026-02-05 17:17:18 +08:00: 🦞 Active nodes: 20 | Shards per cycle: 4
2026-02-05 17:17:18 +08:00: 📋 Active sessions: 1
2026-02-05 17:17:18 +08:00: \n🚀 Processing 1 sessions in 1 batches
2026-02-05 17:17:19 +08:00: 
📦 Batch 8236013: Pulsing 1 sessions [USDC] (Mixer→A) [nonce: 1955]
2026-02-05 17:17:19 +08:00: 🔄 Recovering nonce from chain...
2026-02-05 17:17:19 +08:00: ✅ Nonce recovered: 1956
2026-02-05 17:17:29 +08:00: \n📊 Total sessions in contract: 1
2026-02-05 17:17:30 +08:00: 🦞 Active nodes: 20 | Shards per cycle: 4
2026-02-05 17:17:30 +08:00: 📋 Active sessions: 1
2026-02-05 17:17:30 +08:00: \n🚀 Processing 1 sessions in 1 batches
2026-02-05 17:17:31 +08:00: 
📦 Batch 2413962: Pulsing 1 sessions [USDC] (Mixer→A) [nonce: 1956]
2026-02-05 17:17:31 +08:00: 🔄 Recovering nonce from chain...
2026-02-05 17:17:31 +08:00: ✅ Nonce recovered: 1957
2026-02-05 17:17:41 +08:00: \n📊 Total sessions in contract: 1
2026-02-05 17:17:42 +08:00: 🦞 Active nodes: 20 | Shards per cycle: 4
2026-02-05 17:17:42 +08:00: 📋 Active sessions: 1
2026-02-05 17:17:42 +08:00: \n🚀 Processing 1 sessions in 1 batches
2026-02-05 17:17:42 +08:00: 
📦 Batch 5887341: Pulsing 1 sessions [USDC] (Mixer→A) [nonce: 1957]
2026-02-05 17:17:42 +08:00: 🔄 Recovering nonce from chain...
2026-02-05 17:17:43 +08:00: ✅ Nonce recovered: 1958
2026-02-05 17:17:53 +08:00: \n📊 Total sessions in contract: 1
2026-02-05 17:17:53 +08:00: 🦞 Active nodes: 20 | Shards per cycle: 4
2026-02-05 17:17:54 +08:00: 📋 Active sessions: 1
2026-02-05 17:17:54 +08:00: \n🚀 Processing 1 sessions in 1 batches
2026-02-05 17:17:54 +08:00: 
📦 Batch 2198908: Pulsing 1 sessions [USDC] (Mixer→A) [nonce: 1958]
2026-02-05 17:17:54 +08:00: 🔄 Recovering nonce from chain...
2026-02-05 17:17:54 +08:00: ✅ Nonce recovered: 1959
2026-02-05 17:18:05 +08:00: \n📊 Total sessions in contract: 1
2026-02-05 17:18:05 +08:00: 🦞 Active nodes: 20 | Shards per cycle: 4
2026-02-05 17:18:05 +08:00: 📋 Active sessions: 1
2026-02-05 17:18:05 +08:00: \n🚀 Processing 1 sessions in 1 batches
2026-02-05 17:18:06 +08:00: 
📦 Batch 1092233: Pulsing 1 sessions [USDC] (Mixer→A) [nonce: 1959]
2026-02-05 17:18:06 +08:00: 🔄 Recovering nonce from chain...
2026-02-05 17:18:06 +08:00: ✅ Nonce recovered: 1960
2026-02-05 17:18:16 +08:00: \n📊 Total sessions in contract: 1
2026-02-05 17:18:17 +08:00: 🦞 Active nodes: 20 | Shards per cycle: 4
2026-02-05 17:18:17 +08:00: 📋 Active sessions: 1
2026-02-05 17:18:17 +08:00: \n🚀 Processing 1 sessions in 1 batches
2026-02-05 17:18:17 +08:00: 
📦 Batch 9205736: Pulsing 1 sessions [USDC] (Mixer→A) [nonce: 1960]
2026-02-05 17:18:17 +08:00: 🔄 Recovering nonce from chain...
2026-02-05 17:18:18 +08:00: ✅ Nonce recovered: 1961
2026-02-05 17:18:28 +08:00: \n📊 Total sessions in contract: 1
2026-02-05 17:18:29 +08:00: 🦞 Active nodes: 20 | Shards per cycle: 4
2026-02-05 17:18:29 +08:00: 📋 Active sessions: 1
2026-02-05 17:18:29 +08:00: \n🚀 Processing 1 sessions in 1 batches
2026-02-05 17:18:29 +08:00: 
📦 Batch 8532123: Pulsing 1 sessions [USDC] (Mixer→A) [nonce: 1961]
2026-02-05 17:18:29 +08:00: 🔄 Recovering nonce from chain...
2026-02-05 17:18:30 +08:00: ✅ Nonce recovered: 1962
2026-02-05 17:18:40 +08:00: \n📊 Total sessions in contract: 1
2026-02-05 17:18:40 +08:00: 🦞 Active nodes: 20 | Shards per cycle: 4
2026-02-05 17:18:41 +08:00: 📋 Active sessions: 1
2026-02-05 17:18:41 +08:00: \n🚀 Processing 1 sessions in 1 batches
2026-02-05 17:18:41 +08:00: 
📦 Batch 8078969: Pulsing 1 sessions [USDC] (Mixer→A) [nonce: 1962]
2026-02-05 17:18:41 +08:00: 🔄 Recovering nonce from chain...
2026-02-05 17:18:41 +08:00: ✅ Nonce recovered: 1963
2026-02-05 17:18:52 +08:00: \n📊 Total sessions in contract: 1
2026-02-05 17:18:52 +08:00: 🦞 Active nodes: 20 | Shards per cycle: 4
2026-02-05 17:18:52 +08:00: 📋 Active sessions: 1
2026-02-05 17:18:52 +08:00: \n🚀 Processing 1 sessions in 1 batches
2026-02-05 17:18:53 +08:00: 
📦 Batch 8018476: Pulsing 1 sessions [USDC] (Mixer→A) [nonce: 1963]
2026-02-05 17:18:53 +08:00: 🔄 Recovering nonce from chain...
2026-02-05 17:18:53 +08:00: ✅ Nonce recovered: 1964
2026-02-05 17:19:03 +08:00: \n📊 Total sessions in contract: 1
2026-02-05 17:19:04 +08:00: 🦞 Active nodes: 20 | Shards per cycle: 4
2026-02-05 17:19:04 +08:00: 📋 Active sessions: 1
2026-02-05 17:19:04 +08:00: \n🚀 Processing 1 sessions in 1 batches
2026-02-05 17:19:05 +08:00: 
📦 Batch 3042829: Pulsing 1 sessions [USDC] (Mixer→A) [nonce: 1964]
2026-02-05 17:19:05 +08:00: 🔄 Recovering nonce from chain...
2026-02-05 17:19:05 +08:00: ✅ Nonce recovered: 1965
2026-02-05 17:19:15 +08:00: \n📊 Total sessions in contract: 1
2026-02-05 17:19:16 +08:00: 🦞 Active nodes: 20 | Shards per cycle: 4
2026-02-05 17:19:16 +08:00: 📋 Active sessions: 1
2026-02-05 17:19:16 +08:00: \n🚀 Processing 1 sessions in 1 batches
2026-02-05 17:19:16 +08:00: 
📦 Batch 3954154: Pulsing 1 sessions [USDC] (Mixer→A) [nonce: 1965]
2026-02-05 17:19:16 +08:00: 🔄 Recovering nonce from chain...
2026-02-05 17:19:17 +08:00: ✅ Nonce recovered: 1966
2026-02-05 17:19:27 +08:00: \n📊 Total sessions in contract: 1
2026-02-05 17:19:27 +08:00: 🦞 Active nodes: 20 | Shards per cycle: 4
2026-02-05 17:19:28 +08:00: 📋 Active sessions: 1
2026-02-05 17:19:28 +08:00: \n🚀 Processing 1 sessions in 1 batches
2026-02-05 17:19:28 +08:00: 
📦 Batch 9820920: Pulsing 1 sessions [USDC] (Mixer→A) [nonce: 1966]
2026-02-05 17:19:28 +08:00: 🔄 Recovering nonce from chain...
2026-02-05 17:19:28 +08:00: ✅ Nonce recovered: 1967
2026-02-05 17:19:39 +08:00: \n📊 Total sessions in contract: 1
2026-02-05 17:19:39 +08:00: 🦞 Active nodes: 20 | Shards per cycle: 4
2026-02-05 17:19:39 +08:00: 📋 Active sessions: 1
2026-02-05 17:19:39 +08:00: \n🚀 Processing 1 sessions in 1 batches
2026-02-05 17:19:40 +08:00: 
📦 Batch 7506505: Pulsing 1 sessions [USDC] (Mixer→A) [nonce: 1967]
2026-02-05 17:19:40 +08:00: 🔄 Recovering nonce from chain...
2026-02-05 17:19:40 +08:00: ✅ Nonce recovered: 1968
2026-02-05 17:19:50 +08:00: \n📊 Total sessions in contract: 1
2026-02-05 17:19:51 +08:00: 🦞 Active nodes: 20 | Shards per cycle: 4
2026-02-05 17:19:51 +08:00: 📋 Active sessions: 1
2026-02-05 17:19:51 +08:00: \n🚀 Processing 1 sessions in 1 batches
2026-02-05 17:19:51 +08:00: 
📦 Batch 7333676: Pulsing 1 sessions [USDC] (Mixer→A) [nonce: 1968]
2026-02-05 17:19:51 +08:00: 🔄 Recovering nonce from chain...
2026-02-05 17:19:52 +08:00: ✅ Nonce recovered: 1969
2026-02-05 17:20:02 +08:00: \n📊 Total sessions in contract: 1
2026-02-05 17:20:02 +08:00: 🦞 Active nodes: 20 | Shards per cycle: 4
2026-02-05 17:20:03 +08:00: 📋 Active sessions: 1
2026-02-05 17:20:03 +08:00: \n🚀 Processing 1 sessions in 1 batches
2026-02-05 17:20:03 +08:00: 
📦 Batch 2239879: Pulsing 1 sessions [USDC] (Mixer→A) [nonce: 1969]
2026-02-05 17:20:03 +08:00: 🔄 Recovering nonce from chain...
2026-02-05 17:20:03 +08:00: ✅ Nonce recovered: 1970
2026-02-05 17:20:14 +08:00: \n📊 Total sessions in contract: 1
2026-02-05 17:20:14 +08:00: 🦞 Active nodes: 20 | Shards per cycle: 4
2026-02-05 17:20:14 +08:00: 📋 Active sessions: 1
2026-02-05 17:20:14 +08:00: \n🚀 Processing 1 sessions in 1 batches
2026-02-05 17:20:15 +08:00: 
📦 Batch 8096859: Pulsing 1 sessions [USDC] (Mixer→A) [nonce: 1970]
2026-02-05 17:20:15 +08:00: 🔄 Recovering nonce from chain...
2026-02-05 17:20:15 +08:00: ✅ Nonce recovered: 1971
2026-02-05 17:20:25 +08:00: \n📊 Total sessions in contract: 1
2026-02-05 17:20:26 +08:00: 🦞 Active nodes: 20 | Shards per cycle: 4
2026-02-05 17:20:26 +08:00: 📋 Active sessions: 1
2026-02-05 17:20:26 +08:00: \n🚀 Processing 1 sessions in 1 batches
2026-02-05 17:20:27 +08:00: 
📦 Batch 3623826: Pulsing 1 sessions [USDC] (Mixer→A) [nonce: 1971]
2026-02-05 17:20:27 +08:00: 🔄 Recovering nonce from chain...
2026-02-05 17:20:27 +08:00: ✅ Nonce recovered: 1972
2026-02-05 17:20:37 +08:00: \n📊 Total sessions in contract: 1
2026-02-05 17:20:38 +08:00: 🦞 Active nodes: 20 | Shards per cycle: 4
2026-02-05 17:20:38 +08:00: 📋 Active sessions: 1
2026-02-05 17:20:38 +08:00: \n🚀 Processing 1 sessions in 1 batches
2026-02-05 17:20:38 +08:00: 
📦 Batch 4671400: Pulsing 1 sessions [USDC] (Mixer→A) [nonce: 1972]
2026-02-05 17:20:38 +08:00: 🔄 Recovering nonce from chain...
2026-02-05 17:20:39 +08:00: ✅ Nonce recovered: 1973
2026-02-05 17:20:49 +08:00: \n📊 Total sessions in contract: 1
2026-02-05 17:20:49 +08:00: 🦞 Active nodes: 20 | Shards per cycle: 4
2026-02-05 17:20:50 +08:00: 📋 Active sessions: 1
2026-02-05 17:20:50 +08:00: \n🚀 Processing 1 sessions in 1 batches
2026-02-05 17:20:50 +08:00: 
📦 Batch 8483807: Pulsing 1 sessions [USDC] (Mixer→A) [nonce: 1973]
2026-02-05 17:20:50 +08:00: 🔄 Recovering nonce from chain...
2026-02-05 17:20:50 +08:00: ✅ Nonce recovered: 1974
2026-02-05 17:21:01 +08:00: \n📊 Total sessions in contract: 1
2026-02-05 17:21:01 +08:00: 🦞 Active nodes: 20 | Shards per cycle: 4
2026-02-05 17:21:01 +08:00: 📋 Active sessions: 1
2026-02-05 17:21:01 +08:00: \n🚀 Processing 1 sessions in 1 batches
2026-02-05 17:21:02 +08:00: 
📦 Batch 8544586: Pulsing 1 sessions [USDC] (Mixer→A) [nonce: 1974]
2026-02-05 17:21:02 +08:00: 🔄 Recovering nonce from chain...
2026-02-05 17:21:02 +08:00: ✅ Nonce recovered: 1975
2026-02-05 17:21:12 +08:00: \n📊 Total sessions in contract: 1
2026-02-05 17:21:13 +08:00: 🦞 Active nodes: 20 | Shards per cycle: 4
2026-02-05 17:21:13 +08:00: 📋 Active sessions: 1
2026-02-05 17:21:13 +08:00: \n🚀 Processing 1 sessions in 1 batches
2026-02-05 17:21:13 +08:00: 
📦 Batch 8238348: Pulsing 1 sessions [USDC] (Mixer→A) [nonce: 1975]
2026-02-05 17:21:13 +08:00: 🔄 Recovering nonce from chain...
2026-02-05 17:21:14 +08:00: ✅ Nonce recovered: 1976
2026-02-05 17:21:24 +08:00: \n📊 Total sessions in contract: 1
2026-02-05 17:21:24 +08:00: 🦞 Active nodes: 20 | Shards per cycle: 4
2026-02-05 17:21:25 +08:00: 📋 Active sessions: 1
2026-02-05 17:21:25 +08:00: \n🚀 Processing 1 sessions in 1 batches
2026-02-05 17:21:25 +08:00: 
📦 Batch 8678155: Pulsing 1 sessions [USDC] (Mixer→A) [nonce: 1976]
2026-02-05 17:21:25 +08:00: 🔄 Recovering nonce from chain...
2026-02-05 17:21:25 +08:00: ✅ Nonce recovered: 1977
2026-02-05 17:21:36 +08:00: \n📊 Total sessions in contract: 1
2026-02-05 17:21:36 +08:00: 🦞 Active nodes: 20 | Shards per cycle: 4
2026-02-05 17:21:36 +08:00: 📋 Active sessions: 1
2026-02-05 17:21:36 +08:00: \n🚀 Processing 1 sessions in 1 batches
2026-02-05 17:21:37 +08:00: 
📦 Batch 6343248: Pulsing 1 sessions [USDC] (Mixer→A) [nonce: 1977]
2026-02-05 17:21:37 +08:00: 🔄 Recovering nonce from chain...
2026-02-05 17:21:37 +08:00: ✅ Nonce recovered: 1978
2026-02-05 17:21:47 +08:00: \n📊 Total sessions in contract: 1
2026-02-05 17:21:48 +08:00: 🦞 Active nodes: 20 | Shards per cycle: 4
2026-02-05 17:21:48 +08:00: 📋 Active sessions: 1
2026-02-05 17:21:48 +08:00: \n🚀 Processing 1 sessions in 1 batches
2026-02-05 17:21:49 +08:00: 
📦 Batch 1851924: Pulsing 1 sessions [USDC] (Mixer→A) [nonce: 1978]
2026-02-05 17:21:49 +08:00: 🔄 Recovering nonce from chain...
2026-02-05 17:21:49 +08:00: ✅ Nonce recovered: 1979
2026-02-05 17:21:59 +08:00: \n📊 Total sessions in contract: 1
2026-02-05 17:22:00 +08:00: 🦞 Active nodes: 20 | Shards per cycle: 4
2026-02-05 17:22:00 +08:00: 📋 Active sessions: 1
2026-02-05 17:22:00 +08:00: \n🚀 Processing 1 sessions in 1 batches
2026-02-05 17:22:00 +08:00: 
📦 Batch 8421445: Pulsing 1 sessions [USDC] (Mixer→A) [nonce: 1979]
2026-02-05 17:22:00 +08:00: 🔄 Recovering nonce from chain...
2026-02-05 17:22:00 +08:00: ✅ Nonce recovered: 1980
2026-02-05 17:22:11 +08:00: \n📊 Total sessions in contract: 1
2026-02-05 17:22:11 +08:00: 🦞 Active nodes: 20 | Shards per cycle: 4
2026-02-05 17:22:11 +08:00: 📋 Active sessions: 1
2026-02-05 17:22:11 +08:00: \n🚀 Processing 1 sessions in 1 batches
2026-02-05 17:22:12 +08:00: 
📦 Batch 9898869: Pulsing 1 sessions [USDC] (Mixer→A) [nonce: 1980]
2026-02-05 17:22:12 +08:00: 🔄 Recovering nonce from chain...
2026-02-05 17:22:12 +08:00: ✅ Nonce recovered: 1981
2026-02-05 17:22:22 +08:00: \n📊 Total sessions in contract: 1
2026-02-05 17:22:23 +08:00: 🦞 Active nodes: 20 | Shards per cycle: 4
2026-02-05 17:22:23 +08:00: 📋 Active sessions: 1
2026-02-05 17:22:23 +08:00: \n🚀 Processing 1 sessions in 1 batches
2026-02-05 17:22:24 +08:00: 
📦 Batch 2050876: Pulsing 1 sessions [USDC] (Mixer→A) [nonce: 1981]
2026-02-05 17:22:24 +08:00: 🔄 Recovering nonce from chain...
2026-02-05 17:22:24 +08:00: ✅ Nonce recovered: 1982
2026-02-05 17:22:34 +08:00: \n📊 Total sessions in contract: 1
2026-02-05 17:22:35 +08:00: 🦞 Active nodes: 20 | Shards per cycle: 4
2026-02-05 17:22:35 +08:00: 📋 Active sessions: 1
2026-02-05 17:22:35 +08:00: \n🚀 Processing 1 sessions in 1 batches
2026-02-05 17:22:35 +08:00: 
📦 Batch 1250009: Pulsing 1 sessions [USDC] (Mixer→A) [nonce: 1982]
2026-02-05 17:22:35 +08:00: 🔄 Recovering nonce from chain...
2026-02-05 17:22:36 +08:00: ✅ Nonce recovered: 1983
2026-02-05 17:22:46 +08:00: \n📊 Total sessions in contract: 1
2026-02-05 17:22:46 +08:00: 🦞 Active nodes: 20 | Shards per cycle: 4
2026-02-05 17:22:47 +08:00: 📋 Active sessions: 1
2026-02-05 17:22:47 +08:00: \n🚀 Processing 1 sessions in 1 batches
2026-02-05 17:22:47 +08:00: 
📦 Batch 1829658: Pulsing 1 sessions [USDC] (Mixer→A) [nonce: 1983]
2026-02-05 17:22:47 +08:00: 🔄 Recovering nonce from chain...
2026-02-05 17:22:47 +08:00: ✅ Nonce recovered: 1984
2026-02-05 17:22:58 +08:00: \n📊 Total sessions in contract: 1
2026-02-05 17:22:58 +08:00: 🦞 Active nodes: 20 | Shards per cycle: 4
2026-02-05 17:22:58 +08:00: 📋 Active sessions: 1
2026-02-05 17:22:58 +08:00: \n🚀 Processing 1 sessions in 1 batches
2026-02-05 17:22:59 +08:00: 
📦 Batch 4229165: Pulsing 1 sessions [USDC] (Mixer→A) [nonce: 1984]
2026-02-05 17:22:59 +08:00: 🔄 Recovering nonce from chain...
2026-02-05 17:22:59 +08:00: ✅ Nonce recovered: 1985
2026-02-05 17:23:09 +08:00: \n📊 Total sessions in contract: 1
2026-02-05 17:23:10 +08:00: 🦞 Active nodes: 20 | Shards per cycle: 4
2026-02-05 17:23:10 +08:00: 📋 Active sessions: 1
2026-02-05 17:23:10 +08:00: \n🚀 Processing 1 sessions in 1 batches
2026-02-05 17:23:10 +08:00: 
📦 Batch 4599555: Pulsing 1 sessions [USDC] (Mixer→A) [nonce: 1985]
2026-02-05 17:23:10 +08:00: 🔄 Recovering nonce from chain...
2026-02-05 17:23:11 +08:00: ✅ Nonce recovered: 1986
2026-02-05 17:23:21 +08:00: \n📊 Total sessions in contract: 1
2026-02-05 17:23:21 +08:00: 🦞 Active nodes: 20 | Shards per cycle: 4
2026-02-05 17:23:22 +08:00: 📋 Active sessions: 1
2026-02-05 17:23:22 +08:00: \n🚀 Processing 1 sessions in 1 batches
2026-02-05 17:23:22 +08:00: 
📦 Batch 4900359: Pulsing 1 sessions [USDC] (Mixer→A) [nonce: 1986]
2026-02-05 17:23:22 +08:00: 🔄 Recovering nonce from chain...
2026-02-05 17:23:22 +08:00: ✅ Nonce recovered: 1987
2026-02-05 17:23:33 +08:00: \n📊 Total sessions in contract: 1
2026-02-05 17:23:33 +08:00: 🦞 Active nodes: 20 | Shards per cycle: 4
2026-02-05 17:23:33 +08:00: 📋 Active sessions: 1
2026-02-05 17:23:33 +08:00: \n🚀 Processing 1 sessions in 1 batches
2026-02-05 17:23:34 +08:00: 
📦 Batch 4703980: Pulsing 1 sessions [USDC] (Mixer→A) [nonce: 1987]
2026-02-05 17:23:34 +08:00: 🔄 Recovering nonce from chain...
2026-02-05 17:23:34 +08:00: ✅ Nonce recovered: 1988
2026-02-05 17:23:44 +08:00: \n📊 Total sessions in contract: 1
2026-02-05 17:23:45 +08:00: 🦞 Active nodes: 20 | Shards per cycle: 4
2026-02-05 17:23:45 +08:00: 📋 Active sessions: 1
2026-02-05 17:23:45 +08:00: \n🚀 Processing 1 sessions in 1 batches
2026-02-05 17:23:45 +08:00: 
📦 Batch 2631579: Pulsing 1 sessions [USDC] (Mixer→A) [nonce: 1988]
2026-02-05 17:23:45 +08:00: 🔄 Recovering nonce from chain...
2026-02-05 17:23:46 +08:00: ✅ Nonce recovered: 1989
2026-02-05 17:23:56 +08:00: \n📊 Total sessions in contract: 1
2026-02-05 17:23:56 +08:00: 🦞 Active nodes: 20 | Shards per cycle: 4
2026-02-05 17:23:57 +08:00: 📋 Active sessions: 1
2026-02-05 17:23:57 +08:00: \n🚀 Processing 1 sessions in 1 batches
2026-02-05 17:23:57 +08:00: 
📦 Batch 6173303: Pulsing 1 sessions [USDC] (Mixer→A) [nonce: 1989]
2026-02-05 17:23:57 +08:00: 🔄 Recovering nonce from chain...
2026-02-05 17:23:57 +08:00: ✅ Nonce recovered: 1990
2026-02-05 17:24:08 +08:00: \n📊 Total sessions in contract: 1
2026-02-05 17:24:08 +08:00: 🦞 Active nodes: 20 | Shards per cycle: 4
2026-02-05 17:24:08 +08:00: 📋 Active sessions: 1
2026-02-05 17:24:08 +08:00: \n🚀 Processing 1 sessions in 1 batches
2026-02-05 17:24:09 +08:00: 
📦 Batch 9548543: Pulsing 1 sessions [USDC] (Mixer→A) [nonce: 1990]
2026-02-05 17:24:09 +08:00: 🔄 Recovering nonce from chain...
2026-02-05 17:24:09 +08:00: ✅ Nonce recovered: 1991
2026-02-05 17:24:19 +08:00: \n📊 Total sessions in contract: 1
2026-02-05 17:24:20 +08:00: 🦞 Active nodes: 20 | Shards per cycle: 4
2026-02-05 17:24:20 +08:00: 📋 Active sessions: 1
2026-02-05 17:24:20 +08:00: \n🚀 Processing 1 sessions in 1 batches
2026-02-05 17:24:22 +08:00: 
📦 Batch 4529626: Pulsing 1 sessions [USDC] (Mixer→A) [nonce: 1991]
2026-02-05 17:24:22 +08:00: 🔄 Recovering nonce from chain...
2026-02-05 17:24:25 +08:00: ✅ Nonce recovered: 1992
2026-02-05 17:24:35 +08:00: \n📊 Total sessions in contract: 1
2026-02-05 17:24:35 +08:00: 🦞 Active nodes: 20 | Shards per cycle: 4
2026-02-05 17:24:36 +08:00: 📋 Active sessions: 1
2026-02-05 17:24:36 +08:00: \n🚀 Processing 1 sessions in 1 batches
2026-02-05 17:24:36 +08:00: 
📦 Batch 1597894: Pulsing 1 sessions [USDC] (Mixer→A) [nonce: 1992]
2026-02-05 17:24:36 +08:00: 🔄 Recovering nonce from chain...
2026-02-05 17:24:36 +08:00: ✅ Nonce recovered: 1993
2026-02-05 17:24:47 +08:00: \n📊 Total sessions in contract: 1
2026-02-05 17:24:47 +08:00: 🦞 Active nodes: 20 | Shards per cycle: 4
2026-02-05 17:24:47 +08:00: 📋 Active sessions: 1
2026-02-05 17:24:47 +08:00: \n🚀 Processing 1 sessions in 1 batches
2026-02-05 17:24:48 +08:00: 
📦 Batch 1611909: Pulsing 1 sessions [USDC] (Mixer→A) [nonce: 1993]
2026-02-05 17:24:48 +08:00: 🔄 Recovering nonce from chain...
2026-02-05 17:24:48 +08:00: ✅ Nonce recovered: 1994
2026-02-05 17:24:58 +08:00: \n📊 Total sessions in contract: 1
2026-02-05 17:24:59 +08:00: 🦞 Active nodes: 20 | Shards per cycle: 4
2026-02-05 17:24:59 +08:00: 📋 Active sessions: 1
2026-02-05 17:24:59 +08:00: \n🚀 Processing 1 sessions in 1 batches
2026-02-05 17:24:59 +08:00: 
📦 Batch 9553702: Pulsing 1 sessions [USDC] (Mixer→A) [nonce: 1994]
2026-02-05 17:24:59 +08:00: 🔄 Recovering nonce from chain...
2026-02-05 17:25:00 +08:00: ✅ Nonce recovered: 1995
2026-02-05 17:25:10 +08:00: \n📊 Total sessions in contract: 1
2026-02-05 17:25:10 +08:00: 🦞 Active nodes: 20 | Shards per cycle: 4
2026-02-05 17:25:11 +08:00: 📋 Active sessions: 1
2026-02-05 17:25:11 +08:00: \n🚀 Processing 1 sessions in 1 batches
2026-02-05 17:25:11 +08:00: 
📦 Batch 5116947: Pulsing 1 sessions [USDC] (Mixer→A) [nonce: 1995]
2026-02-05 17:25:11 +08:00: 🔄 Recovering nonce from chain...
2026-02-05 17:25:11 +08:00: ✅ Nonce recovered: 1996
2026-02-05 17:25:22 +08:00: \n📊 Total sessions in contract: 1
2026-02-05 17:25:22 +08:00: 🦞 Active nodes: 20 | Shards per cycle: 4
2026-02-05 17:25:22 +08:00: 📋 Active sessions: 1
2026-02-05 17:25:22 +08:00: \n🚀 Processing 1 sessions in 1 batches
2026-02-05 17:25:23 +08:00: 
📦 Batch 8510391: Pulsing 1 sessions [USDC] (Mixer→A) [nonce: 1996]
2026-02-05 17:25:23 +08:00: 🔄 Recovering nonce from chain...
2026-02-05 17:25:23 +08:00: ✅ Nonce recovered: 1997
2026-02-05 17:25:34 +08:00: \n📊 Total sessions in contract: 1
2026-02-05 17:25:34 +08:00: 🦞 Active nodes: 20 | Shards per cycle: 4
2026-02-05 17:25:34 +08:00: 📋 Active sessions: 1
2026-02-05 17:25:34 +08:00: \n🚀 Processing 1 sessions in 1 batches
2026-02-05 17:25:35 +08:00: 
📦 Batch 6229109: Pulsing 1 sessions [USDC] (Mixer→A) [nonce: 1997]
2026-02-05 17:25:35 +08:00: 🔄 Recovering nonce from chain...
2026-02-05 17:25:35 +08:00: ✅ Nonce recovered: 1998
2026-02-05 17:25:45 +08:00: \n📊 Total sessions in contract: 1
2026-02-05 17:25:46 +08:00: 🦞 Active nodes: 20 | Shards per cycle: 4
2026-02-05 17:25:46 +08:00: 📋 Active sessions: 1
2026-02-05 17:25:46 +08:00: \n🚀 Processing 1 sessions in 1 batches
2026-02-05 17:25:46 +08:00: 
📦 Batch 8655180: Pulsing 1 sessions [USDC] (Mixer→A) [nonce: 1998]
2026-02-05 17:25:46 +08:00: 🔄 Recovering nonce from chain...
2026-02-05 17:25:47 +08:00: ✅ Nonce recovered: 1999
2026-02-05 17:25:57 +08:00: \n📊 Total sessions in contract: 1
2026-02-05 17:25:57 +08:00: 🦞 Active nodes: 20 | Shards per cycle: 4
2026-02-05 17:25:58 +08:00: 📋 Active sessions: 1
2026-02-05 17:25:58 +08:00: \n🚀 Processing 1 sessions in 1 batches
2026-02-05 17:25:58 +08:00: 
📦 Batch 9019684: Pulsing 1 sessions [USDC] (Mixer→A) [nonce: 1999]
2026-02-05 17:25:58 +08:00: 🔄 Recovering nonce from chain...
2026-02-05 17:25:58 +08:00: ✅ Nonce recovered: 2000
2026-02-05 17:26:09 +08:00: \n📊 Total sessions in contract: 1
2026-02-05 17:26:09 +08:00: 🦞 Active nodes: 20 | Shards per cycle: 4
2026-02-05 17:26:10 +08:00: 📋 Active sessions: 1
2026-02-05 17:26:10 +08:00: \n🚀 Processing 1 sessions in 1 batches
2026-02-05 17:26:10 +08:00: 
📦 Batch 9967351: Pulsing 1 sessions [USDC] (Mixer→A) [nonce: 2000]
2026-02-05 17:26:10 +08:00: 🔄 Recovering nonce from chain...
2026-02-05 17:26:10 +08:00: ✅ Nonce recovered: 2001
2026-02-05 17:26:21 +08:00: \n📊 Total sessions in contract: 1
2026-02-05 17:26:21 +08:00: 🦞 Active nodes: 20 | Shards per cycle: 4
2026-02-05 17:26:21 +08:00: 📋 Active sessions: 1
2026-02-05 17:26:21 +08:00: \n🚀 Processing 1 sessions in 1 batches
2026-02-05 17:26:22 +08:00: 
📦 Batch 4443610: Pulsing 1 sessions [USDC] (Mixer→A) [nonce: 2001]
2026-02-05 17:26:22 +08:00: 🔄 Recovering nonce from chain...
2026-02-05 17:26:22 +08:00: ✅ Nonce recovered: 2002
2026-02-05 17:26:32 +08:00: \n📊 Total sessions in contract: 1
2026-02-05 17:26:33 +08:00: 🦞 Active nodes: 20 | Shards per cycle: 4
2026-02-05 17:26:33 +08:00: 📋 Active sessions: 1
2026-02-05 17:26:33 +08:00: \n🚀 Processing 1 sessions in 1 batches
2026-02-05 17:26:33 +08:00: 
📦 Batch 1676074: Pulsing 1 sessions [USDC] (Mixer→A) [nonce: 2002]
2026-02-05 17:26:33 +08:00: 🔄 Recovering nonce from chain...
2026-02-05 17:26:34 +08:00: ✅ Nonce recovered: 2003
2026-02-05 17:26:44 +08:00: \n📊 Total sessions in contract: 1
2026-02-05 17:26:45 +08:00: 🦞 Active nodes: 20 | Shards per cycle: 4
2026-02-05 17:26:45 +08:00: 📋 Active sessions: 1
2026-02-05 17:26:45 +08:00: \n🚀 Processing 1 sessions in 1 batches
2026-02-05 17:26:45 +08:00: 
📦 Batch 4386028: Pulsing 1 sessions [USDC] (Mixer→A) [nonce: 2003]
2026-02-05 17:26:45 +08:00: 🔄 Recovering nonce from chain...
2026-02-05 17:26:45 +08:00: ✅ Nonce recovered: 2004
2026-02-05 17:26:56 +08:00: \n📊 Total sessions in contract: 1
2026-02-05 17:26:56 +08:00: 🦞 Active nodes: 20 | Shards per cycle: 4
2026-02-05 17:26:56 +08:00: 📋 Active sessions: 1
2026-02-05 17:26:56 +08:00: \n🚀 Processing 1 sessions in 1 batches
2026-02-05 17:26:57 +08:00: 
📦 Batch 8280121: Pulsing 1 sessions [USDC] (Mixer→A) [nonce: 2004]
2026-02-05 17:26:57 +08:00: 🔄 Recovering nonce from chain...
2026-02-05 17:26:57 +08:00: ✅ Nonce recovered: 2005
2026-02-05 17:27:07 +08:00: \n📊 Total sessions in contract: 1
2026-02-05 17:27:08 +08:00: 🦞 Active nodes: 20 | Shards per cycle: 4
2026-02-05 17:27:08 +08:00: 📋 Active sessions: 1
2026-02-05 17:27:08 +08:00: \n🚀 Processing 1 sessions in 1 batches
2026-02-05 17:27:09 +08:00: 
📦 Batch 4130787: Pulsing 1 sessions [USDC] (Mixer→A) [nonce: 2005]
2026-02-05 17:27:09 +08:00: 🔄 Recovering nonce from chain...
2026-02-05 17:27:09 +08:00: ✅ Nonce recovered: 2006
2026-02-05 17:27:19 +08:00: \n📊 Total sessions in contract: 1
2026-02-05 17:27:20 +08:00: 🦞 Active nodes: 20 | Shards per cycle: 4
2026-02-05 17:27:20 +08:00: 📋 Active sessions: 1
2026-02-05 17:27:20 +08:00: \n🚀 Processing 1 sessions in 1 batches
2026-02-05 17:27:20 +08:00: 
📦 Batch 9614607: Pulsing 1 sessions [USDC] (Mixer→A) [nonce: 2006]
2026-02-05 17:27:20 +08:00: 🔄 Recovering nonce from chain...
2026-02-05 17:27:20 +08:00: ✅ Nonce recovered: 2007
2026-02-05 17:27:31 +08:00: \n📊 Total sessions in contract: 1
2026-02-05 17:27:31 +08:00: 🦞 Active nodes: 20 | Shards per cycle: 4
2026-02-05 17:27:31 +08:00: 📋 Active sessions: 1
2026-02-05 17:27:31 +08:00: \n🚀 Processing 1 sessions in 1 batches
2026-02-05 17:27:32 +08:00: 
📦 Batch 7020197: Pulsing 1 sessions [USDC] (Mixer→A) [nonce: 2007]
2026-02-05 17:27:32 +08:00: 🔄 Recovering nonce from chain...
2026-02-05 17:27:32 +08:00: ✅ Nonce recovered: 2008
2026-02-05 17:27:39 +08:00: 🦞 Lobster Mixer Multi-Threaded Orchestrator Starting...
2026-02-05 17:27:39 +08:00: 📋 Contract: 0xb2ACbc0AA504Fb9dF14B2FfB7Be306e745FD3E76
2026-02-05 17:27:39 +08:00: 💼 Operator: 0x93DF27665990aB68e9fc5CB7B7b6602F6757d3fA
2026-02-05 17:27:39 +08:00: 📊 Health server running on :3000
2026-02-05 17:27:39 +08:00: 💰 Operator balance: 471.265838720372380142 POL
2026-02-05 17:27:39 +08:00: 🔢 Nonce initialized: 1959
2026-02-05 17:27:39 +08:00: \n🔄 Starting batch orchestrator (40 sessions/batch, 3 concurrent batches)...\n
2026-02-05 17:27:40 +08:00: \n📊 Total sessions in contract: 0
2026-02-05 17:27:40 +08:00: 🦞 Active nodes: 20 | Shards per cycle: 4
2026-02-05 17:27:40 +08:00: 📋 Active sessions: 0
2026-02-05 17:27:40 +08:00: 💤 No active sessions, waiting...
2026-02-05 17:27:50 +08:00: \n📊 Total sessions in contract: 0
2026-02-05 17:27:51 +08:00: 🦞 Active nodes: 20 | Shards per cycle: 4
2026-02-05 17:27:51 +08:00: 📋 Active sessions: 0
2026-02-05 17:27:51 +08:00: 💤 No active sessions, waiting...
2026-02-05 17:28:01 +08:00: \n📊 Total sessions in contract: 0
2026-02-05 17:28:02 +08:00: 🦞 Active nodes: 20 | Shards per cycle: 4
2026-02-05 17:28:02 +08:00: 📋 Active sessions: 0
2026-02-05 17:28:02 +08:00: 💤 No active sessions, waiting...
2026-02-05 17:28:12 +08:00: \n📊 Total sessions in contract: 0
2026-02-05 17:28:12 +08:00: 🦞 Active nodes: 20 | Shards per cycle: 4
2026-02-05 17:28:12 +08:00: 📋 Active sessions: 0
2026-02-05 17:28:12 +08:00: 💤 No active sessions, waiting...
2026-02-05 17:28:23 +08:00: \n📊 Total sessions in contract: 0
2026-02-05 17:28:23 +08:00: 🦞 Active nodes: 20 | Shards per cycle: 4
2026-02-05 17:28:23 +08:00: 📋 Active sessions: 0
2026-02-05 17:28:23 +08:00: 💤 No active sessions, waiting...
2026-02-05 17:28:33 +08:00: \n📊 Total sessions in contract: 0
2026-02-05 17:28:34 +08:00: 🦞 Active nodes: 20 | Shards per cycle: 4
2026-02-05 17:28:34 +08:00: 📋 Active sessions: 0
2026-02-05 17:28:34 +08:00: 💤 No active sessions, waiting...
2026-02-05 17:28:44 +08:00: \n📊 Total sessions in contract: 0
2026-02-05 17:28:45 +08:00: 🦞 Active nodes: 20 | Shards per cycle: 4
2026-02-05 17:28:45 +08:00: 📋 Active sessions: 0
2026-02-05 17:28:45 +08:00: 💤 No active sessions, waiting...
2026-02-05 17:28:55 +08:00: \n📊 Total sessions in contract: 0
2026-02-05 17:28:56 +08:00: 🦞 Active nodes: 20 | Shards per cycle: 4
2026-02-05 17:28:56 +08:00: 📋 Active sessions: 0
2026-02-05 17:28:56 +08:00: 💤 No active sessions, waiting...
2026-02-05 17:29:06 +08:00: \n📊 Total sessions in contract: 0
2026-02-05 17:29:06 +08:00: 🦞 Active nodes: 20 | Shards per cycle: 4
2026-02-05 17:29:06 +08:00: 📋 Active sessions: 0
2026-02-05 17:29:06 +08:00: 💤 No active sessions, waiting...
2026-02-05 17:29:17 +08:00: \n📊 Total sessions in contract: 0
2026-02-05 17:29:17 +08:00: 🦞 Active nodes: 20 | Shards per cycle: 4
2026-02-05 17:29:17 +08:00: 📋 Active sessions: 0
2026-02-05 17:29:17 +08:00: 💤 No active sessions, waiting...
2026-02-05 17:29:27 +08:00: \n📊 Total sessions in contract: 0
2026-02-05 17:29:28 +08:00: 🦞 Active nodes: 20 | Shards per cycle: 4
2026-02-05 17:29:28 +08:00: 📋 Active sessions: 0
2026-02-05 17:29:28 +08:00: 💤 No active sessions, waiting...
2026-02-05 17:29:38 +08:00: \n📊 Total sessions in contract: 0
2026-02-05 17:29:39 +08:00: 🦞 Active nodes: 20 | Shards per cycle: 4
2026-02-05 17:29:39 +08:00: 📋 Active sessions: 0
2026-02-05 17:29:39 +08:00: 💤 No active sessions, waiting...
2026-02-05 17:29:49 +08:00: \n📊 Total sessions in contract: 0
2026-02-05 17:29:49 +08:00: 🦞 Active nodes: 20 | Shards per cycle: 4
2026-02-05 17:29:49 +08:00: 📋 Active sessions: 0
2026-02-05 17:29:49 +08:00: 💤 No active sessions, waiting...
2026-02-05 17:30:00 +08:00: \n📊 Total sessions in contract: 0
2026-02-05 17:30:00 +08:00: 🦞 Active nodes: 20 | Shards per cycle: 4
2026-02-05 17:30:00 +08:00: 📋 Active sessions: 0
2026-02-05 17:30:00 +08:00: 💤 No active sessions, waiting...
2026-02-05 17:30:11 +08:00: \n📊 Total sessions in contract: 0
2026-02-05 17:30:11 +08:00: 🦞 Active nodes: 20 | Shards per cycle: 4
2026-02-05 17:30:11 +08:00: 📋 Active sessions: 0
2026-02-05 17:30:11 +08:00: 💤 No active sessions, waiting...
2026-02-05 17:30:21 +08:00: \n📊 Total sessions in contract: 0
2026-02-05 17:30:22 +08:00: 🦞 Active nodes: 20 | Shards per cycle: 4
2026-02-05 17:30:22 +08:00: 📋 Active sessions: 0
2026-02-05 17:30:22 +08:00: 💤 No active sessions, waiting...
2026-02-05 17:30:32 +08:00: \n📊 Total sessions in contract: 0
2026-02-05 17:30:33 +08:00: 🦞 Active nodes: 20 | Shards per cycle: 4
2026-02-05 17:30:33 +08:00: 📋 Active sessions: 0
2026-02-05 17:30:33 +08:00: 💤 No active sessions, waiting...
2026-02-05 17:30:43 +08:00: \n📊 Total sessions in contract: 0
2026-02-05 17:30:43 +08:00: 🦞 Active nodes: 20 | Shards per cycle: 4
2026-02-05 17:30:43 +08:00: 📋 Active sessions: 0
2026-02-05 17:30:43 +08:00: 💤 No active sessions, waiting...
2026-02-05 17:30:54 +08:00: \n📊 Total sessions in contract: 0
2026-02-05 17:30:54 +08:00: 🦞 Active nodes: 20 | Shards per cycle: 4
2026-02-05 17:30:54 +08:00: 📋 Active sessions: 0
2026-02-05 17:30:54 +08:00: 💤 No active sessions, waiting...
2026-02-05 17:31:05 +08:00: \n📊 Total sessions in contract: 0
2026-02-05 17:31:05 +08:00: 🦞 Active nodes: 20 | Shards per cycle: 4
2026-02-05 17:31:05 +08:00: 📋 Active sessions: 0
2026-02-05 17:31:05 +08:00: 💤 No active sessions, waiting...
2026-02-05 17:31:15 +08:00: \n📊 Total sessions in contract: 0
2026-02-05 17:31:16 +08:00: 🦞 Active nodes: 20 | Shards per cycle: 4
2026-02-05 17:31:16 +08:00: 📋 Active sessions: 0
2026-02-05 17:31:16 +08:00: 💤 No active sessions, waiting...
2026-02-05 17:31:26 +08:00: \n📊 Total sessions in contract: 0
2026-02-05 17:31:27 +08:00: 🦞 Active nodes: 20 | Shards per cycle: 4
2026-02-05 17:31:27 +08:00: 📋 Active sessions: 0
2026-02-05 17:31:27 +08:00: 💤 No active sessions, waiting...
2026-02-05 17:31:37 +08:00: \n📊 Total sessions in contract: 0
2026-02-05 17:31:37 +08:00: 🦞 Active nodes: 20 | Shards per cycle: 4
2026-02-05 17:31:37 +08:00: 📋 Active sessions: 0
2026-02-05 17:31:37 +08:00: 💤 No active sessions, waiting...
2026-02-05 17:31:48 +08:00: \n📊 Total sessions in contract: 0
2026-02-05 17:31:48 +08:00: 🦞 Active nodes: 20 | Shards per cycle: 4
2026-02-05 17:31:48 +08:00: 📋 Active sessions: 0
2026-02-05 17:31:48 +08:00: 💤 No active sessions, waiting...
2026-02-05 17:31:58 +08:00: \n📊 Total sessions in contract: 0
2026-02-05 17:31:59 +08:00: 🦞 Active nodes: 20 | Shards per cycle: 4
2026-02-05 17:31:59 +08:00: 📋 Active sessions: 0
2026-02-05 17:31:59 +08:00: 💤 No active sessions, waiting...
2026-02-05 17:32:09 +08:00: \n📊 Total sessions in contract: 1
2026-02-05 17:32:10 +08:00: 🦞 Active nodes: 20 | Shards per cycle: 4
2026-02-05 17:32:10 +08:00: 🔍 Found active session 1: 0.995 USDC (10 shards)
2026-02-05 17:32:10 +08:00: 📋 Active sessions: 1
2026-02-05 17:32:10 +08:00: \n🚀 Processing 1 sessions in 1 batches
2026-02-05 17:32:21 +08:00: \n📊 Total sessions in contract: 1
2026-02-05 17:32:21 +08:00: 🦞 Active nodes: 20 | Shards per cycle: 4
2026-02-05 17:32:21 +08:00: 📋 Active sessions: 1
2026-02-05 17:32:21 +08:00: \n🚀 Processing 1 sessions in 1 batches
2026-02-05 17:32:32 +08:00: \n📊 Total sessions in contract: 1
2026-02-05 17:32:33 +08:00: 🦞 Active nodes: 20 | Shards per cycle: 4
2026-02-05 17:32:33 +08:00: 📋 Active sessions: 1
2026-02-05 17:32:33 +08:00: \n🚀 Processing 1 sessions in 1 batches
2026-02-05 17:32:33 +08:00: 
📦 Batch 6400916: Pulsing 1 sessions [USDC] (Mixer→A) [nonce: 1959]
2026-02-05 17:32:34 +08:00: 🔄 Recovering nonce from chain...
2026-02-05 17:32:35 +08:00: ✅ Nonce recovered: 1962
2026-02-05 17:32:45 +08:00: \n📊 Total sessions in contract: 1
2026-02-05 17:32:45 +08:00: 🦞 Active nodes: 20 | Shards per cycle: 4
2026-02-05 17:32:46 +08:00: 📋 Active sessions: 1
2026-02-05 17:32:46 +08:00: \n🚀 Processing 1 sessions in 1 batches
2026-02-05 17:32:46 +08:00: 
📦 Batch 3566722: Pulsing 1 sessions [USDC] (Mixer→A) [nonce: 1962]
2026-02-05 17:32:47 +08:00: 📤 Tx sent: 0x69b7c1b696e7d51dc515c2623f81441a88c35fef14e1ff1771f512651b108360
2026-02-05 17:32:52 +08:00: ✅ Batch confirmed in block 33324285! Gas: 219316
2026-02-05 17:33:02 +08:00: \n📊 Total sessions in contract: 1
2026-02-05 17:33:03 +08:00: 🦞 Active nodes: 20 | Shards per cycle: 4
2026-02-05 17:33:03 +08:00: 📋 Active sessions: 1
2026-02-05 17:33:03 +08:00: \n🚀 Processing 1 sessions in 1 batches
2026-02-05 17:33:13 +08:00: \n📊 Total sessions in contract: 1
2026-02-05 17:33:14 +08:00: 🦞 Active nodes: 20 | Shards per cycle: 4
2026-02-05 17:33:14 +08:00: 📋 Active sessions: 1
2026-02-05 17:33:14 +08:00: \n🚀 Processing 1 sessions in 1 batches
2026-02-05 17:33:25 +08:00: \n📊 Total sessions in contract: 1
2026-02-05 17:33:25 +08:00: 🦞 Active nodes: 20 | Shards per cycle: 4
2026-02-05 17:33:26 +08:00: 📋 Active sessions: 1
2026-02-05 17:33:26 +08:00: \n🚀 Processing 1 sessions in 1 batches
2026-02-05 17:33:26 +08:00: 
📦 Batch 3633153: Pulsing 1 sessions [USDC] (A→B) [nonce: 1963]
2026-02-05 17:33:27 +08:00: 📤 Tx sent: 0xcbae20367bcc45fe861c70b347ffd986135aa834b76fc4479392a226cdf08653
2026-02-05 17:33:32 +08:00: ✅ Batch confirmed in block 33324305! Gas: 239700
2026-02-05 17:33:42 +08:00: \n📊 Total sessions in contract: 1
2026-02-05 17:33:43 +08:00: 🦞 Active nodes: 20 | Shards per cycle: 4
2026-02-05 17:33:43 +08:00: 📋 Active sessions: 1
2026-02-05 17:33:43 +08:00: \n🚀 Processing 1 sessions in 1 batches
2026-02-05 17:33:53 +08:00: \n📊 Total sessions in contract: 1
2026-02-05 17:33:54 +08:00: 🦞 Active nodes: 20 | Shards per cycle: 4
2026-02-05 17:33:54 +08:00: 📋 Active sessions: 1
2026-02-05 17:33:54 +08:00: \n🚀 Processing 1 sessions in 1 batches
2026-02-05 17:34:05 +08:00: \n📊 Total sessions in contract: 1
2026-02-05 17:34:05 +08:00: 🦞 Active nodes: 20 | Shards per cycle: 4
2026-02-05 17:34:05 +08:00: 📋 Active sessions: 1
2026-02-05 17:34:05 +08:00: \n🚀 Processing 1 sessions in 1 batches
2026-02-05 17:34:06 +08:00: 
📦 Batch 2688067: Pulsing 1 sessions [USDC] (B→C) [nonce: 1964]
2026-02-05 17:34:07 +08:00: 📤 Tx sent: 0xf152ec7a372e19555760ed04ec73fc2ea086ed75d76eb24ece1f4a9e1e54f48f
2026-02-05 17:34:12 +08:00: ✅ Batch confirmed in block 33324325! Gas: 239996
2026-02-05 17:34:22 +08:00: \n📊 Total sessions in contract: 1
2026-02-05 17:34:22 +08:00: 🦞 Active nodes: 20 | Shards per cycle: 4
2026-02-05 17:34:23 +08:00: 📋 Active sessions: 1
2026-02-05 17:34:23 +08:00: \n🚀 Processing 1 sessions in 1 batches
2026-02-05 17:34:33 +08:00: \n📊 Total sessions in contract: 1
2026-02-05 17:34:34 +08:00: 🦞 Active nodes: 20 | Shards per cycle: 4
2026-02-05 17:34:34 +08:00: 📋 Active sessions: 1
2026-02-05 17:34:34 +08:00: \n🚀 Processing 1 sessions in 1 batches
2026-02-05 17:34:44 +08:00: \n📊 Total sessions in contract: 1
2026-02-05 17:34:45 +08:00: 🦞 Active nodes: 20 | Shards per cycle: 4
2026-02-05 17:34:45 +08:00: 📋 Active sessions: 1
2026-02-05 17:34:45 +08:00: \n🚀 Processing 1 sessions in 1 batches
2026-02-05 17:34:45 +08:00: 
📦 Batch 5510467: Pulsing 1 sessions [USDC] (C→D) [nonce: 1965]
2026-02-05 17:34:46 +08:00: 📤 Tx sent: 0x06775cc0de477f1b1039cdd2fcc831ec522617011d777b5786f230526c16d14b
2026-02-05 17:34:51 +08:00: ✅ Batch confirmed in block 33324344! Gas: 240076
2026-02-05 17:35:02 +08:00: \n📊 Total sessions in contract: 1
2026-02-05 17:35:02 +08:00: 🦞 Active nodes: 20 | Shards per cycle: 4
2026-02-05 17:35:02 +08:00: 📋 Active sessions: 1
2026-02-05 17:35:02 +08:00: \n🚀 Processing 1 sessions in 1 batches
2026-02-05 17:35:13 +08:00: \n📊 Total sessions in contract: 1
2026-02-05 17:35:13 +08:00: 🦞 Active nodes: 20 | Shards per cycle: 4
2026-02-05 17:35:13 +08:00: 📋 Active sessions: 1
2026-02-05 17:35:13 +08:00: \n🚀 Processing 1 sessions in 1 batches
2026-02-05 17:35:24 +08:00: \n📊 Total sessions in contract: 1
2026-02-05 17:35:24 +08:00: 🦞 Active nodes: 20 | Shards per cycle: 4
2026-02-05 17:35:25 +08:00: 📋 Active sessions: 1
2026-02-05 17:35:25 +08:00: \n🚀 Processing 1 sessions in 1 batches
2026-02-05 17:35:25 +08:00: 
📦 Batch 3537259: Pulsing 1 sessions [USDC] (D→E) [nonce: 1966]
2026-02-05 17:35:26 +08:00: 📤 Tx sent: 0x85c3c57c979204112533ba0e9607825e2c0ce84e9a506e0e12714ad9861042da
2026-02-05 17:35:31 +08:00: ✅ Batch confirmed in block 33324364! Gas: 240099
2026-02-05 17:35:41 +08:00: \n📊 Total sessions in contract: 1
2026-02-05 17:35:42 +08:00: 🦞 Active nodes: 20 | Shards per cycle: 4
2026-02-05 17:35:42 +08:00: 📋 Active sessions: 1
2026-02-05 17:35:42 +08:00: \n🚀 Processing 1 sessions in 1 batches
2026-02-05 17:35:53 +08:00: \n📊 Total sessions in contract: 1
2026-02-05 17:35:53 +08:00: 🦞 Active nodes: 20 | Shards per cycle: 4
2026-02-05 17:35:53 +08:00: 📋 Active sessions: 1
2026-02-05 17:35:53 +08:00: \n🚀 Processing 1 sessions in 1 batches
2026-02-05 17:36:04 +08:00: \n📊 Total sessions in contract: 1
2026-02-05 17:36:04 +08:00: 🦞 Active nodes: 20 | Shards per cycle: 4
2026-02-05 17:36:04 +08:00: 📋 Active sessions: 1
2026-02-05 17:36:04 +08:00: \n🚀 Processing 1 sessions in 1 batches
2026-02-05 17:36:05 +08:00: 
📦 Batch 4602157: Pulsing 1 sessions [USDC] (E→Recipient) [nonce: 1967]
2026-02-05 17:36:06 +08:00: 📤 Tx sent: 0x71fc246a4bf75299b886ca0ba20f57aff45816ec85ca84fcee3a2417500d6131
2026-02-05 17:36:11 +08:00: ✅ Batch confirmed in block 33324384! Gas: 138821
2026-02-05 17:36:21 +08:00: \n📊 Total sessions in contract: 1
2026-02-05 17:36:21 +08:00: 🦞 Active nodes: 20 | Shards per cycle: 4
2026-02-05 17:36:22 +08:00: 📋 Active sessions: 1
2026-02-05 17:36:22 +08:00: \n🚀 Processing 1 sessions in 1 batches
2026-02-05 17:36:32 +08:00: \n📊 Total sessions in contract: 1
2026-02-05 17:36:33 +08:00: 🦞 Active nodes: 20 | Shards per cycle: 4
2026-02-05 17:36:33 +08:00: 📋 Active sessions: 1
2026-02-05 17:36:33 +08:00: \n🚀 Processing 1 sessions in 1 batches
2026-02-05 17:36:43 +08:00: \n📊 Total sessions in contract: 1
2026-02-05 17:36:44 +08:00: 🦞 Active nodes: 20 | Shards per cycle: 4
2026-02-05 17:36:44 +08:00: 📋 Active sessions: 1
2026-02-05 17:36:44 +08:00: \n🚀 Processing 1 sessions in 1 batches
2026-02-05 17:36:45 +08:00: 
📦 Batch 7508986: Pulsing 1 sessions [USDC] (Wave Complete) [nonce: 1968]
2026-02-05 17:36:45 +08:00: 📤 Tx sent: 0x5908fdb1197357716d31994842ed6beee30a55dc3d52cebf19ded8581f1e29b0
2026-02-05 17:36:50 +08:00: ✅ Batch confirmed in block 33324404! Gas: 52018
2026-02-05 17:37:01 +08:00: \n📊 Total sessions in contract: 1
2026-02-05 17:37:01 +08:00: 🦞 Active nodes: 20 | Shards per cycle: 4
2026-02-05 17:37:01 +08:00: 📋 Active sessions: 1
2026-02-05 17:37:01 +08:00: \n🚀 Processing 1 sessions in 1 batches
2026-02-05 17:37:12 +08:00: \n📊 Total sessions in contract: 1
2026-02-05 17:37:12 +08:00: 🦞 Active nodes: 20 | Shards per cycle: 4
2026-02-05 17:37:13 +08:00: 📋 Active sessions: 1
2026-02-05 17:37:13 +08:00: \n🚀 Processing 1 sessions in 1 batches
2026-02-05 17:37:23 +08:00: \n📊 Total sessions in contract: 1
2026-02-05 17:37:24 +08:00: 🦞 Active nodes: 20 | Shards per cycle: 4
2026-02-05 17:37:24 +08:00: 📋 Active sessions: 1
2026-02-05 17:37:24 +08:00: \n🚀 Processing 1 sessions in 1 batches
2026-02-05 17:37:24 +08:00: 
📦 Batch 6556212: Pulsing 1 sessions [USDC] (Mixer→A) [nonce: 1969]
2026-02-05 17:37:25 +08:00: 📤 Tx sent: 0xa1fdbbb989c4d478031ea16ba5ef7311cc0306339beefc48696b3cafdf6eae35
2026-02-05 17:37:30 +08:00: ✅ Batch confirmed in block 33324424! Gas: 219316
2026-02-05 17:37:40 +08:00: \n📊 Total sessions in contract: 1
2026-02-05 17:37:41 +08:00: 🦞 Active nodes: 20 | Shards per cycle: 4
2026-02-05 17:37:41 +08:00: 📋 Active sessions: 1
2026-02-05 17:37:41 +08:00: \n🚀 Processing 1 sessions in 1 batches
2026-02-05 17:37:52 +08:00: \n📊 Total sessions in contract: 1
2026-02-05 17:37:52 +08:00: 🦞 Active nodes: 20 | Shards per cycle: 4
2026-02-05 17:37:52 +08:00: 📋 Active sessions: 1
2026-02-05 17:37:52 +08:00: \n🚀 Processing 1 sessions in 1 batches
2026-02-05 17:38:03 +08:00: \n📊 Total sessions in contract: 1
2026-02-05 17:38:03 +08:00: 🦞 Active nodes: 20 | Shards per cycle: 4
2026-02-05 17:38:04 +08:00: 📋 Active sessions: 1
2026-02-05 17:38:04 +08:00: \n🚀 Processing 1 sessions in 1 batches
2026-02-05 17:38:04 +08:00: 
📦 Batch 8537935: Pulsing 1 sessions [USDC] (A→B) [nonce: 1970]
2026-02-05 17:38:05 +08:00: 📤 Tx sent: 0x7eaf2392d9a4dd31cf345e3e316800cb3a87833ed45ee0734963035be9cbbb92
2026-02-05 17:38:10 +08:00: ✅ Batch confirmed in block 33324444! Gas: 239700
2026-02-05 17:38:20 +08:00: \n📊 Total sessions in contract: 1
2026-02-05 17:38:21 +08:00: 🦞 Active nodes: 20 | Shards per cycle: 4
2026-02-05 17:38:21 +08:00: 📋 Active sessions: 1
2026-02-05 17:38:21 +08:00: \n🚀 Processing 1 sessions in 1 batches
2026-02-05 17:38:31 +08:00: \n📊 Total sessions in contract: 1
2026-02-05 17:38:32 +08:00: 🦞 Active nodes: 20 | Shards per cycle: 4
2026-02-05 17:38:32 +08:00: 📋 Active sessions: 1
2026-02-05 17:38:32 +08:00: \n🚀 Processing 1 sessions in 1 batches
2026-02-05 17:38:43 +08:00: \n📊 Total sessions in contract: 1
2026-02-05 17:38:43 +08:00: 🦞 Active nodes: 20 | Shards per cycle: 4
2026-02-05 17:38:43 +08:00: 📋 Active sessions: 1
2026-02-05 17:38:43 +08:00: \n🚀 Processing 1 sessions in 1 batches
2026-02-05 17:38:44 +08:00: 
📦 Batch 5734252: Pulsing 1 sessions [USDC] (B→C) [nonce: 1971]
2026-02-05 17:38:45 +08:00: 📤 Tx sent: 0x715f8b0c5a02bcdad741df20c18250c4f4efb5d294a084e68aeab19f3137f197
2026-02-05 17:38:50 +08:00: ✅ Batch confirmed in block 33324464! Gas: 239996
2026-02-05 17:39:00 +08:00: \n📊 Total sessions in contract: 1
2026-02-05 17:39:00 +08:00: 🦞 Active nodes: 20 | Shards per cycle: 4
2026-02-05 17:39:01 +08:00: 📋 Active sessions: 1
2026-02-05 17:39:01 +08:00: \n🚀 Processing 1 sessions in 1 batches
2026-02-05 17:39:11 +08:00: \n📊 Total sessions in contract: 1
2026-02-05 17:39:12 +08:00: 🦞 Active nodes: 20 | Shards per cycle: 4
2026-02-05 17:39:12 +08:00: 📋 Active sessions: 1
2026-02-05 17:39:12 +08:00: \n🚀 Processing 1 sessions in 1 batches
2026-02-05 17:39:22 +08:00: \n📊 Total sessions in contract: 1
2026-02-05 17:39:23 +08:00: 🦞 Active nodes: 20 | Shards per cycle: 4
2026-02-05 17:39:23 +08:00: 📋 Active sessions: 1
2026-02-05 17:39:23 +08:00: \n🚀 Processing 1 sessions in 1 batches
2026-02-05 17:39:24 +08:00: 
📦 Batch 8343395: Pulsing 1 sessions [USDC] (C→D) [nonce: 1972]
2026-02-05 17:39:25 +08:00: 📤 Tx sent: 0x55f082044fe8ea6a7cd4ff0e5b0fa9f258624c4e9666437d1908de38bd73a663
2026-02-05 17:39:30 +08:00: ✅ Batch confirmed in block 33324484! Gas: 240076
2026-02-05 17:39:40 +08:00: \n📊 Total sessions in contract: 1
2026-02-05 17:39:40 +08:00: 🦞 Active nodes: 20 | Shards per cycle: 4
2026-02-05 17:39:41 +08:00: 📋 Active sessions: 1
2026-02-05 17:39:41 +08:00: \n🚀 Processing 1 sessions in 1 batches
2026-02-05 17:39:51 +08:00: \n📊 Total sessions in contract: 1
2026-02-05 17:39:52 +08:00: 🦞 Active nodes: 20 | Shards per cycle: 4
2026-02-05 17:39:52 +08:00: 📋 Active sessions: 1
2026-02-05 17:39:52 +08:00: \n🚀 Processing 1 sessions in 1 batches
2026-02-05 17:40:02 +08:00: \n📊 Total sessions in contract: 1
2026-02-05 17:40:03 +08:00: 🦞 Active nodes: 20 | Shards per cycle: 4
2026-02-05 17:40:03 +08:00: 📋 Active sessions: 1
2026-02-05 17:40:03 +08:00: \n🚀 Processing 1 sessions in 1 batches
2026-02-05 17:40:04 +08:00: 
📦 Batch 8775153: Pulsing 1 sessions [USDC] (D→E) [nonce: 1973]
2026-02-05 17:40:04 +08:00: 📤 Tx sent: 0xa22d7a2cff0a9fe8ee610523cda199cce1c143fb9aea4ce950b4cc7913f0edc1
2026-02-05 17:40:09 +08:00: ✅ Batch confirmed in block 33324503! Gas: 240099
2026-02-05 17:40:20 +08:00: \n📊 Total sessions in contract: 1
2026-02-05 17:40:20 +08:00: 🦞 Active nodes: 20 | Shards per cycle: 4
2026-02-05 17:40:20 +08:00: 📋 Active sessions: 1
2026-02-05 17:40:20 +08:00: \n🚀 Processing 1 sessions in 1 batches
2026-02-05 17:40:31 +08:00: \n📊 Total sessions in contract: 1
2026-02-05 17:40:31 +08:00: 🦞 Active nodes: 20 | Shards per cycle: 4
2026-02-05 17:40:32 +08:00: 📋 Active sessions: 1
2026-02-05 17:40:32 +08:00: \n🚀 Processing 1 sessions in 1 batches
2026-02-05 17:40:42 +08:00: \n📊 Total sessions in contract: 1
2026-02-05 17:40:43 +08:00: 🦞 Active nodes: 20 | Shards per cycle: 4
2026-02-05 17:40:43 +08:00: 📋 Active sessions: 1
2026-02-05 17:40:43 +08:00: \n🚀 Processing 1 sessions in 1 batches
2026-02-05 17:40:43 +08:00: 
📦 Batch 8781419: Pulsing 1 sessions [USDC] (E→Recipient) [nonce: 1974]
2026-02-05 17:40:44 +08:00: 📤 Tx sent: 0xc7a28d1a031227e6bcdb04cb3bc9cee955b0c9f0d12cc95086c8091702f48533
2026-02-05 17:40:49 +08:00: ✅ Batch confirmed in block 33324523! Gas: 138821
2026-02-05 17:40:59 +08:00: \n📊 Total sessions in contract: 1
2026-02-05 17:41:00 +08:00: 🦞 Active nodes: 20 | Shards per cycle: 4
2026-02-05 17:41:00 +08:00: 📋 Active sessions: 1
2026-02-05 17:41:00 +08:00: \n🚀 Processing 1 sessions in 1 batches
2026-02-05 17:41:11 +08:00: \n📊 Total sessions in contract: 1
2026-02-05 17:41:11 +08:00: 🦞 Active nodes: 20 | Shards per cycle: 4
2026-02-05 17:41:11 +08:00: 📋 Active sessions: 1
2026-02-05 17:41:11 +08:00: \n🚀 Processing 1 sessions in 1 batches
2026-02-05 17:41:22 +08:00: \n📊 Total sessions in contract: 1
2026-02-05 17:41:22 +08:00: 🦞 Active nodes: 20 | Shards per cycle: 4
2026-02-05 17:41:23 +08:00: 📋 Active sessions: 1
2026-02-05 17:41:23 +08:00: \n🚀 Processing 1 sessions in 1 batches
2026-02-05 17:41:23 +08:00: 
📦 Batch 2123239: Pulsing 1 sessions [USDC] (Wave Complete) [nonce: 1975]
2026-02-05 17:41:24 +08:00: 📤 Tx sent: 0xd8b41c1b6eec15bab6c0b22ad7ddac986e7d5a5ca62def1259819168b3a4e988
2026-02-05 17:41:29 +08:00: ✅ Batch confirmed in block 33324543! Gas: 52018
2026-02-05 17:41:39 +08:00: \n📊 Total sessions in contract: 1
2026-02-05 17:41:40 +08:00: 🦞 Active nodes: 20 | Shards per cycle: 4
2026-02-05 17:41:40 +08:00: 📋 Active sessions: 1
2026-02-05 17:41:40 +08:00: \n🚀 Processing 1 sessions in 1 batches
2026-02-05 17:41:51 +08:00: \n📊 Total sessions in contract: 1
2026-02-05 17:41:51 +08:00: 🦞 Active nodes: 20 | Shards per cycle: 4
2026-02-05 17:41:51 +08:00: 📋 Active sessions: 1
2026-02-05 17:41:51 +08:00: \n🚀 Processing 1 sessions in 1 batches
2026-02-05 17:42:02 +08:00: \n📊 Total sessions in contract: 1
2026-02-05 17:42:02 +08:00: 🦞 Active nodes: 20 | Shards per cycle: 4
2026-02-05 17:42:02 +08:00: 📋 Active sessions: 1
2026-02-05 17:42:02 +08:00: \n🚀 Processing 1 sessions in 1 batches
2026-02-05 17:42:03 +08:00: 
📦 Batch 3383789: Pulsing 1 sessions [USDC] (Mixer→A) [nonce: 1976]
2026-02-05 17:42:04 +08:00: 📤 Tx sent: 0x2a47170443a2339ae2524226dd3dfff7d47c26b3c24381e0d354f20425e7e5b3
2026-02-05 17:42:09 +08:00: ✅ Batch confirmed in block 33324563! Gas: 158161
2026-02-05 17:42:19 +08:00: \n📊 Total sessions in contract: 1
2026-02-05 17:42:20 +08:00: 🦞 Active nodes: 20 | Shards per cycle: 4
2026-02-05 17:42:20 +08:00: 📋 Active sessions: 1
2026-02-05 17:42:20 +08:00: \n🚀 Processing 1 sessions in 1 batches
2026-02-05 17:42:30 +08:00: \n📊 Total sessions in contract: 1
2026-02-05 17:42:31 +08:00: 🦞 Active nodes: 20 | Shards per cycle: 4
2026-02-05 17:42:31 +08:00: 📋 Active sessions: 1
2026-02-05 17:42:31 +08:00: \n🚀 Processing 1 sessions in 1 batches
2026-02-05 17:42:42 +08:00: \n📊 Total sessions in contract: 1
2026-02-05 17:42:42 +08:00: 🦞 Active nodes: 20 | Shards per cycle: 4
2026-02-05 17:42:42 +08:00: 📋 Active sessions: 1
2026-02-05 17:42:42 +08:00: \n🚀 Processing 1 sessions in 1 batches
2026-02-05 17:42:43 +08:00: 
📦 Batch 3853190: Pulsing 1 sessions [USDC] (A→B) [nonce: 1977]
2026-02-05 17:42:44 +08:00: 🔄 Recovering nonce from chain...
2026-02-05 17:42:44 +08:00: ✅ Nonce recovered: 1980
2026-02-05 17:42:54 +08:00: \n📊 Total sessions in contract: 1
2026-02-05 17:42:54 +08:00: 🦞 Active nodes: 20 | Shards per cycle: 4
2026-02-05 17:42:55 +08:00: 📋 Active sessions: 1
2026-02-05 17:42:55 +08:00: \n🚀 Processing 1 sessions in 1 batches
2026-02-05 17:42:55 +08:00: 
📦 Batch 9710169: Pulsing 1 sessions [USDC] (A→B) [nonce: 1980]
2026-02-05 17:42:56 +08:00: 📤 Tx sent: 0x063c9509b8e16d635a4c375eb1286054506968842ab01d475daac60dca740cc2
2026-02-05 17:43:01 +08:00: ✅ Batch confirmed in block 33324589! Gas: 172397
2026-02-05 17:43:11 +08:00: \n📊 Total sessions in contract: 1
2026-02-05 17:43:12 +08:00: 🦞 Active nodes: 20 | Shards per cycle: 4
2026-02-05 17:43:12 +08:00: 📋 Active sessions: 1
2026-02-05 17:43:12 +08:00: \n🚀 Processing 1 sessions in 1 batches
2026-02-05 17:43:22 +08:00: \n📊 Total sessions in contract: 1
2026-02-05 17:43:23 +08:00: 🦞 Active nodes: 20 | Shards per cycle: 4
2026-02-05 17:43:23 +08:00: 📋 Active sessions: 1
2026-02-05 17:43:23 +08:00: \n🚀 Processing 1 sessions in 1 batches
2026-02-05 17:43:34 +08:00: \n📊 Total sessions in contract: 1
2026-02-05 17:43:34 +08:00: 🦞 Active nodes: 20 | Shards per cycle: 4
2026-02-05 17:43:34 +08:00: 📋 Active sessions: 1
2026-02-05 17:43:34 +08:00: \n🚀 Processing 1 sessions in 1 batches
2026-02-05 17:43:35 +08:00: 
📦 Batch 6625455: Pulsing 1 sessions [USDC] (B→C) [nonce: 1981]
2026-02-05 17:43:36 +08:00: 📤 Tx sent: 0x3c2323bb54b7ab13e3804b311a746d88c7af744706c5e31d299b72d75a74750f
2026-02-05 17:43:41 +08:00: ✅ Batch confirmed in block 33324609! Gas: 172693
2026-02-05 17:43:51 +08:00: \n📊 Total sessions in contract: 1
2026-02-05 17:43:51 +08:00: 🦞 Active nodes: 20 | Shards per cycle: 4
2026-02-05 17:43:52 +08:00: 📋 Active sessions: 1
2026-02-05 17:43:52 +08:00: \n🚀 Processing 1 sessions in 1 batches
2026-02-05 17:44:02 +08:00: \n📊 Total sessions in contract: 1
2026-02-05 17:44:03 +08:00: 🦞 Active nodes: 20 | Shards per cycle: 4
2026-02-05 17:44:03 +08:00: 📋 Active sessions: 1
2026-02-05 17:44:03 +08:00: \n🚀 Processing 1 sessions in 1 batches
2026-02-05 17:44:13 +08:00: \n📊 Total sessions in contract: 1
2026-02-05 17:44:14 +08:00: 🦞 Active nodes: 20 | Shards per cycle: 4
2026-02-05 17:44:14 +08:00: 📋 Active sessions: 1
2026-02-05 17:44:14 +08:00: \n🚀 Processing 1 sessions in 1 batches
2026-02-05 17:44:15 +08:00: 
📦 Batch 9541781: Pulsing 1 sessions [USDC] (C→D) [nonce: 1982]
2026-02-05 17:44:15 +08:00: 🔄 Recovering nonce from chain...
2026-02-05 17:44:16 +08:00: ✅ Nonce recovered: 1983
2026-02-05 17:44:26 +08:00: \n📊 Total sessions in contract: 1
2026-02-05 17:44:26 +08:00: 🦞 Active nodes: 20 | Shards per cycle: 4
2026-02-05 17:44:27 +08:00: 📋 Active sessions: 1
2026-02-05 17:44:27 +08:00: \n🚀 Processing 1 sessions in 1 batches
2026-02-05 17:44:27 +08:00: 
📦 Batch 5011711: Pulsing 1 sessions [USDC] (C→D) [nonce: 1983]
2026-02-05 17:44:28 +08:00: 📤 Tx sent: 0xfa0da8a905cbe63abb7d6ab26de9c32ededa43371e2841292db1d2a447bfa03a
2026-02-05 17:44:33 +08:00: ✅ Batch confirmed in block 33324635! Gas: 172773
2026-02-05 17:44:43 +08:00: \n📊 Total sessions in contract: 1
2026-02-05 17:44:44 +08:00: 🦞 Active nodes: 20 | Shards per cycle: 4
2026-02-05 17:44:44 +08:00: 📋 Active sessions: 1
2026-02-05 17:44:44 +08:00: \n🚀 Processing 1 sessions in 1 batches
2026-02-05 17:44:55 +08:00: \n📊 Total sessions in contract: 1
2026-02-05 17:44:55 +08:00: 🦞 Active nodes: 20 | Shards per cycle: 4
2026-02-05 17:44:55 +08:00: 📋 Active sessions: 1
2026-02-05 17:44:55 +08:00: \n🚀 Processing 1 sessions in 1 batches
2026-02-05 17:45:06 +08:00: \n📊 Total sessions in contract: 1
2026-02-05 17:45:06 +08:00: 🦞 Active nodes: 20 | Shards per cycle: 4
2026-02-05 17:45:06 +08:00: 📋 Active sessions: 1
2026-02-05 17:45:06 +08:00: \n🚀 Processing 1 sessions in 1 batches
2026-02-05 17:45:07 +08:00: 
📦 Batch 5723801: Pulsing 1 sessions [USDC] (D→E) [nonce: 1984]
2026-02-05 17:45:08 +08:00: 🔄 Recovering nonce from chain...
2026-02-05 17:45:08 +08:00: ✅ Nonce recovered: 1986
2026-02-05 17:45:18 +08:00: \n📊 Total sessions in contract: 1
2026-02-05 17:45:19 +08:00: 🦞 Active nodes: 20 | Shards per cycle: 4
2026-02-05 17:45:19 +08:00: 📋 Active sessions: 1
2026-02-05 17:45:19 +08:00: \n🚀 Processing 1 sessions in 1 batches
2026-02-05 17:45:20 +08:00: 
📦 Batch 5820692: Pulsing 1 sessions [USDC] (D→E) [nonce: 1986]
2026-02-05 17:45:20 +08:00: 🔄 Recovering nonce from chain...
2026-02-05 17:45:21 +08:00: ✅ Nonce recovered: 1988
2026-02-05 17:45:31 +08:00: \n📊 Total sessions in contract: 1
2026-02-05 17:45:31 +08:00: 🦞 Active nodes: 20 | Shards per cycle: 4
2026-02-05 17:45:32 +08:00: 📋 Active sessions: 1
2026-02-05 17:45:32 +08:00: \n🚀 Processing 1 sessions in 1 batches
2026-02-05 17:45:32 +08:00: 
📦 Batch 2252981: Pulsing 1 sessions [USDC] (D→E) [nonce: 1988]
2026-02-05 17:45:33 +08:00: 🔄 Recovering nonce from chain...
2026-02-05 17:45:33 +08:00: ✅ Nonce recovered: 1990
2026-02-05 17:45:44 +08:00: \n📊 Total sessions in contract: 1
2026-02-05 17:45:44 +08:00: 🦞 Active nodes: 20 | Shards per cycle: 4
2026-02-05 17:45:44 +08:00: 📋 Active sessions: 1
2026-02-05 17:45:44 +08:00: \n🚀 Processing 1 sessions in 1 batches
2026-02-05 17:45:45 +08:00: 
📦 Batch 7775502: Pulsing 1 sessions [USDC] (D→E) [nonce: 1990]
2026-02-05 17:45:46 +08:00: 🔄 Recovering nonce from chain...
2026-02-05 17:45:46 +08:00: ✅ Nonce recovered: 1991
2026-02-05 17:45:56 +08:00: \n📊 Total sessions in contract: 1
2026-02-05 17:45:57 +08:00: 🦞 Active nodes: 20 | Shards per cycle: 4
2026-02-05 17:45:57 +08:00: 📋 Active sessions: 1
2026-02-05 17:45:57 +08:00: \n🚀 Processing 1 sessions in 1 batches
2026-02-05 17:45:57 +08:00: 
📦 Batch 3435959: Pulsing 1 sessions [USDC] (D→E) [nonce: 1991]
2026-02-05 17:45:58 +08:00: 🔄 Recovering nonce from chain...
2026-02-05 17:45:58 +08:00: ✅ Nonce recovered: 1993
2026-02-05 17:46:09 +08:00: \n📊 Total sessions in contract: 1
2026-02-05 17:46:09 +08:00: 🦞 Active nodes: 20 | Shards per cycle: 4
2026-02-05 17:46:09 +08:00: 📋 Active sessions: 1
2026-02-05 17:46:09 +08:00: \n🚀 Processing 1 sessions in 1 batches
2026-02-05 17:46:10 +08:00: 
📦 Batch 2658476: Pulsing 1 sessions [USDC] (D→E) [nonce: 1993]
2026-02-05 17:46:11 +08:00: 🔄 Recovering nonce from chain...
2026-02-05 17:46:11 +08:00: ✅ Nonce recovered: 1994
2026-02-05 17:46:21 +08:00: \n📊 Total sessions in contract: 1
2026-02-05 17:46:22 +08:00: 🦞 Active nodes: 20 | Shards per cycle: 4
2026-02-05 17:46:22 +08:00: 📋 Active sessions: 1
2026-02-05 17:46:22 +08:00: \n🚀 Processing 1 sessions in 1 batches
2026-02-05 17:46:22 +08:00: 
📦 Batch 3906490: Pulsing 1 sessions [USDC] (D→E) [nonce: 1994]
2026-02-05 17:46:23 +08:00: 🔄 Recovering nonce from chain...
2026-02-05 17:46:24 +08:00: ✅ Nonce recovered: 1996
2026-02-05 17:46:34 +08:00: \n📊 Total sessions in contract: 1
2026-02-05 17:46:34 +08:00: 🦞 Active nodes: 20 | Shards per cycle: 4
2026-02-05 17:46:35 +08:00: 📋 Active sessions: 1
2026-02-05 17:46:35 +08:00: \n🚀 Processing 1 sessions in 1 batches
2026-02-05 17:46:35 +08:00: 
📦 Batch 7963179: Pulsing 1 sessions [USDC] (D→E) [nonce: 1996]
2026-02-05 17:46:36 +08:00: 🔄 Recovering nonce from chain...
2026-02-05 17:46:36 +08:00: ✅ Nonce recovered: 1997
2026-02-05 17:46:46 +08:00: \n📊 Total sessions in contract: 1
2026-02-05 17:46:47 +08:00: 🦞 Active nodes: 20 | Shards per cycle: 4
2026-02-05 17:46:47 +08:00: 📋 Active sessions: 1
2026-02-05 17:46:47 +08:00: \n🚀 Processing 1 sessions in 1 batches
2026-02-05 17:46:47 +08:00: 
📦 Batch 6107344: Pulsing 1 sessions [USDC] (D→E) [nonce: 1997]
2026-02-05 17:46:48 +08:00: 🔄 Recovering nonce from chain...
2026-02-05 17:46:49 +08:00: ✅ Nonce recovered: 1999
2026-02-05 17:46:59 +08:00: \n📊 Total sessions in contract: 1
2026-02-05 17:46:59 +08:00: 🦞 Active nodes: 20 | Shards per cycle: 4
2026-02-05 17:47:00 +08:00: 📋 Active sessions: 1
2026-02-05 17:47:00 +08:00: \n🚀 Processing 1 sessions in 1 batches
2026-02-05 17:47:00 +08:00: 
📦 Batch 1235855: Pulsing 1 sessions [USDC] (D→E) [nonce: 1999]
2026-02-05 17:47:01 +08:00: 🔄 Recovering nonce from chain...
2026-02-05 17:47:01 +08:00: ✅ Nonce recovered: 2001
2026-02-05 17:47:11 +08:00: \n📊 Total sessions in contract: 1
2026-02-05 17:47:12 +08:00: 🦞 Active nodes: 20 | Shards per cycle: 4
2026-02-05 17:47:12 +08:00: 📋 Active sessions: 1
2026-02-05 17:47:12 +08:00: \n🚀 Processing 1 sessions in 1 batches
2026-02-05 17:47:13 +08:00: 
📦 Batch 9113549: Pulsing 1 sessions [USDC] (D→E) [nonce: 2001]
2026-02-05 17:47:14 +08:00: 🔄 Recovering nonce from chain...
2026-02-05 17:47:14 +08:00: ✅ Nonce recovered: 2002
2026-02-05 17:47:24 +08:00: \n📊 Total sessions in contract: 1
2026-02-05 17:47:25 +08:00: 🦞 Active nodes: 20 | Shards per cycle: 4
2026-02-05 17:47:25 +08:00: 📋 Active sessions: 1
2026-02-05 17:47:25 +08:00: \n🚀 Processing 1 sessions in 1 batches
2026-02-05 17:47:25 +08:00: 
📦 Batch 3327097: Pulsing 1 sessions [USDC] (D→E) [nonce: 2002]
2026-02-05 17:47:26 +08:00: 🔄 Recovering nonce from chain...
2026-02-05 17:47:26 +08:00: ✅ Nonce recovered: 2004
2026-02-05 17:47:37 +08:00: \n📊 Total sessions in contract: 1
2026-02-05 17:47:37 +08:00: 🦞 Active nodes: 20 | Shards per cycle: 4
2026-02-05 17:47:37 +08:00: 📋 Active sessions: 1
2026-02-05 17:47:37 +08:00: \n🚀 Processing 1 sessions in 1 batches
2026-02-05 17:47:38 +08:00: 
📦 Batch 3413074: Pulsing 1 sessions [USDC] (D→E) [nonce: 2004]
2026-02-05 17:47:39 +08:00: 📤 Tx sent: 0x0f3faa342f7a5129cdf3f82618d8d5486c819df32fe2f598ba7e24c9780bbe08
2026-02-05 17:47:44 +08:00: ✅ Batch confirmed in block 33324731! Gas: 172796
2026-02-05 17:47:48 +08:00: 🦞 Lobster Mixer Multi-Threaded Orchestrator Starting...
2026-02-05 17:47:48 +08:00: 📋 Contract: 0x70Da0050Ac783967cB21e4b53311B4060279a76B
2026-02-05 17:47:48 +08:00: 💼 Operator: 0x93DF27665990aB68e9fc5CB7B7b6602F6757d3fA
2026-02-05 17:47:48 +08:00: 📊 Health server running on :3000
2026-02-05 17:47:48 +08:00: 💰 Operator balance: 469.091666248260335482 POL
2026-02-05 17:47:48 +08:00: 🔢 Nonce initialized: 2005
2026-02-05 17:47:48 +08:00: \n🔄 Starting batch orchestrator (40 sessions/batch, 3 concurrent batches)...\n
2026-02-05 17:47:48 +08:00: \n📊 Total sessions in contract: 0
2026-02-05 17:47:49 +08:00: 🦞 Active nodes: 20 | Shards per cycle: 4
2026-02-05 17:47:49 +08:00: 📋 Active sessions: 0
2026-02-05 17:47:49 +08:00: 💤 No active sessions, waiting...
2026-02-05 17:47:59 +08:00: \n📊 Total sessions in contract: 0
2026-02-05 17:48:00 +08:00: 🦞 Active nodes: 20 | Shards per cycle: 4
2026-02-05 17:48:00 +08:00: 📋 Active sessions: 0
2026-02-05 17:48:00 +08:00: 💤 No active sessions, waiting...
2026-02-05 17:48:10 +08:00: \n📊 Total sessions in contract: 0
2026-02-05 17:48:10 +08:00: 🦞 Active nodes: 20 | Shards per cycle: 4
2026-02-05 17:48:10 +08:00: 📋 Active sessions: 0
2026-02-05 17:48:10 +08:00: 💤 No active sessions, waiting...
2026-02-05 17:48:21 +08:00: \n📊 Total sessions in contract: 0
2026-02-05 17:48:21 +08:00: 🦞 Active nodes: 20 | Shards per cycle: 4
2026-02-05 17:48:21 +08:00: 📋 Active sessions: 0
2026-02-05 17:48:21 +08:00: 💤 No active sessions, waiting...
2026-02-05 17:48:31 +08:00: \n📊 Total sessions in contract: 0
2026-02-05 17:48:32 +08:00: 🦞 Active nodes: 20 | Shards per cycle: 4
2026-02-05 17:48:32 +08:00: 📋 Active sessions: 0
2026-02-05 17:48:32 +08:00: 💤 No active sessions, waiting...
2026-02-05 17:48:42 +08:00: \n📊 Total sessions in contract: 0
2026-02-05 17:48:43 +08:00: 🦞 Active nodes: 20 | Shards per cycle: 4
2026-02-05 17:48:43 +08:00: 📋 Active sessions: 0
2026-02-05 17:48:43 +08:00: 💤 No active sessions, waiting...
2026-02-05 17:48:53 +08:00: \n📊 Total sessions in contract: 0
2026-02-05 17:48:53 +08:00: 🦞 Active nodes: 20 | Shards per cycle: 4
2026-02-05 17:48:53 +08:00: 📋 Active sessions: 0
2026-02-05 17:48:53 +08:00: 💤 No active sessions, waiting...
2026-02-05 17:49:04 +08:00: \n📊 Total sessions in contract: 0
2026-02-05 17:49:04 +08:00: 🦞 Active nodes: 20 | Shards per cycle: 4
2026-02-05 17:49:04 +08:00: 📋 Active sessions: 0
2026-02-05 17:49:04 +08:00: 💤 No active sessions, waiting...
2026-02-05 17:49:15 +08:00: \n📊 Total sessions in contract: 0
2026-02-05 17:49:15 +08:00: 🦞 Active nodes: 20 | Shards per cycle: 4
2026-02-05 17:49:15 +08:00: 📋 Active sessions: 0
2026-02-05 17:49:15 +08:00: 💤 No active sessions, waiting...
2026-02-05 17:49:25 +08:00: \n📊 Total sessions in contract: 0
2026-02-05 17:49:26 +08:00: 🦞 Active nodes: 20 | Shards per cycle: 4
2026-02-05 17:49:26 +08:00: 📋 Active sessions: 0
2026-02-05 17:49:26 +08:00: 💤 No active sessions, waiting...
2026-02-05 17:49:36 +08:00: \n📊 Total sessions in contract: 0
2026-02-05 17:49:37 +08:00: 🦞 Active nodes: 20 | Shards per cycle: 4
2026-02-05 17:49:37 +08:00: 📋 Active sessions: 0
2026-02-05 17:49:37 +08:00: 💤 No active sessions, waiting...
2026-02-05 17:49:47 +08:00: \n📊 Total sessions in contract: 0
2026-02-05 17:49:47 +08:00: 🦞 Active nodes: 20 | Shards per cycle: 4
2026-02-05 17:49:47 +08:00: 📋 Active sessions: 0
2026-02-05 17:49:47 +08:00: 💤 No active sessions, waiting...
2026-02-05 17:49:58 +08:00: \n📊 Total sessions in contract: 1
2026-02-05 17:49:58 +08:00: 🦞 Active nodes: 20 | Shards per cycle: 4
2026-02-05 17:49:59 +08:00: 🔍 Found active session 1: 1.0 USDC (10 shards)
2026-02-05 17:49:59 +08:00: 📋 Active sessions: 1
2026-02-05 17:49:59 +08:00: \n🚀 Processing 1 sessions in 1 batches
2026-02-05 17:50:09 +08:00: \n📊 Total sessions in contract: 1
2026-02-05 17:50:10 +08:00: 🦞 Active nodes: 20 | Shards per cycle: 4
2026-02-05 17:50:10 +08:00: 📋 Active sessions: 1
2026-02-05 17:50:10 +08:00: \n🚀 Processing 1 sessions in 1 batches
2026-02-05 17:50:20 +08:00: \n📊 Total sessions in contract: 1
2026-02-05 17:50:21 +08:00: 🦞 Active nodes: 20 | Shards per cycle: 4
2026-02-05 17:50:21 +08:00: 📋 Active sessions: 1
2026-02-05 17:50:21 +08:00: \n🚀 Processing 1 sessions in 1 batches
2026-02-05 17:50:22 +08:00: 
📦 Batch 4529196: Pulsing 1 sessions [USDC] (Mixer→A) [nonce: 2005]
2026-02-05 17:50:22 +08:00: 🔄 Recovering nonce from chain...
2026-02-05 17:50:23 +08:00: ✅ Nonce recovered: 2007
2026-02-05 17:50:33 +08:00: \n📊 Total sessions in contract: 1
2026-02-05 17:50:33 +08:00: 🦞 Active nodes: 20 | Shards per cycle: 4
2026-02-05 17:50:34 +08:00: 📋 Active sessions: 1
2026-02-05 17:50:34 +08:00: \n🚀 Processing 1 sessions in 1 batches
2026-02-05 17:50:34 +08:00: 
📦 Batch 6494370: Pulsing 1 sessions [USDC] (Mixer→A) [nonce: 2007]
2026-02-05 17:50:35 +08:00: 📤 Tx sent: 0xc80c6381189cc0ce3235a26d164831906e0fc1ee52eb54f0a7e3ab8f59cfcf1a
2026-02-05 17:50:40 +08:00: ✅ Batch confirmed in block 33324819! Gas: 219316
2026-02-05 17:50:50 +08:00: \n📊 Total sessions in contract: 1
2026-02-05 17:50:51 +08:00: 🦞 Active nodes: 20 | Shards per cycle: 4
2026-02-05 17:50:51 +08:00: 📋 Active sessions: 1
2026-02-05 17:50:51 +08:00: \n🚀 Processing 1 sessions in 1 batches
2026-02-05 17:51:02 +08:00: \n📊 Total sessions in contract: 1
2026-02-05 17:51:02 +08:00: 🦞 Active nodes: 20 | Shards per cycle: 4
2026-02-05 17:51:02 +08:00: 📋 Active sessions: 1
2026-02-05 17:51:02 +08:00: \n🚀 Processing 1 sessions in 1 batches
2026-02-05 17:51:13 +08:00: \n📊 Total sessions in contract: 1
2026-02-05 17:51:13 +08:00: 🦞 Active nodes: 20 | Shards per cycle: 4
2026-02-05 17:51:13 +08:00: 📋 Active sessions: 1
2026-02-05 17:51:13 +08:00: \n🚀 Processing 1 sessions in 1 batches
2026-02-05 17:51:14 +08:00: 
📦 Batch 1013624: Pulsing 1 sessions [USDC] (A→B) [nonce: 2008]
2026-02-05 17:51:15 +08:00: 📤 Tx sent: 0xb3622295bab2cc12d1d69df86eebd1b28e1360e8c4e54317dee334f69278e4d7
2026-02-05 17:51:20 +08:00: ✅ Batch confirmed in block 33324839! Gas: 239700
2026-02-05 17:51:30 +08:00: \n📊 Total sessions in contract: 1
2026-02-05 17:51:30 +08:00: 🦞 Active nodes: 20 | Shards per cycle: 4
2026-02-05 17:51:31 +08:00: 📋 Active sessions: 1
2026-02-05 17:51:31 +08:00: \n🚀 Processing 1 sessions in 1 batches
2026-02-05 17:51:41 +08:00: \n📊 Total sessions in contract: 1
2026-02-05 17:51:42 +08:00: 🦞 Active nodes: 20 | Shards per cycle: 4
2026-02-05 17:51:42 +08:00: 📋 Active sessions: 1
2026-02-05 17:51:42 +08:00: \n🚀 Processing 1 sessions in 1 batches
2026-02-05 17:51:52 +08:00: \n📊 Total sessions in contract: 1
2026-02-05 17:51:53 +08:00: 🦞 Active nodes: 20 | Shards per cycle: 4
2026-02-05 17:51:53 +08:00: 📋 Active sessions: 1
2026-02-05 17:51:53 +08:00: \n🚀 Processing 1 sessions in 1 batches
2026-02-05 17:51:54 +08:00: 
📦 Batch 8674653: Pulsing 1 sessions [USDC] (B→C) [nonce: 2009]
2026-02-05 17:51:55 +08:00: 📤 Tx sent: 0x6389548db8035e43debbd028ecc61da9e116c634ce3bb79220ea02bc139f0e3f
2026-02-05 17:51:59 +08:00: ✅ Batch confirmed in block 33324858! Gas: 239996
2026-02-05 17:52:10 +08:00: \n📊 Total sessions in contract: 1
2026-02-05 17:52:10 +08:00: 🦞 Active nodes: 20 | Shards per cycle: 4
2026-02-05 17:52:10 +08:00: 📋 Active sessions: 1
2026-02-05 17:52:10 +08:00: \n🚀 Processing 1 sessions in 1 batches
2026-02-05 17:52:21 +08:00: \n📊 Total sessions in contract: 1
2026-02-05 17:52:21 +08:00: 🦞 Active nodes: 20 | Shards per cycle: 4
2026-02-05 17:52:22 +08:00: 📋 Active sessions: 1
2026-02-05 17:52:22 +08:00: \n🚀 Processing 1 sessions in 1 batches
2026-02-05 17:52:32 +08:00: \n📊 Total sessions in contract: 1
2026-02-05 17:52:33 +08:00: 🦞 Active nodes: 20 | Shards per cycle: 4
2026-02-05 17:52:33 +08:00: 📋 Active sessions: 1
2026-02-05 17:52:33 +08:00: \n🚀 Processing 1 sessions in 1 batches
2026-02-05 17:52:33 +08:00: 
📦 Batch 2435475: Pulsing 1 sessions [USDC] (C→D) [nonce: 2010]
2026-02-05 17:52:34 +08:00: 📤 Tx sent: 0xbf005f2f8e47a7f387c659764fc173f4590977733adb78ea306e5abd3cb3249a
2026-02-05 17:52:39 +08:00: ✅ Batch confirmed in block 33324878! Gas: 240076
2026-02-05 17:52:51 +08:00: \n📊 Total sessions in contract: 1
2026-02-05 17:52:51 +08:00: 🦞 Active nodes: 20 | Shards per cycle: 4
2026-02-05 17:52:51 +08:00: 📋 Active sessions: 1
2026-02-05 17:52:51 +08:00: \n🚀 Processing 1 sessions in 1 batches
2026-02-05 17:53:02 +08:00: \n📊 Total sessions in contract: 1
2026-02-05 17:53:02 +08:00: 🦞 Active nodes: 20 | Shards per cycle: 4
2026-02-05 17:53:03 +08:00: 📋 Active sessions: 1
2026-02-05 17:53:03 +08:00: \n🚀 Processing 1 sessions in 1 batches
2026-02-05 17:53:13 +08:00: \n📊 Total sessions in contract: 1
2026-02-05 17:53:14 +08:00: 🦞 Active nodes: 20 | Shards per cycle: 4
2026-02-05 17:53:14 +08:00: 📋 Active sessions: 1
2026-02-05 17:53:14 +08:00: \n🚀 Processing 1 sessions in 1 batches
2026-02-05 17:53:15 +08:00: 
📦 Batch 6794729: Pulsing 1 sessions [USDC] (D→E) [nonce: 2011]
2026-02-05 17:53:15 +08:00: 📤 Tx sent: 0x901ecc08fe6a10b5261a31d709af419e8a0451a199d06b4ad3bade83c870f5bd
2026-02-05 17:53:20 +08:00: ✅ Batch confirmed in block 33324899! Gas: 240099
2026-02-05 17:53:31 +08:00: \n📊 Total sessions in contract: 1
2026-02-05 17:53:31 +08:00: 🦞 Active nodes: 20 | Shards per cycle: 4
2026-02-05 17:53:31 +08:00: 📋 Active sessions: 1
2026-02-05 17:53:31 +08:00: \n🚀 Processing 1 sessions in 1 batches
2026-02-05 17:53:42 +08:00: \n📊 Total sessions in contract: 1
2026-02-05 17:53:42 +08:00: 🦞 Active nodes: 20 | Shards per cycle: 4
2026-02-05 17:53:43 +08:00: 📋 Active sessions: 1
2026-02-05 17:53:43 +08:00: \n🚀 Processing 1 sessions in 1 batches
2026-02-05 17:53:53 +08:00: \n📊 Total sessions in contract: 1
2026-02-05 17:53:54 +08:00: 🦞 Active nodes: 20 | Shards per cycle: 4
2026-02-05 17:53:54 +08:00: 📋 Active sessions: 1
2026-02-05 17:53:54 +08:00: \n🚀 Processing 1 sessions in 1 batches
2026-02-05 17:53:54 +08:00: 
📦 Batch 6366810: Pulsing 1 sessions [USDC] (E→Recipient) [nonce: 2012]
2026-02-05 17:53:56 +08:00: 📤 Tx sent: 0xa99d1abee3a5de54496a15de851c6c83a5d404f36d32dedf4425e8dbb9342428
2026-02-05 17:54:01 +08:00: ✅ Batch confirmed in block 33324919! Gas: 138821
2026-02-05 17:54:11 +08:00: \n📊 Total sessions in contract: 1
2026-02-05 17:54:11 +08:00: 🦞 Active nodes: 20 | Shards per cycle: 4
2026-02-05 17:54:12 +08:00: 📋 Active sessions: 1
2026-02-05 17:54:12 +08:00: \n🚀 Processing 1 sessions in 1 batches
2026-02-05 17:54:22 +08:00: \n📊 Total sessions in contract: 1
2026-02-05 17:54:23 +08:00: 🦞 Active nodes: 20 | Shards per cycle: 4
2026-02-05 17:54:23 +08:00: 📋 Active sessions: 1
2026-02-05 17:54:23 +08:00: \n🚀 Processing 1 sessions in 1 batches
2026-02-05 17:54:33 +08:00: \n📊 Total sessions in contract: 1
2026-02-05 17:54:34 +08:00: 🦞 Active nodes: 20 | Shards per cycle: 4
2026-02-05 17:54:34 +08:00: 📋 Active sessions: 1
2026-02-05 17:54:34 +08:00: \n🚀 Processing 1 sessions in 1 batches
2026-02-05 17:54:34 +08:00: 
📦 Batch 5636897: Pulsing 1 sessions [USDC] (Wave Complete) [nonce: 2013]
2026-02-05 17:54:35 +08:00: 📤 Tx sent: 0x72eb286756c53291f8ee3b5b61a64135d9690377dfcc02b2b0533b15aad6acd3
2026-02-05 17:54:40 +08:00: ✅ Batch confirmed in block 33324939! Gas: 52018
2026-02-05 17:54:51 +08:00: \n📊 Total sessions in contract: 1
2026-02-05 17:54:51 +08:00: 🦞 Active nodes: 20 | Shards per cycle: 4
2026-02-05 17:54:51 +08:00: 📋 Active sessions: 1
2026-02-05 17:54:51 +08:00: \n🚀 Processing 1 sessions in 1 batches
2026-02-05 17:55:02 +08:00: \n📊 Total sessions in contract: 1
2026-02-05 17:55:02 +08:00: 🦞 Active nodes: 20 | Shards per cycle: 4
2026-02-05 17:55:02 +08:00: 📋 Active sessions: 1
2026-02-05 17:55:02 +08:00: \n🚀 Processing 1 sessions in 1 batches
2026-02-05 17:55:13 +08:00: \n📊 Total sessions in contract: 1
2026-02-05 17:55:13 +08:00: 🦞 Active nodes: 20 | Shards per cycle: 4
2026-02-05 17:55:14 +08:00: 📋 Active sessions: 1
2026-02-05 17:55:14 +08:00: \n🚀 Processing 1 sessions in 1 batches
2026-02-05 17:55:14 +08:00: 
📦 Batch 5209962: Pulsing 1 sessions [USDC] (Mixer→A) [nonce: 2014]
2026-02-05 17:55:15 +08:00: 📤 Tx sent: 0x7cf9ea37975f5de4d9c769deb63dd8ff05357738c2514f98240deb37d5ce36cb
2026-02-05 17:55:20 +08:00: ✅ Batch confirmed in block 33324959! Gas: 219316
2026-02-05 17:55:30 +08:00: \n📊 Total sessions in contract: 1
2026-02-05 17:55:31 +08:00: 🦞 Active nodes: 20 | Shards per cycle: 4
2026-02-05 17:55:31 +08:00: 📋 Active sessions: 1
2026-02-05 17:55:31 +08:00: \n🚀 Processing 1 sessions in 1 batches
2026-02-05 17:55:42 +08:00: \n📊 Total sessions in contract: 1
2026-02-05 17:55:42 +08:00: 🦞 Active nodes: 20 | Shards per cycle: 4
2026-02-05 17:55:42 +08:00: 📋 Active sessions: 1
2026-02-05 17:55:42 +08:00: \n🚀 Processing 1 sessions in 1 batches
2026-02-05 17:55:53 +08:00: \n📊 Total sessions in contract: 1
2026-02-05 17:55:53 +08:00: 🦞 Active nodes: 20 | Shards per cycle: 4
2026-02-05 17:55:53 +08:00: 📋 Active sessions: 1
2026-02-05 17:55:53 +08:00: \n🚀 Processing 1 sessions in 1 batches
2026-02-05 17:55:54 +08:00: 
📦 Batch 2551259: Pulsing 1 sessions [USDC] (A→B) [nonce: 2015]
2026-02-05 17:55:55 +08:00: 📤 Tx sent: 0x15d16098e763feeb9b86cfba953e12d6a34efe27d17cca03ee28c52b882960bc
2026-02-05 17:56:00 +08:00: ✅ Batch confirmed in block 33324979! Gas: 239700
2026-02-05 17:56:10 +08:00: \n📊 Total sessions in contract: 1
2026-02-05 17:56:10 +08:00: 🦞 Active nodes: 20 | Shards per cycle: 4
2026-02-05 17:56:11 +08:00: 📋 Active sessions: 1
2026-02-05 17:56:11 +08:00: \n🚀 Processing 1 sessions in 1 batches
2026-02-05 17:56:21 +08:00: \n📊 Total sessions in contract: 1
2026-02-05 17:56:22 +08:00: 🦞 Active nodes: 20 | Shards per cycle: 4
2026-02-05 17:56:22 +08:00: 📋 Active sessions: 1
2026-02-05 17:56:22 +08:00: \n🚀 Processing 1 sessions in 1 batches
2026-02-05 17:56:33 +08:00: \n📊 Total sessions in contract: 1
2026-02-05 17:56:33 +08:00: 🦞 Active nodes: 20 | Shards per cycle: 4
2026-02-05 17:56:34 +08:00: 📋 Active sessions: 1
2026-02-05 17:56:34 +08:00: \n🚀 Processing 1 sessions in 1 batches
2026-02-05 17:56:34 +08:00: 
📦 Batch 7359732: Pulsing 1 sessions [USDC] (B→C) [nonce: 2016]
2026-02-05 17:56:36 +08:00: 📤 Tx sent: 0xb1591c63cbcf293b898999ec9ac7b0613c13d45423cfd1560de72154f66022b1
2026-02-05 17:56:41 +08:00: ✅ Batch confirmed in block 33324999! Gas: 239996
2026-02-05 17:56:51 +08:00: \n📊 Total sessions in contract: 1
2026-02-05 17:56:51 +08:00: 🦞 Active nodes: 20 | Shards per cycle: 4
2026-02-05 17:56:52 +08:00: 📋 Active sessions: 1
2026-02-05 17:56:52 +08:00: \n🚀 Processing 1 sessions in 1 batches
2026-02-05 17:57:02 +08:00: \n📊 Total sessions in contract: 1
2026-02-05 17:57:03 +08:00: 🦞 Active nodes: 20 | Shards per cycle: 4
2026-02-05 17:57:03 +08:00: 📋 Active sessions: 1
2026-02-05 17:57:03 +08:00: \n🚀 Processing 1 sessions in 1 batches
2026-02-05 17:57:13 +08:00: \n📊 Total sessions in contract: 1
2026-02-05 17:57:14 +08:00: 🦞 Active nodes: 20 | Shards per cycle: 4
2026-02-05 17:57:14 +08:00: 📋 Active sessions: 1
2026-02-05 17:57:14 +08:00: \n🚀 Processing 1 sessions in 1 batches
2026-02-05 17:57:15 +08:00: 
📦 Batch 8426314: Pulsing 1 sessions [USDC] (C→D) [nonce: 2017]
2026-02-05 18:12:41 +08:00: 🔄 Recovering nonce from chain...
2026-02-05 18:12:42 +08:00: ✅ Nonce recovered: 2018
2026-02-05 18:12:52 +08:00: \n📊 Total sessions in contract: 1
2026-02-05 18:12:53 +08:00: 🦞 Active nodes: 20 | Shards per cycle: 4
2026-02-05 18:12:53 +08:00: 📋 Active sessions: 1
2026-02-05 18:12:53 +08:00: \n🚀 Processing 1 sessions in 1 batches
2026-02-05 18:12:53 +08:00: 
📦 Batch 7932705: Pulsing 1 sessions [USDC] (C→D) [nonce: 2018]
2026-02-05 18:12:54 +08:00: 📤 Tx sent: 0xb72706c28b10f48399429c073a7414ce51085c1d255ef36aac29bb9c0d30b868
2026-02-05 18:13:14 +08:00: 🔄 Recovering nonce from chain...
2026-02-05 18:13:14 +08:00: ✅ Nonce recovered: 2019
2026-02-05 18:28:51 +08:00: \n📊 Total sessions in contract: 1
2026-02-05 18:28:51 +08:00: 🦞 Active nodes: 20 | Shards per cycle: 4
2026-02-05 18:28:52 +08:00: 📋 Active sessions: 1
2026-02-05 18:28:52 +08:00: \n🚀 Processing 1 sessions in 1 batches
2026-02-05 18:28:52 +08:00: 
📦 Batch 8519206: Pulsing 1 sessions [USDC] (C→D) [nonce: 2019]
2026-02-05 18:28:53 +08:00: 📤 Tx sent: 0x42fd41aaf74a107ae1f67df00a78c6b1fa9e4d3a691eeaf8703c1ca0850bcc5e
2026-02-05 18:29:13 +08:00: 🔄 Recovering nonce from chain...
2026-02-05 18:29:14 +08:00: ✅ Nonce recovered: 2020
2026-02-05 18:29:24 +08:00: \n📊 Total sessions in contract: 1
2026-02-05 18:29:24 +08:00: 🦞 Active nodes: 20 | Shards per cycle: 4
2026-02-05 18:29:24 +08:00: 📋 Active sessions: 1
2026-02-05 18:29:24 +08:00: \n🚀 Processing 1 sessions in 1 batches
2026-02-05 18:29:25 +08:00: 
📦 Batch 1593863: Pulsing 1 sessions [USDC] (C→D) [nonce: 2020]
2026-02-05 18:29:26 +08:00: 📤 Tx sent: 0x858e4b9ae20dc43bca6fc48962272df588d50527db62ed4b571c14c9c9c3fca4
2026-02-05 18:44:58 +08:00: 🔄 Recovering nonce from chain...
2026-02-05 18:44:59 +08:00: ✅ Nonce recovered: 2021
2026-02-05 18:45:10 +08:00: \n📊 Total sessions in contract: 1
2026-02-05 18:45:10 +08:00: 🦞 Active nodes: 20 | Shards per cycle: 4
2026-02-05 18:45:10 +08:00: 📋 Active sessions: 1
2026-02-05 18:45:10 +08:00: \n🚀 Processing 1 sessions in 1 batches
2026-02-05 18:45:11 +08:00: 
📦 Batch 8667179: Pulsing 1 sessions [USDC] (C→D) [nonce: 2021]
2026-02-05 18:45:12 +08:00: 📤 Tx sent: 0xfa839089a1a99b93ac3e205102e6ac425bf0b0cb8f1bb505932671d3d6971a73
2026-02-05 18:45:32 +08:00: 🔄 Recovering nonce from chain...
2026-02-05 18:45:32 +08:00: ✅ Nonce recovered: 2022
2026-02-05 18:45:42 +08:00: \n📊 Total sessions in contract: 1
2026-02-05 18:45:43 +08:00: 🦞 Active nodes: 20 | Shards per cycle: 4
2026-02-05 18:45:43 +08:00: 📋 Active sessions: 1
2026-02-05 18:45:43 +08:00: \n🚀 Processing 1 sessions in 1 batches
2026-02-05 18:45:43 +08:00: 
📦 Batch 1623036: Pulsing 1 sessions [USDC] (C→D) [nonce: 2022]
2026-02-05 18:45:44 +08:00: 📤 Tx sent: 0x211654cce0e329c87df0c40dc2e0c7d77e8fd3eeab6e1beb72f5ff989829f119
2026-02-05 19:01:15 +08:00: 🔄 Recovering nonce from chain...
2026-02-05 19:01:16 +08:00: ✅ Nonce recovered: 2023
2026-02-05 19:01:26 +08:00: \n📊 Total sessions in contract: 1
2026-02-05 19:01:27 +08:00: 🦞 Active nodes: 20 | Shards per cycle: 4
2026-02-05 19:01:27 +08:00: 📋 Active sessions: 1
2026-02-05 19:01:27 +08:00: \n🚀 Processing 1 sessions in 1 batches
2026-02-05 19:01:28 +08:00: 
📦 Batch 8687608: Pulsing 1 sessions [USDC] (C→D) [nonce: 2023]
2026-02-05 19:01:29 +08:00: 📤 Tx sent: 0x6b6cc991eed5d3b613b4369c7461c58c111a2ba50e48ea0f1d627baccae481d4
2026-02-05 19:01:49 +08:00: 🔄 Recovering nonce from chain...
2026-02-05 19:01:49 +08:00: ✅ Nonce recovered: 2024
2026-02-05 19:01:59 +08:00: \n📊 Total sessions in contract: 1
2026-02-05 19:02:00 +08:00: 🦞 Active nodes: 20 | Shards per cycle: 4
2026-02-05 19:02:00 +08:00: 📋 Active sessions: 1
2026-02-05 19:02:00 +08:00: \n🚀 Processing 1 sessions in 1 batches
2026-02-05 19:02:00 +08:00: 
📦 Batch 2753150: Pulsing 1 sessions [USDC] (C→D) [nonce: 2024]
2026-02-05 19:02:01 +08:00: 📤 Tx sent: 0x900522f8e21a9552a7d157948ca6d6d0499ebce8287ee539c80762851a09809d
2026-02-05 19:17:30 +08:00: 🔄 Recovering nonce from chain...
2026-02-05 19:17:31 +08:00: ✅ Nonce recovered: 2025
2026-02-05 19:17:41 +08:00: \n📊 Total sessions in contract: 1
2026-02-05 19:17:42 +08:00: 🦞 Active nodes: 20 | Shards per cycle: 4
2026-02-05 19:17:42 +08:00: 📋 Active sessions: 1
2026-02-05 19:17:42 +08:00: \n🚀 Processing 1 sessions in 1 batches
2026-02-05 19:17:42 +08:00: 
📦 Batch 4426370: Pulsing 1 sessions [USDC] (C→D) [nonce: 2025]
2026-02-05 19:17:43 +08:00: 📤 Tx sent: 0x89da70b13ecc497c37c6e10884da1f90dce96cba1b712a1eff7350666a9184f1
2026-02-05 19:18:03 +08:00: 🔄 Recovering nonce from chain...
2026-02-05 19:18:03 +08:00: ✅ Nonce recovered: 2026
2026-02-05 19:19:03 +08:00: \n📊 Total sessions in contract: 1
2026-02-05 19:19:04 +08:00: 🦞 Active nodes: 20 | Shards per cycle: 4
2026-02-05 19:19:04 +08:00: 📋 Active sessions: 1
2026-02-05 19:19:04 +08:00: \n🚀 Processing 1 sessions in 1 batches
2026-02-05 19:19:04 +08:00: 
📦 Batch 6837067: Pulsing 1 sessions [USDC] (C→D) [nonce: 2026]
2026-02-05 19:19:05 +08:00: 📤 Tx sent: 0x44ccd66be8363df6dd20424547e60cbbfbc61b71531708d9e838a07721142bfd
2026-02-05 19:23:29 +08:00: 🔄 Recovering nonce from chain...
2026-02-05 19:23:30 +08:00: ✅ Nonce recovered: 2027
2026-02-05 19:23:40 +08:00: \n📊 Total sessions in contract: 1
2026-02-05 19:23:40 +08:00: 🦞 Active nodes: 20 | Shards per cycle: 4
2026-02-05 19:23:41 +08:00: 📋 Active sessions: 1
2026-02-05 19:23:41 +08:00: \n🚀 Processing 1 sessions in 1 batches
2026-02-05 19:23:41 +08:00: 
📦 Batch 1164976: Pulsing 1 sessions [USDC] (C→D) [nonce: 2027]
2026-02-05 19:23:42 +08:00: 📤 Tx sent: 0x21df4f10708ce62f0cd3cf079f9a44cb6a18f1d0dcdaf513d009295eaa8e9d22
2026-02-05 19:24:02 +08:00: 🔄 Recovering nonce from chain...
2026-02-05 19:24:02 +08:00: ✅ Nonce recovered: 2028
2026-02-05 19:24:12 +08:00: \n📊 Total sessions in contract: 1
2026-02-05 19:24:13 +08:00: 🦞 Active nodes: 20 | Shards per cycle: 4
2026-02-05 19:24:13 +08:00: 📋 Active sessions: 1
2026-02-05 19:24:13 +08:00: \n🚀 Processing 1 sessions in 1 batches
2026-02-05 19:24:14 +08:00: 
📦 Batch 7162118: Pulsing 1 sessions [USDC] (C→D) [nonce: 2028]
2026-02-05 19:24:15 +08:00: 📤 Tx sent: 0x1a38b2d718ee15aab84eb8da27348fcfbf67b9e93c4a60dd41761b7af9839de0
2026-02-05 19:24:35 +08:00: 🔄 Recovering nonce from chain...
2026-02-05 19:24:35 +08:00: ✅ Nonce recovered: 2029
2026-02-05 19:24:45 +08:00: \n📊 Total sessions in contract: 1
2026-02-05 19:24:46 +08:00: 🦞 Active nodes: 20 | Shards per cycle: 4
2026-02-05 19:24:46 +08:00: 📋 Active sessions: 1
2026-02-05 19:24:46 +08:00: \n🚀 Processing 1 sessions in 1 batches
2026-02-05 19:24:46 +08:00: 
📦 Batch 1879895: Pulsing 1 sessions [USDC] (C→D) [nonce: 2029]
2026-02-05 19:24:47 +08:00: 📤 Tx sent: 0x369f48823599126a509d7f8e1d20a87d97d0347b25865c8b5f9c14d4cddb637e
2026-02-05 19:25:07 +08:00: 🔄 Recovering nonce from chain...
2026-02-05 19:25:10 +08:00: ✅ Nonce recovered: 2030
2026-02-05 19:25:20 +08:00: \n📊 Total sessions in contract: 1
2026-02-05 19:25:21 +08:00: 🦞 Active nodes: 20 | Shards per cycle: 4
2026-02-05 19:25:21 +08:00: 📋 Active sessions: 1
2026-02-05 19:25:21 +08:00: \n🚀 Processing 1 sessions in 1 batches
2026-02-05 19:25:21 +08:00: 
📦 Batch 4130262: Pulsing 1 sessions [USDC] (C→D) [nonce: 2030]
2026-02-05 19:25:22 +08:00: 📤 Tx sent: 0x63cea5ee2f6dc6f4cf3a3255ceebd52970796771463d29ef6e6bee8a08271387
2026-02-05 19:25:42 +08:00: 🔄 Recovering nonce from chain...
2026-02-05 19:25:43 +08:00: ✅ Nonce recovered: 2031
2026-02-05 19:25:53 +08:00: \n📊 Total sessions in contract: 1
2026-02-05 19:25:53 +08:00: 🦞 Active nodes: 20 | Shards per cycle: 4
2026-02-05 19:25:53 +08:00: 📋 Active sessions: 1
2026-02-05 19:25:53 +08:00: \n🚀 Processing 1 sessions in 1 batches
2026-02-05 19:25:54 +08:00: 
📦 Batch 2999884: Pulsing 1 sessions [USDC] (C→D) [nonce: 2031]
2026-02-05 19:25:55 +08:00: 📤 Tx sent: 0xe96b397db969af9be603581ad97ac40093a91ec43e1ae9f23e99f60d9fd984bd
2026-02-05 19:26:15 +08:00: 🔄 Recovering nonce from chain...
2026-02-05 19:26:15 +08:00: ✅ Nonce recovered: 2032
2026-02-05 19:26:25 +08:00: \n📊 Total sessions in contract: 1
2026-02-05 19:26:26 +08:00: 🦞 Active nodes: 20 | Shards per cycle: 4
2026-02-05 19:26:26 +08:00: 📋 Active sessions: 1
2026-02-05 19:26:26 +08:00: \n🚀 Processing 1 sessions in 1 batches
2026-02-05 19:26:27 +08:00: 
📦 Batch 7777671: Pulsing 1 sessions [USDC] (C→D) [nonce: 2032]
2026-02-05 19:26:28 +08:00: 📤 Tx sent: 0xcf051029b966a672ba20cd0edddfc89038d6a4bd1f7850a4d2ebd5c2b74bc3db
2026-02-05 19:26:48 +08:00: 🔄 Recovering nonce from chain...
2026-02-05 19:26:48 +08:00: ✅ Nonce recovered: 2033
2026-02-05 19:26:58 +08:00: \n📊 Total sessions in contract: 1
2026-02-05 19:26:58 +08:00: 🦞 Active nodes: 20 | Shards per cycle: 4
2026-02-05 19:26:59 +08:00: 📋 Active sessions: 1
2026-02-05 19:26:59 +08:00: \n🚀 Processing 1 sessions in 1 batches
2026-02-05 19:26:59 +08:00: 
📦 Batch 3599151: Pulsing 1 sessions [USDC] (C→D) [nonce: 2033]
2026-02-05 19:27:00 +08:00: 📤 Tx sent: 0x00e5f3630d9065de65c5080e8bf682e969790ae20f105de05aa78b0075ddb17f
2026-02-05 19:27:20 +08:00: 🔄 Recovering nonce from chain...
2026-02-05 19:27:20 +08:00: ✅ Nonce recovered: 2034
2026-02-05 19:27:31 +08:00: \n📊 Total sessions in contract: 1
2026-02-05 19:27:31 +08:00: 🦞 Active nodes: 20 | Shards per cycle: 4
2026-02-05 19:27:31 +08:00: 📋 Active sessions: 1
2026-02-05 19:27:31 +08:00: \n🚀 Processing 1 sessions in 1 batches
2026-02-05 19:27:32 +08:00: 
📦 Batch 5244813: Pulsing 1 sessions [USDC] (C→D) [nonce: 2034]
2026-02-05 19:27:33 +08:00: 📤 Tx sent: 0x4d6c210f000f1afa61aaafa590d0efb2659c6031f092be0358457e5422efd93a
2026-02-05 19:27:53 +08:00: 🔄 Recovering nonce from chain...
2026-02-05 19:27:53 +08:00: ✅ Nonce recovered: 2035
2026-02-05 19:28:03 +08:00: \n📊 Total sessions in contract: 1
2026-02-05 19:28:04 +08:00: 🦞 Active nodes: 20 | Shards per cycle: 4
2026-02-05 19:28:04 +08:00: 📋 Active sessions: 1
2026-02-05 19:28:04 +08:00: \n🚀 Processing 1 sessions in 1 batches
2026-02-05 19:28:04 +08:00: 
📦 Batch 4827761: Pulsing 1 sessions [USDC] (C→D) [nonce: 2035]
2026-02-05 19:28:05 +08:00: 📤 Tx sent: 0x51e5a4f09ab7b9a3bd0e05f7360ec1cc60986b0c84edb1a14f350f09f8a9056c
2026-02-05 19:28:25 +08:00: 🔄 Recovering nonce from chain...
2026-02-05 19:28:25 +08:00: ✅ Nonce recovered: 2036
2026-02-05 19:28:36 +08:00: \n📊 Total sessions in contract: 1
2026-02-05 19:28:36 +08:00: 🦞 Active nodes: 20 | Shards per cycle: 4
2026-02-05 19:28:36 +08:00: 📋 Active sessions: 1
2026-02-05 19:28:36 +08:00: \n🚀 Processing 1 sessions in 1 batches
2026-02-05 19:28:37 +08:00: 
📦 Batch 3115724: Pulsing 1 sessions [USDC] (C→D) [nonce: 2036]
2026-02-05 19:28:38 +08:00: 📤 Tx sent: 0x7e5a512d304bbca2e99a8562bc10eb39c3f78f4b3e9e2699452bf7df284632a4
2026-02-05 19:28:58 +08:00: 🔄 Recovering nonce from chain...
2026-02-05 19:28:58 +08:00: ✅ Nonce recovered: 2037
2026-02-05 19:29:08 +08:00: \n📊 Total sessions in contract: 1
2026-02-05 19:29:09 +08:00: 🦞 Active nodes: 20 | Shards per cycle: 4
2026-02-05 19:29:09 +08:00: 📋 Active sessions: 1
2026-02-05 19:29:09 +08:00: \n🚀 Processing 1 sessions in 1 batches
2026-02-05 19:29:09 +08:00: 
📦 Batch 3162032: Pulsing 1 sessions [USDC] (C→D) [nonce: 2037]
2026-02-05 19:29:10 +08:00: 📤 Tx sent: 0xbe7de1e0a9eef056ee206056dcaacf79baa131af65753139d25dc53c817ee50b
2026-02-05 19:29:30 +08:00: 🔄 Recovering nonce from chain...
2026-02-05 19:29:30 +08:00: ✅ Nonce recovered: 2038
2026-02-05 19:29:41 +08:00: \n📊 Total sessions in contract: 1
2026-02-05 19:29:41 +08:00: 🦞 Active nodes: 20 | Shards per cycle: 4
2026-02-05 19:29:41 +08:00: 📋 Active sessions: 1
2026-02-05 19:29:41 +08:00: \n🚀 Processing 1 sessions in 1 batches
2026-02-05 19:29:42 +08:00: 
📦 Batch 7868345: Pulsing 1 sessions [USDC] (C→D) [nonce: 2038]
2026-02-05 19:29:43 +08:00: 📤 Tx sent: 0xb7ab8c867bcfe5dff2264beae8b0ec29599dbf831c08ff3dad0270163018708e
2026-02-05 19:30:03 +08:00: 🔄 Recovering nonce from chain...
2026-02-05 19:30:03 +08:00: ✅ Nonce recovered: 2039
2026-02-05 19:30:13 +08:00: \n📊 Total sessions in contract: 1
2026-02-05 19:30:14 +08:00: 🦞 Active nodes: 20 | Shards per cycle: 4
2026-02-05 19:30:14 +08:00: 📋 Active sessions: 1
2026-02-05 19:30:14 +08:00: \n🚀 Processing 1 sessions in 1 batches
2026-02-05 19:30:14 +08:00: 
📦 Batch 4883788: Pulsing 1 sessions [USDC] (C→D) [nonce: 2039]
2026-02-05 19:30:15 +08:00: 📤 Tx sent: 0x54a199f20ce1d9a06610b195980eaff53526349b23cb207f6409cb6dc6fed946
2026-02-05 19:30:35 +08:00: 🔄 Recovering nonce from chain...
2026-02-05 19:30:36 +08:00: ✅ Nonce recovered: 2040
2026-02-05 19:30:46 +08:00: \n📊 Total sessions in contract: 1
2026-02-05 19:30:46 +08:00: 🦞 Active nodes: 20 | Shards per cycle: 4
2026-02-05 19:30:47 +08:00: 📋 Active sessions: 1
2026-02-05 19:30:47 +08:00: \n🚀 Processing 1 sessions in 1 batches
2026-02-05 19:30:47 +08:00: 
📦 Batch 2459717: Pulsing 1 sessions [USDC] (C→D) [nonce: 2040]
2026-02-05 19:30:48 +08:00: 📤 Tx sent: 0x806acf0bc094fcb02bd31a760111cbb6354838023fa6c3e54d5204d9e87e36de
2026-02-05 19:31:08 +08:00: 🔄 Recovering nonce from chain...
2026-02-05 19:31:08 +08:00: ✅ Nonce recovered: 2041
2026-02-05 19:31:18 +08:00: \n📊 Total sessions in contract: 1
2026-02-05 19:31:19 +08:00: 🦞 Active nodes: 20 | Shards per cycle: 4
2026-02-05 19:31:19 +08:00: 📋 Active sessions: 1
2026-02-05 19:31:19 +08:00: \n🚀 Processing 1 sessions in 1 batches
2026-02-05 19:31:20 +08:00: 
📦 Batch 3032341: Pulsing 1 sessions [USDC] (C→D) [nonce: 2041]
2026-02-05 19:31:20 +08:00: 📤 Tx sent: 0x67d07352b277948b1171ff87505eeb830c77e795f6eae5eaf30b8d6270773475
2026-02-05 19:31:40 +08:00: 🔄 Recovering nonce from chain...
2026-02-05 19:31:41 +08:00: ✅ Nonce recovered: 2042
2026-02-05 19:31:51 +08:00: \n📊 Total sessions in contract: 1
2026-02-05 19:31:51 +08:00: 🦞 Active nodes: 20 | Shards per cycle: 4
2026-02-05 19:31:52 +08:00: 📋 Active sessions: 1
2026-02-05 19:31:52 +08:00: \n🚀 Processing 1 sessions in 1 batches
2026-02-05 19:31:52 +08:00: 
📦 Batch 7784588: Pulsing 1 sessions [USDC] (C→D) [nonce: 2042]
2026-02-05 19:31:53 +08:00: 📤 Tx sent: 0x7c99bf635d19f248157061b070271bacac5b91384f0a539de0c9b9cea9dc704e
2026-02-05 19:32:13 +08:00: 🔄 Recovering nonce from chain...
2026-02-05 19:32:13 +08:00: ✅ Nonce recovered: 2043
2026-02-05 19:32:23 +08:00: \n📊 Total sessions in contract: 1
2026-02-05 19:32:24 +08:00: 🦞 Active nodes: 20 | Shards per cycle: 4
2026-02-05 19:32:24 +08:00: 📋 Active sessions: 1
2026-02-05 19:32:24 +08:00: \n🚀 Processing 1 sessions in 1 batches
2026-02-05 19:32:25 +08:00: 
📦 Batch 3510275: Pulsing 1 sessions [USDC] (C→D) [nonce: 2043]
2026-02-05 19:32:26 +08:00: 📤 Tx sent: 0x8a33b78ba554d56bbb0b13aa7a3ec2808a167ad5359d723c19955446894c42d7
2026-02-05 19:32:46 +08:00: 🔄 Recovering nonce from chain...
2026-02-05 19:32:46 +08:00: ✅ Nonce recovered: 2044
2026-02-05 19:32:56 +08:00: \n📊 Total sessions in contract: 1
2026-02-05 19:32:56 +08:00: 🦞 Active nodes: 20 | Shards per cycle: 4
2026-02-05 19:32:57 +08:00: 📋 Active sessions: 1
2026-02-05 19:32:57 +08:00: \n🚀 Processing 1 sessions in 1 batches
2026-02-05 19:32:57 +08:00: 
📦 Batch 7072394: Pulsing 1 sessions [USDC] (C→D) [nonce: 2044]
2026-02-05 19:32:58 +08:00: 📤 Tx sent: 0x44e5d35025169a319fde30b24a6572b90af198688193ea759e50adb4ed7fa480
2026-02-05 19:37:43 +08:00: 🔄 Recovering nonce from chain...
2026-02-05 19:38:09 +08:00: \n📊 Total sessions in contract: 1
2026-02-05 19:38:09 +08:00: 🦞 Active nodes: 20 | Shards per cycle: 4
2026-02-05 19:38:09 +08:00: 📋 Active sessions: 1
2026-02-05 19:38:09 +08:00: \n🚀 Processing 1 sessions in 1 batches
2026-02-05 19:38:10 +08:00: 
📦 Batch 1781791: Pulsing 1 sessions [USDC] (C→D) [nonce: 2045]
2026-02-05 19:38:11 +08:00: 📤 Tx sent: 0x7d1d3d8e3005b979c869ded8a49562401f64b1a9424d7cf5fdf901a1b9d56905
2026-02-05 19:38:31 +08:00: 🔄 Recovering nonce from chain...
2026-02-05 19:38:31 +08:00: ✅ Nonce recovered: 2046
2026-02-05 19:38:41 +08:00: \n📊 Total sessions in contract: 1
2026-02-05 19:38:42 +08:00: 🦞 Active nodes: 20 | Shards per cycle: 4
2026-02-05 19:38:42 +08:00: 📋 Active sessions: 1
2026-02-05 19:38:42 +08:00: \n🚀 Processing 1 sessions in 1 batches
2026-02-05 19:38:42 +08:00: 
📦 Batch 8092926: Pulsing 1 sessions [USDC] (C→D) [nonce: 2046]
2026-02-05 19:38:43 +08:00: 📤 Tx sent: 0xb7b8182711dba52cf738a1f748a021f6eeaea00d073aaa852dc27edf400affa2
2026-02-05 19:39:03 +08:00: 🔄 Recovering nonce from chain...
2026-02-05 19:39:04 +08:00: ✅ Nonce recovered: 2047
2026-02-05 19:39:08 +08:00: 🦞 Lobster Mixer Multi-Threaded Orchestrator Starting...
2026-02-05 19:39:08 +08:00: 📋 Contract: 0x70Da0050Ac783967cB21e4b53311B4060279a76B
2026-02-05 19:39:08 +08:00: 💼 Operator: 0x93DF27665990aB68e9fc5CB7B7b6602F6757d3fA
2026-02-05 19:39:08 +08:00: 📊 Health server running on :3000
2026-02-05 19:39:09 +08:00: 💰 Operator balance: 468.7536881050146906 POL
2026-02-05 19:39:09 +08:00: 🔢 Nonce initialized: 2017
2026-02-05 19:39:09 +08:00: \n🔄 Starting batch orchestrator (40 sessions/batch, 3 concurrent batches)...\n
2026-02-05 19:39:09 +08:00: \n📊 Total sessions in contract: 1
2026-02-05 19:39:10 +08:00: 🦞 Active nodes: 20 | Shards per cycle: 4
2026-02-05 19:39:10 +08:00: 🔍 Found active session 1: 1.0 USDC (10 shards)
2026-02-05 19:39:10 +08:00: 📋 Active sessions: 1
2026-02-05 19:39:10 +08:00: \n🚀 Processing 1 sessions in 1 batches
2026-02-05 19:39:11 +08:00: 
📦 Batch 9800039: Pulsing 1 sessions [USDC] (C→D) [nonce: 2017]
2026-02-05 19:39:12 +08:00: 📤 Tx sent: 0x8745462f1d897b85f14a5d383d331bdd89c58420b1bcbac1373228be15238ba9
2026-02-05 19:39:17 +08:00: ✅ Batch confirmed in block 33328077! Gas: 240076
2026-02-05 19:39:27 +08:00: \n📊 Total sessions in contract: 1
2026-02-05 19:39:27 +08:00: 🦞 Active nodes: 20 | Shards per cycle: 4
2026-02-05 19:39:28 +08:00: 📋 Active sessions: 1
2026-02-05 19:39:28 +08:00: \n🚀 Processing 1 sessions in 1 batches
2026-02-05 19:39:38 +08:00: \n📊 Total sessions in contract: 1
2026-02-05 19:39:39 +08:00: 🦞 Active nodes: 20 | Shards per cycle: 4
2026-02-05 19:39:39 +08:00: 📋 Active sessions: 1
2026-02-05 19:39:39 +08:00: \n🚀 Processing 1 sessions in 1 batches
2026-02-05 19:39:49 +08:00: \n📊 Total sessions in contract: 1
2026-02-05 19:39:50 +08:00: 🦞 Active nodes: 20 | Shards per cycle: 4
2026-02-05 19:39:50 +08:00: 📋 Active sessions: 1
2026-02-05 19:39:50 +08:00: \n🚀 Processing 1 sessions in 1 batches
2026-02-05 19:39:51 +08:00: 
📦 Batch 3188451: Pulsing 1 sessions [USDC] (D→E) [nonce: 2018]
2026-02-05 19:39:51 +08:00: 📤 Tx sent: 0x874e1529d5f0180e3d9870964a80b34229e1500b554fafcc23ae44a29bc81bd5
2026-02-05 19:39:56 +08:00: ✅ Batch confirmed in block 33328097! Gas: 240099
2026-02-05 19:40:07 +08:00: \n📊 Total sessions in contract: 1
2026-02-05 19:40:07 +08:00: 🦞 Active nodes: 20 | Shards per cycle: 4
2026-02-05 19:40:07 +08:00: 📋 Active sessions: 1
2026-02-05 19:40:07 +08:00: \n🚀 Processing 1 sessions in 1 batches
2026-02-05 19:40:18 +08:00: \n📊 Total sessions in contract: 1
2026-02-05 19:40:18 +08:00: 🦞 Active nodes: 20 | Shards per cycle: 4
2026-02-05 19:40:19 +08:00: 📋 Active sessions: 1
2026-02-05 19:40:19 +08:00: \n🚀 Processing 1 sessions in 1 batches
2026-02-05 19:40:29 +08:00: \n📊 Total sessions in contract: 1
2026-02-05 19:40:30 +08:00: 🦞 Active nodes: 20 | Shards per cycle: 4
2026-02-05 19:40:30 +08:00: 📋 Active sessions: 1
2026-02-05 19:40:30 +08:00: \n🚀 Processing 1 sessions in 1 batches
2026-02-05 19:40:30 +08:00: 
📦 Batch 1764048: Pulsing 1 sessions [USDC] (E→Recipient) [nonce: 2019]
2026-02-05 19:40:31 +08:00: 📤 Tx sent: 0xb1b8ef83a11266e5c81ecc19cb0f02ecf2f3c31a83469942a3ee1106b53c4d38
2026-02-05 19:40:36 +08:00: ✅ Batch confirmed in block 33328117! Gas: 138821
2026-02-05 19:40:46 +08:00: \n📊 Total sessions in contract: 1
2026-02-05 19:40:47 +08:00: 🦞 Active nodes: 20 | Shards per cycle: 4
2026-02-05 19:40:47 +08:00: 📋 Active sessions: 1
2026-02-05 19:40:47 +08:00: \n🚀 Processing 1 sessions in 1 batches
2026-02-05 19:40:58 +08:00: \n📊 Total sessions in contract: 1
2026-02-05 19:40:58 +08:00: 🦞 Active nodes: 20 | Shards per cycle: 4
2026-02-05 19:40:58 +08:00: 📋 Active sessions: 1
2026-02-05 19:40:58 +08:00: \n🚀 Processing 1 sessions in 1 batches
2026-02-05 19:41:09 +08:00: \n📊 Total sessions in contract: 1
2026-02-05 19:41:10 +08:00: 🦞 Active nodes: 20 | Shards per cycle: 4
2026-02-05 19:41:10 +08:00: 📋 Active sessions: 1
2026-02-05 19:41:10 +08:00: \n🚀 Processing 1 sessions in 1 batches
2026-02-05 19:41:11 +08:00: 
📦 Batch 5801059: Pulsing 1 sessions [USDC] (Wave Complete) [nonce: 2020]
2026-02-05 19:41:12 +08:00: 📤 Tx sent: 0x3ef14b03f6f49d181fe10318e59c4d668a0e4ebbfa8f288e1d7aad2f107e6db4
2026-02-05 19:41:17 +08:00: ✅ Batch confirmed in block 33328137! Gas: 52018
2026-02-05 19:41:27 +08:00: \n📊 Total sessions in contract: 1
2026-02-05 19:41:27 +08:00: 🦞 Active nodes: 20 | Shards per cycle: 4
2026-02-05 19:41:28 +08:00: 📋 Active sessions: 1
2026-02-05 19:41:28 +08:00: \n🚀 Processing 1 sessions in 1 batches
2026-02-05 19:41:38 +08:00: \n📊 Total sessions in contract: 1
2026-02-05 19:41:39 +08:00: 🦞 Active nodes: 20 | Shards per cycle: 4
2026-02-05 19:41:39 +08:00: 📋 Active sessions: 1
2026-02-05 19:41:39 +08:00: \n🚀 Processing 1 sessions in 1 batches
2026-02-05 19:41:49 +08:00: \n📊 Total sessions in contract: 1
2026-02-05 19:41:50 +08:00: 🦞 Active nodes: 20 | Shards per cycle: 4
2026-02-05 19:41:50 +08:00: 📋 Active sessions: 1
2026-02-05 19:41:50 +08:00: \n🚀 Processing 1 sessions in 1 batches
2026-02-05 19:41:50 +08:00: 
📦 Batch 5990958: Pulsing 1 sessions [USDC] (Mixer→A) [nonce: 2021]
2026-02-05 19:41:51 +08:00: 📤 Tx sent: 0x7a0400a67bbe4c8d9ba0511c354f305509b81ad9e00d8cd35dcfda2165ee3150
2026-02-05 19:41:56 +08:00: ✅ Batch confirmed in block 33328157! Gas: 158161
2026-02-05 19:42:07 +08:00: \n📊 Total sessions in contract: 1
2026-02-05 19:42:07 +08:00: 🦞 Active nodes: 20 | Shards per cycle: 4
2026-02-05 19:42:07 +08:00: 📋 Active sessions: 1
2026-02-05 19:42:07 +08:00: \n🚀 Processing 1 sessions in 1 batches
2026-02-05 19:42:18 +08:00: \n📊 Total sessions in contract: 1
2026-02-05 19:42:19 +08:00: 🦞 Active nodes: 20 | Shards per cycle: 4
2026-02-05 19:42:19 +08:00: 📋 Active sessions: 1
2026-02-05 19:42:19 +08:00: \n🚀 Processing 1 sessions in 1 batches
2026-02-05 19:42:29 +08:00: \n📊 Total sessions in contract: 1
2026-02-05 19:42:30 +08:00: 🦞 Active nodes: 20 | Shards per cycle: 4
2026-02-05 19:42:30 +08:00: 📋 Active sessions: 1
2026-02-05 19:42:30 +08:00: \n🚀 Processing 1 sessions in 1 batches
2026-02-05 19:42:30 +08:00: 
📦 Batch 4777178: Pulsing 1 sessions [USDC] (A→B) [nonce: 2022]
2026-02-05 19:42:31 +08:00: 📤 Tx sent: 0x0a41abe3d405234692e4fcda55bca5f1778a269cedddb8406fbb08fcae93bffd
2026-02-05 19:42:36 +08:00: ✅ Batch confirmed in block 33328177! Gas: 172397
2026-02-05 19:42:47 +08:00: \n📊 Total sessions in contract: 1
2026-02-05 19:42:47 +08:00: 🦞 Active nodes: 20 | Shards per cycle: 4
2026-02-05 19:42:47 +08:00: 📋 Active sessions: 1
2026-02-05 19:42:47 +08:00: \n🚀 Processing 1 sessions in 1 batches
2026-02-05 19:42:58 +08:00: \n📊 Total sessions in contract: 1
2026-02-05 19:42:58 +08:00: 🦞 Active nodes: 20 | Shards per cycle: 4
2026-02-05 19:42:58 +08:00: 📋 Active sessions: 1
2026-02-05 19:42:58 +08:00: \n🚀 Processing 1 sessions in 1 batches
2026-02-05 19:43:09 +08:00: \n📊 Total sessions in contract: 1
2026-02-05 19:43:09 +08:00: 🦞 Active nodes: 20 | Shards per cycle: 4
2026-02-05 19:43:10 +08:00: 📋 Active sessions: 1
2026-02-05 19:43:10 +08:00: \n🚀 Processing 1 sessions in 1 batches
2026-02-05 19:43:10 +08:00: 
📦 Batch 3905448: Pulsing 1 sessions [USDC] (B→C) [nonce: 2023]
2026-02-05 19:43:11 +08:00: 📤 Tx sent: 0x3fb570c9e20012ae26468f78989ad6857360d92c3df037e3ea2c33ec6a580b2c
2026-02-05 19:43:16 +08:00: ✅ Batch confirmed in block 33328197! Gas: 172693
2026-02-05 19:43:26 +08:00: \n📊 Total sessions in contract: 1
2026-02-05 19:43:27 +08:00: 🦞 Active nodes: 20 | Shards per cycle: 4
2026-02-05 19:43:27 +08:00: 📋 Active sessions: 1
2026-02-05 19:43:27 +08:00: \n🚀 Processing 1 sessions in 1 batches
2026-02-05 19:43:38 +08:00: \n📊 Total sessions in contract: 1
2026-02-05 19:43:38 +08:00: 🦞 Active nodes: 20 | Shards per cycle: 4
2026-02-05 19:43:38 +08:00: 📋 Active sessions: 1
2026-02-05 19:43:38 +08:00: \n🚀 Processing 1 sessions in 1 batches
2026-02-05 19:43:49 +08:00: \n📊 Total sessions in contract: 1
2026-02-05 19:43:49 +08:00: 🦞 Active nodes: 20 | Shards per cycle: 4
2026-02-05 19:43:49 +08:00: 📋 Active sessions: 1
2026-02-05 19:43:49 +08:00: \n🚀 Processing 1 sessions in 1 batches
2026-02-05 19:43:50 +08:00: 
📦 Batch 9104069: Pulsing 1 sessions [USDC] (C→D) [nonce: 2024]
2026-02-05 19:43:51 +08:00: 📤 Tx sent: 0x3fded8480e11bf47884c83029770da7494f1bac05ad9a52c6e8877821c9f76a8
2026-02-05 19:43:56 +08:00: ✅ Batch confirmed in block 33328217! Gas: 172773
2026-02-05 19:44:06 +08:00: \n📊 Total sessions in contract: 1
2026-02-05 19:44:06 +08:00: 🦞 Active nodes: 20 | Shards per cycle: 4
2026-02-05 19:44:07 +08:00: 📋 Active sessions: 1
2026-02-05 19:44:07 +08:00: \n🚀 Processing 1 sessions in 1 batches
2026-02-05 19:44:17 +08:00: \n📊 Total sessions in contract: 1
2026-02-05 19:44:18 +08:00: 🦞 Active nodes: 20 | Shards per cycle: 4
2026-02-05 19:44:18 +08:00: 📋 Active sessions: 1
2026-02-05 19:44:18 +08:00: \n🚀 Processing 1 sessions in 1 batches
2026-02-05 19:44:28 +08:00: \n📊 Total sessions in contract: 1
2026-02-05 19:44:29 +08:00: 🦞 Active nodes: 20 | Shards per cycle: 4
2026-02-05 19:44:29 +08:00: 📋 Active sessions: 1
2026-02-05 19:44:29 +08:00: \n🚀 Processing 1 sessions in 1 batches
2026-02-05 19:44:30 +08:00: 
📦 Batch 8017412: Pulsing 1 sessions [USDC] (D→E) [nonce: 2025]
2026-02-05 19:44:30 +08:00: 🔄 Recovering nonce from chain...
2026-02-05 19:44:31 +08:00: ✅ Nonce recovered: 2047
2026-02-05 19:44:41 +08:00: \n📊 Total sessions in contract: 1
2026-02-05 19:44:41 +08:00: 🦞 Active nodes: 20 | Shards per cycle: 4
2026-02-05 19:44:42 +08:00: 📋 Active sessions: 1
2026-02-05 19:44:42 +08:00: \n🚀 Processing 1 sessions in 1 batches
2026-02-05 19:44:42 +08:00: 
📦 Batch 7947425: Pulsing 1 sessions [USDC] (D→E) [nonce: 2047]
2026-02-05 19:44:43 +08:00: 📤 Tx sent: 0xee998f6249c68fc470140c80537af3056d934fc22b3df6b408879c4f5a28dc82
2026-02-05 19:44:48 +08:00: ✅ Batch confirmed in block 33328243! Gas: 172796
2026-02-05 19:44:58 +08:00: \n📊 Total sessions in contract: 1
2026-02-05 19:44:59 +08:00: 🦞 Active nodes: 20 | Shards per cycle: 4
2026-02-05 19:44:59 +08:00: 📋 Active sessions: 1
2026-02-05 19:44:59 +08:00: \n🚀 Processing 1 sessions in 1 batches
2026-02-05 19:45:10 +08:00: \n📊 Total sessions in contract: 1
2026-02-05 19:45:10 +08:00: 🦞 Active nodes: 20 | Shards per cycle: 4
2026-02-05 19:45:10 +08:00: 📋 Active sessions: 1
2026-02-05 19:45:10 +08:00: \n🚀 Processing 1 sessions in 1 batches
2026-02-05 19:45:21 +08:00: \n📊 Total sessions in contract: 1
2026-02-05 19:45:21 +08:00: 🦞 Active nodes: 20 | Shards per cycle: 4
2026-02-05 19:45:22 +08:00: 📋 Active sessions: 1
2026-02-05 19:45:22 +08:00: \n🚀 Processing 1 sessions in 1 batches
2026-02-05 19:45:22 +08:00: 
📦 Batch 7364088: Pulsing 1 sessions [USDC] (E→Recipient) [nonce: 2048]
2026-02-05 19:45:23 +08:00: 📤 Tx sent: 0x5f2196c10dfcf0ed4e988801d81d22e17164f6d8eebcc08ea16581bb81360d44
2026-02-05 19:45:28 +08:00: ✅ Batch confirmed in block 33328263! Gas: 115372
2026-02-05 19:45:38 +08:00: \n📊 Total sessions in contract: 1
2026-02-05 19:45:39 +08:00: 🦞 Active nodes: 20 | Shards per cycle: 4
2026-02-05 19:45:39 +08:00: 📋 Active sessions: 1
2026-02-05 19:45:39 +08:00: \n🚀 Processing 1 sessions in 1 batches
2026-02-05 19:45:49 +08:00: \n📊 Total sessions in contract: 1
2026-02-05 19:45:50 +08:00: 🦞 Active nodes: 20 | Shards per cycle: 4
2026-02-05 19:45:50 +08:00: 📋 Active sessions: 1
2026-02-05 19:45:50 +08:00: \n🚀 Processing 1 sessions in 1 batches
2026-02-05 19:46:01 +08:00: \n📊 Total sessions in contract: 1
2026-02-05 19:46:01 +08:00: 🦞 Active nodes: 20 | Shards per cycle: 4
2026-02-05 19:46:01 +08:00: 📋 Active sessions: 1
2026-02-05 19:46:01 +08:00: \n🚀 Processing 1 sessions in 1 batches
2026-02-05 19:46:02 +08:00: 
📦 Batch 9517552: Pulsing 1 sessions [USDC] (Wave Complete) [nonce: 2049]
2026-02-05 19:46:03 +08:00: 📤 Tx sent: 0x34364ad2079a418d7562187334900127a02a100a0235374663454fe8281e2cc9
2026-02-05 19:46:08 +08:00: ✅ Batch confirmed in block 33328283! Gas: 760314
2026-02-05 19:46:18 +08:00: \n📊 Total sessions in contract: 1
2026-02-05 19:46:18 +08:00: 🦞 Active nodes: 20 | Shards per cycle: 4
2026-02-05 19:46:19 +08:00: 📋 Active sessions: 1
2026-02-05 19:46:19 +08:00: \n🚀 Processing 1 sessions in 1 batches
2026-02-05 19:46:29 +08:00: \n📊 Total sessions in contract: 1
2026-02-05 19:46:30 +08:00: 🦞 Active nodes: 20 | Shards per cycle: 4
2026-02-05 19:46:30 +08:00: 📋 Active sessions: 1
2026-02-05 19:46:30 +08:00: \n🚀 Processing 1 sessions in 1 batches
2026-02-05 19:46:40 +08:00: \n📊 Total sessions in contract: 1
2026-02-05 19:46:41 +08:00: 🦞 Active nodes: 20 | Shards per cycle: 4
2026-02-05 19:46:41 +08:00: 📋 Active sessions: 1
2026-02-05 19:46:41 +08:00: \n🚀 Processing 1 sessions in 1 batches
2026-02-05 19:46:52 +08:00: \n📊 Total sessions in contract: 1
2026-02-05 19:46:52 +08:00: 🦞 Active nodes: 20 | Shards per cycle: 4
2026-02-05 19:46:52 +08:00: 📋 Active sessions: 1
2026-02-05 19:46:52 +08:00: \n🚀 Processing 1 sessions in 1 batches
2026-02-05 19:47:03 +08:00: \n📊 Total sessions in contract: 1
2026-02-05 19:47:03 +08:00: 🦞 Active nodes: 20 | Shards per cycle: 4
2026-02-05 19:47:03 +08:00: 📋 Active sessions: 1
2026-02-05 19:47:03 +08:00: \n🚀 Processing 1 sessions in 1 batches
2026-02-05 19:47:14 +08:00: \n📊 Total sessions in contract: 1
2026-02-05 19:47:15 +08:00: 🦞 Active nodes: 20 | Shards per cycle: 4
2026-02-05 19:47:15 +08:00: 📋 Active sessions: 1
2026-02-05 19:47:15 +08:00: \n🚀 Processing 1 sessions in 1 batches
2026-02-05 19:47:25 +08:00: \n📊 Total sessions in contract: 1
2026-02-05 19:47:26 +08:00: 🦞 Active nodes: 20 | Shards per cycle: 4
2026-02-05 19:47:26 +08:00: 📋 Active sessions: 1
2026-02-05 19:47:26 +08:00: \n🚀 Processing 1 sessions in 1 batches
2026-02-05 19:49:48 +08:00: \n📊 Total sessions in contract: 1
2026-02-05 19:49:48 +08:00: 🦞 Active nodes: 20 | Shards per cycle: 4
2026-02-05 19:49:49 +08:00: 📋 Active sessions: 1
2026-02-05 19:49:49 +08:00: \n🚀 Processing 1 sessions in 1 batches
2026-02-05 19:49:59 +08:00: \n📊 Total sessions in contract: 1
2026-02-05 19:50:00 +08:00: 🦞 Active nodes: 20 | Shards per cycle: 4
2026-02-05 19:50:00 +08:00: 📋 Active sessions: 1
2026-02-05 19:50:00 +08:00: \n🚀 Processing 1 sessions in 1 batches
2026-02-05 19:50:11 +08:00: \n📊 Total sessions in contract: 1
2026-02-05 19:50:11 +08:00: 🦞 Active nodes: 20 | Shards per cycle: 4
2026-02-05 19:50:11 +08:00: 📋 Active sessions: 1
2026-02-05 19:50:11 +08:00: \n🚀 Processing 1 sessions in 1 batches
2026-02-05 19:50:22 +08:00: \n📊 Total sessions in contract: 1
2026-02-05 19:50:22 +08:00: 🦞 Active nodes: 20 | Shards per cycle: 4
2026-02-05 19:50:23 +08:00: 📋 Active sessions: 1
2026-02-05 19:50:23 +08:00: \n🚀 Processing 1 sessions in 1 batches
2026-02-05 19:50:33 +08:00: \n📊 Total sessions in contract: 1
2026-02-05 19:50:34 +08:00: 🦞 Active nodes: 20 | Shards per cycle: 4
2026-02-05 19:50:34 +08:00: 📋 Active sessions: 1
2026-02-05 19:50:34 +08:00: \n🚀 Processing 1 sessions in 1 batches
2026-02-05 19:50:45 +08:00: \n📊 Total sessions in contract: 1
2026-02-05 19:50:45 +08:00: 🦞 Active nodes: 20 | Shards per cycle: 4
2026-02-05 19:50:45 +08:00: 📋 Active sessions: 1
2026-02-05 19:50:45 +08:00: \n🚀 Processing 1 sessions in 1 batches
2026-02-05 19:50:56 +08:00: \n📊 Total sessions in contract: 1
2026-02-05 19:50:56 +08:00: 🦞 Active nodes: 20 | Shards per cycle: 4
2026-02-05 19:50:57 +08:00: 📋 Active sessions: 1
2026-02-05 19:50:57 +08:00: \n🚀 Processing 1 sessions in 1 batches
2026-02-05 19:51:07 +08:00: \n📊 Total sessions in contract: 1
2026-02-05 19:51:08 +08:00: 🦞 Active nodes: 20 | Shards per cycle: 4
2026-02-05 19:51:08 +08:00: 📋 Active sessions: 1
2026-02-05 19:51:08 +08:00: \n🚀 Processing 1 sessions in 1 batches
2026-02-05 19:51:18 +08:00: \n📊 Total sessions in contract: 1
2026-02-05 19:51:19 +08:00: 🦞 Active nodes: 20 | Shards per cycle: 4
2026-02-05 19:51:19 +08:00: 📋 Active sessions: 1
2026-02-05 19:51:19 +08:00: \n🚀 Processing 1 sessions in 1 batches
2026-02-05 19:51:30 +08:00: \n📊 Total sessions in contract: 1
2026-02-05 19:51:30 +08:00: 🦞 Active nodes: 20 | Shards per cycle: 4
2026-02-05 19:51:30 +08:00: 📋 Active sessions: 1
2026-02-05 19:51:30 +08:00: \n🚀 Processing 1 sessions in 1 batches
2026-02-05 19:51:41 +08:00: \n📊 Total sessions in contract: 1
2026-02-05 19:51:41 +08:00: 🦞 Active nodes: 20 | Shards per cycle: 4
2026-02-05 19:51:42 +08:00: 📋 Active sessions: 1
2026-02-05 19:51:42 +08:00: \n🚀 Processing 1 sessions in 1 batches
2026-02-05 19:51:52 +08:00: \n📊 Total sessions in contract: 1
2026-02-05 19:51:53 +08:00: 🦞 Active nodes: 20 | Shards per cycle: 4
2026-02-05 19:51:53 +08:00: 📋 Active sessions: 1
2026-02-05 19:51:53 +08:00: \n🚀 Processing 1 sessions in 1 batches
2026-02-05 19:52:03 +08:00: \n📊 Total sessions in contract: 1
2026-02-05 19:52:04 +08:00: 🦞 Active nodes: 20 | Shards per cycle: 4
2026-02-05 19:52:04 +08:00: 📋 Active sessions: 1
2026-02-05 19:52:04 +08:00: \n🚀 Processing 1 sessions in 1 batches
2026-02-05 19:52:15 +08:00: \n📊 Total sessions in contract: 1
2026-02-05 19:52:15 +08:00: 🦞 Active nodes: 20 | Shards per cycle: 4
2026-02-05 19:52:15 +08:00: 📋 Active sessions: 1
2026-02-05 19:52:15 +08:00: \n🚀 Processing 1 sessions in 1 batches
2026-02-05 19:52:26 +08:00: \n📊 Total sessions in contract: 1
2026-02-05 19:52:26 +08:00: 🦞 Active nodes: 20 | Shards per cycle: 4
2026-02-05 19:52:26 +08:00: 📋 Active sessions: 1
2026-02-05 19:52:26 +08:00: \n🚀 Processing 1 sessions in 1 batches
2026-02-05 19:52:37 +08:00: \n📊 Total sessions in contract: 1
2026-02-05 19:52:37 +08:00: 🦞 Active nodes: 20 | Shards per cycle: 4
2026-02-05 19:52:38 +08:00: 📋 Active sessions: 1
2026-02-05 19:52:38 +08:00: \n🚀 Processing 1 sessions in 1 batches
2026-02-05 19:52:49 +08:00: \n📊 Total sessions in contract: 1
2026-02-05 19:52:49 +08:00: 🦞 Active nodes: 20 | Shards per cycle: 4
2026-02-05 19:52:49 +08:00: 📋 Active sessions: 1
2026-02-05 19:52:49 +08:00: \n🚀 Processing 1 sessions in 1 batches
2026-02-05 19:53:00 +08:00: \n📊 Total sessions in contract: 1
2026-02-05 19:53:00 +08:00: 🦞 Active nodes: 20 | Shards per cycle: 4
2026-02-05 19:53:00 +08:00: 📋 Active sessions: 1
2026-02-05 19:53:00 +08:00: \n🚀 Processing 1 sessions in 1 batches
2026-02-05 19:53:11 +08:00: \n📊 Total sessions in contract: 1
2026-02-05 19:53:11 +08:00: 🦞 Active nodes: 20 | Shards per cycle: 4
2026-02-05 19:53:12 +08:00: 📋 Active sessions: 1
2026-02-05 19:53:12 +08:00: \n🚀 Processing 1 sessions in 1 batches
2026-02-05 19:53:22 +08:00: \n📊 Total sessions in contract: 1
2026-02-05 19:53:23 +08:00: 🦞 Active nodes: 20 | Shards per cycle: 4
2026-02-05 19:53:23 +08:00: 📋 Active sessions: 1
2026-02-05 19:53:23 +08:00: \n🚀 Processing 1 sessions in 1 batches
2026-02-05 19:53:33 +08:00: \n📊 Total sessions in contract: 1
2026-02-05 19:53:34 +08:00: 🦞 Active nodes: 20 | Shards per cycle: 4
2026-02-05 19:53:34 +08:00: 📋 Active sessions: 1
2026-02-05 19:53:34 +08:00: \n🚀 Processing 1 sessions in 1 batches
2026-02-05 19:53:45 +08:00: \n📊 Total sessions in contract: 1
2026-02-05 19:53:45 +08:00: 🦞 Active nodes: 20 | Shards per cycle: 4
2026-02-05 19:53:45 +08:00: 📋 Active sessions: 1
2026-02-05 19:53:45 +08:00: \n🚀 Processing 1 sessions in 1 batches
2026-02-05 19:53:56 +08:00: \n📊 Total sessions in contract: 1
2026-02-05 19:53:56 +08:00: 🦞 Active nodes: 20 | Shards per cycle: 4
2026-02-05 19:53:57 +08:00: 📋 Active sessions: 1
2026-02-05 19:53:57 +08:00: \n🚀 Processing 1 sessions in 1 batches
2026-02-05 19:54:07 +08:00: \n📊 Total sessions in contract: 1
2026-02-05 19:54:08 +08:00: 🦞 Active nodes: 20 | Shards per cycle: 4
2026-02-05 19:54:08 +08:00: 📋 Active sessions: 1
2026-02-05 19:54:08 +08:00: \n🚀 Processing 1 sessions in 1 batches
2026-02-05 19:54:18 +08:00: \n📊 Total sessions in contract: 1
2026-02-05 19:54:19 +08:00: 🦞 Active nodes: 20 | Shards per cycle: 4
2026-02-05 19:54:19 +08:00: 📋 Active sessions: 1
2026-02-05 19:54:19 +08:00: \n🚀 Processing 1 sessions in 1 batches
2026-02-05 19:54:30 +08:00: \n📊 Total sessions in contract: 1
2026-02-05 19:54:30 +08:00: 🦞 Active nodes: 20 | Shards per cycle: 4
2026-02-05 19:54:30 +08:00: 📋 Active sessions: 1
2026-02-05 19:54:30 +08:00: \n🚀 Processing 1 sessions in 1 batches
2026-02-05 19:54:41 +08:00: \n📊 Total sessions in contract: 1
2026-02-05 19:54:41 +08:00: 🦞 Active nodes: 20 | Shards per cycle: 4
2026-02-05 19:54:41 +08:00: 📋 Active sessions: 1
2026-02-05 19:54:41 +08:00: \n🚀 Processing 1 sessions in 1 batches
2026-02-05 19:54:52 +08:00: \n📊 Total sessions in contract: 1
2026-02-05 19:54:52 +08:00: 🦞 Active nodes: 20 | Shards per cycle: 4
2026-02-05 19:54:53 +08:00: 📋 Active sessions: 1
2026-02-05 19:54:53 +08:00: \n🚀 Processing 1 sessions in 1 batches
2026-02-05 19:55:03 +08:00: \n📊 Total sessions in contract: 1
2026-02-05 19:55:04 +08:00: 🦞 Active nodes: 20 | Shards per cycle: 4
2026-02-05 19:55:04 +08:00: 📋 Active sessions: 1
2026-02-05 19:55:04 +08:00: \n🚀 Processing 1 sessions in 1 batches
2026-02-05 19:55:14 +08:00: \n📊 Total sessions in contract: 1
2026-02-05 19:55:15 +08:00: 🦞 Active nodes: 20 | Shards per cycle: 4
2026-02-05 19:55:15 +08:00: 📋 Active sessions: 1
2026-02-05 19:55:15 +08:00: \n🚀 Processing 1 sessions in 1 batches
2026-02-05 19:55:26 +08:00: \n📊 Total sessions in contract: 1
2026-02-05 19:55:26 +08:00: 🦞 Active nodes: 20 | Shards per cycle: 4
2026-02-05 19:55:26 +08:00: 📋 Active sessions: 1
2026-02-05 19:55:26 +08:00: \n🚀 Processing 1 sessions in 1 batches
2026-02-05 19:55:37 +08:00: \n📊 Total sessions in contract: 1
2026-02-05 19:55:37 +08:00: 🦞 Active nodes: 20 | Shards per cycle: 4
2026-02-05 19:55:38 +08:00: 📋 Active sessions: 1
2026-02-05 19:55:38 +08:00: \n🚀 Processing 1 sessions in 1 batches
2026-02-05 19:55:48 +08:00: \n📊 Total sessions in contract: 1
2026-02-05 19:55:49 +08:00: 🦞 Active nodes: 20 | Shards per cycle: 4
2026-02-05 19:55:49 +08:00: 📋 Active sessions: 1
2026-02-05 19:55:49 +08:00: \n🚀 Processing 1 sessions in 1 batches
2026-02-05 19:55:59 +08:00: \n📊 Total sessions in contract: 1
2026-02-05 19:56:00 +08:00: 🦞 Active nodes: 20 | Shards per cycle: 4
2026-02-05 19:56:00 +08:00: 📋 Active sessions: 1
2026-02-05 19:56:00 +08:00: \n🚀 Processing 1 sessions in 1 batches
2026-02-05 19:56:11 +08:00: \n📊 Total sessions in contract: 1
2026-02-05 19:56:11 +08:00: 🦞 Active nodes: 20 | Shards per cycle: 4
2026-02-05 19:56:11 +08:00: 📋 Active sessions: 1
2026-02-05 19:56:11 +08:00: \n🚀 Processing 1 sessions in 1 batches
2026-02-05 19:56:22 +08:00: \n📊 Total sessions in contract: 1
2026-02-05 19:56:22 +08:00: 🦞 Active nodes: 20 | Shards per cycle: 4
2026-02-05 19:56:23 +08:00: 📋 Active sessions: 1
2026-02-05 19:56:23 +08:00: \n🚀 Processing 1 sessions in 1 batches
2026-02-05 19:56:33 +08:00: \n📊 Total sessions in contract: 1
2026-02-05 19:56:34 +08:00: 🦞 Active nodes: 20 | Shards per cycle: 4
2026-02-05 19:56:34 +08:00: 📋 Active sessions: 1
2026-02-05 19:56:34 +08:00: \n🚀 Processing 1 sessions in 1 batches
2026-02-05 19:56:44 +08:00: \n📊 Total sessions in contract: 1
2026-02-05 19:56:45 +08:00: 🦞 Active nodes: 20 | Shards per cycle: 4
2026-02-05 19:56:45 +08:00: 📋 Active sessions: 1
2026-02-05 19:56:45 +08:00: \n🚀 Processing 1 sessions in 1 batches
2026-02-05 19:56:56 +08:00: \n📊 Total sessions in contract: 1
2026-02-05 19:56:56 +08:00: 🦞 Active nodes: 20 | Shards per cycle: 4
2026-02-05 19:56:56 +08:00: 📋 Active sessions: 1
2026-02-05 19:56:56 +08:00: \n🚀 Processing 1 sessions in 1 batches
2026-02-05 19:57:07 +08:00: \n📊 Total sessions in contract: 1
2026-02-05 19:57:07 +08:00: 🦞 Active nodes: 20 | Shards per cycle: 4
2026-02-05 19:57:08 +08:00: 📋 Active sessions: 1
2026-02-05 19:57:08 +08:00: \n🚀 Processing 1 sessions in 1 batches
2026-02-05 19:57:18 +08:00: \n📊 Total sessions in contract: 1
2026-02-05 19:57:19 +08:00: 🦞 Active nodes: 20 | Shards per cycle: 4
2026-02-05 19:57:19 +08:00: 📋 Active sessions: 1
2026-02-05 19:57:19 +08:00: \n🚀 Processing 1 sessions in 1 batches
2026-02-05 19:57:29 +08:00: \n📊 Total sessions in contract: 1
2026-02-05 19:57:30 +08:00: 🦞 Active nodes: 20 | Shards per cycle: 4
2026-02-05 19:57:30 +08:00: 📋 Active sessions: 1
2026-02-05 19:57:30 +08:00: \n🚀 Processing 1 sessions in 1 batches
2026-02-05 19:57:41 +08:00: \n📊 Total sessions in contract: 1
2026-02-05 19:57:41 +08:00: 🦞 Active nodes: 20 | Shards per cycle: 4
2026-02-05 19:57:41 +08:00: 📋 Active sessions: 1
2026-02-05 19:57:41 +08:00: \n🚀 Processing 1 sessions in 1 batches
2026-02-05 19:57:52 +08:00: \n📊 Total sessions in contract: 1
2026-02-05 19:57:52 +08:00: 🦞 Active nodes: 20 | Shards per cycle: 4
2026-02-05 19:57:53 +08:00: 📋 Active sessions: 1
2026-02-05 19:57:53 +08:00: \n🚀 Processing 1 sessions in 1 batches
2026-02-05 19:58:03 +08:00: \n📊 Total sessions in contract: 1
2026-02-05 19:58:04 +08:00: 🦞 Active nodes: 20 | Shards per cycle: 4
2026-02-05 19:58:04 +08:00: 📋 Active sessions: 1
2026-02-05 19:58:04 +08:00: \n🚀 Processing 1 sessions in 1 batches
2026-02-05 19:58:14 +08:00: \n📊 Total sessions in contract: 1
2026-02-05 19:58:15 +08:00: 🦞 Active nodes: 20 | Shards per cycle: 4
2026-02-05 19:58:15 +08:00: 📋 Active sessions: 1
2026-02-05 19:58:15 +08:00: \n🚀 Processing 1 sessions in 1 batches
2026-02-05 19:58:26 +08:00: \n📊 Total sessions in contract: 1
2026-02-05 19:58:26 +08:00: 🦞 Active nodes: 20 | Shards per cycle: 4
2026-02-05 19:58:26 +08:00: 📋 Active sessions: 1
2026-02-05 19:58:26 +08:00: \n🚀 Processing 1 sessions in 1 batches
2026-02-05 19:58:37 +08:00: \n📊 Total sessions in contract: 1
2026-02-05 19:58:37 +08:00: 🦞 Active nodes: 20 | Shards per cycle: 4
2026-02-05 19:58:37 +08:00: 📋 Active sessions: 1
2026-02-05 19:58:37 +08:00: \n🚀 Processing 1 sessions in 1 batches
2026-02-05 19:58:48 +08:00: \n📊 Total sessions in contract: 1
2026-02-05 19:58:48 +08:00: 🦞 Active nodes: 20 | Shards per cycle: 4
2026-02-05 19:58:49 +08:00: 📋 Active sessions: 1
2026-02-05 19:58:49 +08:00: \n🚀 Processing 1 sessions in 1 batches
2026-02-05 19:58:59 +08:00: \n📊 Total sessions in contract: 1
2026-02-05 19:59:00 +08:00: 🦞 Active nodes: 20 | Shards per cycle: 4
2026-02-05 19:59:00 +08:00: 📋 Active sessions: 1
2026-02-05 19:59:00 +08:00: \n🚀 Processing 1 sessions in 1 batches
2026-02-05 19:59:10 +08:00: \n📊 Total sessions in contract: 1
2026-02-05 19:59:11 +08:00: 🦞 Active nodes: 20 | Shards per cycle: 4
2026-02-05 19:59:11 +08:00: 📋 Active sessions: 1
2026-02-05 19:59:11 +08:00: \n🚀 Processing 1 sessions in 1 batches
2026-02-05 19:59:22 +08:00: \n📊 Total sessions in contract: 1
2026-02-05 19:59:22 +08:00: 🦞 Active nodes: 20 | Shards per cycle: 4
2026-02-05 19:59:22 +08:00: 📋 Active sessions: 1
2026-02-05 19:59:22 +08:00: \n🚀 Processing 1 sessions in 1 batches
2026-02-05 19:59:33 +08:00: \n📊 Total sessions in contract: 1
2026-02-05 19:59:33 +08:00: 🦞 Active nodes: 20 | Shards per cycle: 4
2026-02-05 19:59:33 +08:00: 📋 Active sessions: 1
2026-02-05 19:59:33 +08:00: \n🚀 Processing 1 sessions in 1 batches
2026-02-05 19:59:44 +08:00: \n📊 Total sessions in contract: 1
2026-02-05 19:59:44 +08:00: 🦞 Active nodes: 20 | Shards per cycle: 4
2026-02-05 19:59:45 +08:00: 📋 Active sessions: 1
2026-02-05 19:59:45 +08:00: \n🚀 Processing 1 sessions in 1 batches
2026-02-05 19:59:55 +08:00: \n📊 Total sessions in contract: 1
2026-02-05 19:59:56 +08:00: 🦞 Active nodes: 20 | Shards per cycle: 4
2026-02-05 19:59:56 +08:00: 📋 Active sessions: 1
2026-02-05 19:59:56 +08:00: \n🚀 Processing 1 sessions in 1 batches
2026-02-05 20:00:06 +08:00: \n📊 Total sessions in contract: 1
2026-02-05 20:00:07 +08:00: 🦞 Active nodes: 20 | Shards per cycle: 4
2026-02-05 20:00:07 +08:00: 📋 Active sessions: 1
2026-02-05 20:00:07 +08:00: \n🚀 Processing 1 sessions in 1 batches
2026-02-05 20:00:18 +08:00: \n📊 Total sessions in contract: 1
2026-02-05 20:00:18 +08:00: 🦞 Active nodes: 20 | Shards per cycle: 4
2026-02-05 20:00:18 +08:00: 📋 Active sessions: 1
2026-02-05 20:00:18 +08:00: \n🚀 Processing 1 sessions in 1 batches
2026-02-05 20:00:29 +08:00: \n📊 Total sessions in contract: 1
2026-02-05 20:00:29 +08:00: 🦞 Active nodes: 20 | Shards per cycle: 4
2026-02-05 20:00:30 +08:00: 📋 Active sessions: 1
2026-02-05 20:00:30 +08:00: \n🚀 Processing 1 sessions in 1 batches
2026-02-05 20:00:40 +08:00: \n📊 Total sessions in contract: 1
2026-02-05 20:00:41 +08:00: 🦞 Active nodes: 20 | Shards per cycle: 4
2026-02-05 20:00:41 +08:00: 📋 Active sessions: 1
2026-02-05 20:00:41 +08:00: \n🚀 Processing 1 sessions in 1 batches
2026-02-05 20:00:52 +08:00: \n📊 Total sessions in contract: 1
2026-02-05 20:00:52 +08:00: 🦞 Active nodes: 20 | Shards per cycle: 4
2026-02-05 20:00:52 +08:00: 📋 Active sessions: 1
2026-02-05 20:00:52 +08:00: \n🚀 Processing 1 sessions in 1 batches
2026-02-05 20:01:03 +08:00: \n📊 Total sessions in contract: 1
2026-02-05 20:01:03 +08:00: 🦞 Active nodes: 20 | Shards per cycle: 4
2026-02-05 20:01:03 +08:00: 📋 Active sessions: 1
2026-02-05 20:01:03 +08:00: \n🚀 Processing 1 sessions in 1 batches
2026-02-05 20:01:14 +08:00: \n📊 Total sessions in contract: 1
2026-02-05 20:01:14 +08:00: 🦞 Active nodes: 20 | Shards per cycle: 4
2026-02-05 20:01:15 +08:00: 📋 Active sessions: 1
2026-02-05 20:01:15 +08:00: \n🚀 Processing 1 sessions in 1 batches
2026-02-05 20:01:25 +08:00: \n📊 Total sessions in contract: 1
2026-02-05 20:01:26 +08:00: 🦞 Active nodes: 20 | Shards per cycle: 4
2026-02-05 20:01:26 +08:00: 📋 Active sessions: 1
2026-02-05 20:01:26 +08:00: \n🚀 Processing 1 sessions in 1 batches
2026-02-05 20:01:37 +08:00: \n📊 Total sessions in contract: 1
2026-02-05 20:01:37 +08:00: 🦞 Active nodes: 20 | Shards per cycle: 4
2026-02-05 20:01:37 +08:00: 📋 Active sessions: 1
2026-02-05 20:01:37 +08:00: \n🚀 Processing 1 sessions in 1 batches
2026-02-05 20:01:48 +08:00: \n📊 Total sessions in contract: 1
2026-02-05 20:01:48 +08:00: 🦞 Active nodes: 20 | Shards per cycle: 4
2026-02-05 20:01:48 +08:00: 📋 Active sessions: 1
2026-02-05 20:01:48 +08:00: \n🚀 Processing 1 sessions in 1 batches
2026-02-05 20:01:59 +08:00: \n📊 Total sessions in contract: 1
2026-02-05 20:01:59 +08:00: 🦞 Active nodes: 20 | Shards per cycle: 4
2026-02-05 20:02:00 +08:00: 📋 Active sessions: 1
2026-02-05 20:02:00 +08:00: \n🚀 Processing 1 sessions in 1 batches
2026-02-05 20:02:10 +08:00: \n📊 Total sessions in contract: 1
2026-02-05 20:02:11 +08:00: 🦞 Active nodes: 20 | Shards per cycle: 4
2026-02-05 20:02:11 +08:00: 📋 Active sessions: 1
2026-02-05 20:02:11 +08:00: \n🚀 Processing 1 sessions in 1 batches
2026-02-05 20:02:21 +08:00: \n📊 Total sessions in contract: 1
2026-02-05 20:02:22 +08:00: 🦞 Active nodes: 20 | Shards per cycle: 4
2026-02-05 20:02:22 +08:00: 📋 Active sessions: 1
2026-02-05 20:02:22 +08:00: \n🚀 Processing 1 sessions in 1 batches
2026-02-05 20:02:33 +08:00: \n📊 Total sessions in contract: 1
2026-02-05 20:02:33 +08:00: 🦞 Active nodes: 20 | Shards per cycle: 4
2026-02-05 20:02:33 +08:00: 📋 Active sessions: 1
2026-02-05 20:02:33 +08:00: \n🚀 Processing 1 sessions in 1 batches
2026-02-05 20:02:44 +08:00: \n📊 Total sessions in contract: 1
2026-02-05 20:02:44 +08:00: 🦞 Active nodes: 20 | Shards per cycle: 4
2026-02-05 20:02:45 +08:00: 📋 Active sessions: 1
2026-02-05 20:02:45 +08:00: \n🚀 Processing 1 sessions in 1 batches
2026-02-05 20:02:55 +08:00: \n📊 Total sessions in contract: 1
2026-02-05 20:02:56 +08:00: 🦞 Active nodes: 20 | Shards per cycle: 4
2026-02-05 20:02:56 +08:00: 📋 Active sessions: 1
2026-02-05 20:02:56 +08:00: \n🚀 Processing 1 sessions in 1 batches
2026-02-05 20:03:06 +08:00: \n📊 Total sessions in contract: 1
2026-02-05 20:03:07 +08:00: 🦞 Active nodes: 20 | Shards per cycle: 4
2026-02-05 20:03:07 +08:00: 📋 Active sessions: 1
2026-02-05 20:03:07 +08:00: \n🚀 Processing 1 sessions in 1 batches
2026-02-05 20:03:18 +08:00: \n📊 Total sessions in contract: 1
2026-02-05 20:03:18 +08:00: 🦞 Active nodes: 20 | Shards per cycle: 4
2026-02-05 20:03:18 +08:00: 📋 Active sessions: 1
2026-02-05 20:03:18 +08:00: \n🚀 Processing 1 sessions in 1 batches
2026-02-05 20:03:29 +08:00: \n📊 Total sessions in contract: 1
2026-02-05 20:03:29 +08:00: 🦞 Active nodes: 20 | Shards per cycle: 4
2026-02-05 20:03:29 +08:00: 📋 Active sessions: 1
2026-02-05 20:03:29 +08:00: \n🚀 Processing 1 sessions in 1 batches
2026-02-05 20:03:40 +08:00: \n📊 Total sessions in contract: 1
2026-02-05 20:03:40 +08:00: 🦞 Active nodes: 20 | Shards per cycle: 4
2026-02-05 20:03:41 +08:00: 📋 Active sessions: 1
2026-02-05 20:03:41 +08:00: \n🚀 Processing 1 sessions in 1 batches
2026-02-05 20:03:51 +08:00: \n📊 Total sessions in contract: 1
2026-02-05 20:03:52 +08:00: 🦞 Active nodes: 20 | Shards per cycle: 4
2026-02-05 20:03:52 +08:00: 📋 Active sessions: 1
2026-02-05 20:03:52 +08:00: \n🚀 Processing 1 sessions in 1 batches
2026-02-05 20:04:03 +08:00: \n📊 Total sessions in contract: 1
2026-02-05 20:04:03 +08:00: 🦞 Active nodes: 20 | Shards per cycle: 4
2026-02-05 20:04:03 +08:00: 📋 Active sessions: 1
2026-02-05 20:04:03 +08:00: \n🚀 Processing 1 sessions in 1 batches
2026-02-05 20:04:14 +08:00: \n📊 Total sessions in contract: 1
2026-02-05 20:04:15 +08:00: 🦞 Active nodes: 20 | Shards per cycle: 4
2026-02-05 20:04:15 +08:00: 📋 Active sessions: 1
2026-02-05 20:04:15 +08:00: \n🚀 Processing 1 sessions in 1 batches
2026-02-05 20:04:25 +08:00: \n📊 Total sessions in contract: 1
2026-02-05 20:04:26 +08:00: 🦞 Active nodes: 20 | Shards per cycle: 4
2026-02-05 20:04:26 +08:00: 📋 Active sessions: 1
2026-02-05 20:04:26 +08:00: \n🚀 Processing 1 sessions in 1 batches
2026-02-05 20:04:37 +08:00: \n📊 Total sessions in contract: 1
2026-02-05 20:04:37 +08:00: 🦞 Active nodes: 20 | Shards per cycle: 4
2026-02-05 20:04:37 +08:00: 📋 Active sessions: 1
2026-02-05 20:04:37 +08:00: \n🚀 Processing 1 sessions in 1 batches
2026-02-05 20:04:48 +08:00: \n📊 Total sessions in contract: 1
2026-02-05 20:04:48 +08:00: 🦞 Active nodes: 20 | Shards per cycle: 4
2026-02-05 20:04:49 +08:00: 📋 Active sessions: 1
2026-02-05 20:04:49 +08:00: \n🚀 Processing 1 sessions in 1 batches
2026-02-05 20:04:59 +08:00: \n📊 Total sessions in contract: 1
2026-02-05 20:05:00 +08:00: 🦞 Active nodes: 20 | Shards per cycle: 4
2026-02-05 20:05:00 +08:00: 📋 Active sessions: 1
2026-02-05 20:05:00 +08:00: \n🚀 Processing 1 sessions in 1 batches
2026-02-05 20:05:10 +08:00: \n📊 Total sessions in contract: 1
2026-02-05 20:05:11 +08:00: 🦞 Active nodes: 20 | Shards per cycle: 4
2026-02-05 20:05:11 +08:00: 📋 Active sessions: 1
2026-02-05 20:05:11 +08:00: \n🚀 Processing 1 sessions in 1 batches
2026-02-05 20:05:22 +08:00: \n📊 Total sessions in contract: 1
2026-02-05 20:05:22 +08:00: 🦞 Active nodes: 20 | Shards per cycle: 4
2026-02-05 20:05:22 +08:00: 📋 Active sessions: 1
2026-02-05 20:05:22 +08:00: \n🚀 Processing 1 sessions in 1 batches
2026-02-05 20:05:33 +08:00: \n📊 Total sessions in contract: 1
2026-02-05 20:05:33 +08:00: 🦞 Active nodes: 20 | Shards per cycle: 4
2026-02-05 20:05:34 +08:00: 📋 Active sessions: 1
2026-02-05 20:05:34 +08:00: \n🚀 Processing 1 sessions in 1 batches
2026-02-05 20:05:44 +08:00: \n📊 Total sessions in contract: 1
2026-02-05 20:05:45 +08:00: 🦞 Active nodes: 20 | Shards per cycle: 4
2026-02-05 20:05:45 +08:00: 📋 Active sessions: 1
2026-02-05 20:05:45 +08:00: \n🚀 Processing 1 sessions in 1 batches
2026-02-05 20:05:55 +08:00: \n📊 Total sessions in contract: 1
2026-02-05 20:05:56 +08:00: 🦞 Active nodes: 20 | Shards per cycle: 4
2026-02-05 20:05:56 +08:00: 📋 Active sessions: 1
2026-02-05 20:05:56 +08:00: \n🚀 Processing 1 sessions in 1 batches
2026-02-05 20:06:07 +08:00: \n📊 Total sessions in contract: 1
2026-02-05 20:06:07 +08:00: 🦞 Active nodes: 20 | Shards per cycle: 4
2026-02-05 20:06:07 +08:00: 📋 Active sessions: 1
2026-02-05 20:06:07 +08:00: \n🚀 Processing 1 sessions in 1 batches
2026-02-05 20:06:18 +08:00: \n📊 Total sessions in contract: 1
2026-02-05 20:06:18 +08:00: 🦞 Active nodes: 20 | Shards per cycle: 4
2026-02-05 20:06:18 +08:00: 📋 Active sessions: 1
2026-02-05 20:06:18 +08:00: \n🚀 Processing 1 sessions in 1 batches
2026-02-05 20:06:29 +08:00: \n📊 Total sessions in contract: 1
2026-02-05 20:06:29 +08:00: 🦞 Active nodes: 20 | Shards per cycle: 4
2026-02-05 20:06:30 +08:00: 📋 Active sessions: 1
2026-02-05 20:06:30 +08:00: \n🚀 Processing 1 sessions in 1 batches
2026-02-05 20:06:40 +08:00: \n📊 Total sessions in contract: 1
2026-02-05 20:06:41 +08:00: 🦞 Active nodes: 20 | Shards per cycle: 4
2026-02-05 20:06:41 +08:00: 📋 Active sessions: 1
2026-02-05 20:06:41 +08:00: \n🚀 Processing 1 sessions in 1 batches
2026-02-05 20:06:51 +08:00: \n📊 Total sessions in contract: 1
2026-02-05 20:06:52 +08:00: 🦞 Active nodes: 20 | Shards per cycle: 4
2026-02-05 20:06:52 +08:00: 📋 Active sessions: 1
2026-02-05 20:06:52 +08:00: \n🚀 Processing 1 sessions in 1 batches
2026-02-05 20:07:03 +08:00: \n📊 Total sessions in contract: 1
2026-02-05 20:07:03 +08:00: 🦞 Active nodes: 20 | Shards per cycle: 4
2026-02-05 20:07:04 +08:00: 📋 Active sessions: 1
2026-02-05 20:07:04 +08:00: \n🚀 Processing 1 sessions in 1 batches
2026-02-05 20:07:14 +08:00: \n📊 Total sessions in contract: 1
2026-02-05 20:07:15 +08:00: 🦞 Active nodes: 20 | Shards per cycle: 4
2026-02-05 20:07:15 +08:00: 📋 Active sessions: 1
2026-02-05 20:07:15 +08:00: \n🚀 Processing 1 sessions in 1 batches
2026-02-05 20:07:25 +08:00: \n📊 Total sessions in contract: 1
2026-02-05 20:07:26 +08:00: 🦞 Active nodes: 20 | Shards per cycle: 4
2026-02-05 20:07:26 +08:00: 📋 Active sessions: 1
2026-02-05 20:07:26 +08:00: \n🚀 Processing 1 sessions in 1 batches
2026-02-05 20:07:37 +08:00: \n📊 Total sessions in contract: 1
2026-02-05 20:07:37 +08:00: 🦞 Active nodes: 20 | Shards per cycle: 4
2026-02-05 20:07:38 +08:00: 📋 Active sessions: 1
2026-02-05 20:07:38 +08:00: \n🚀 Processing 1 sessions in 1 batches
2026-02-05 20:07:48 +08:00: \n📊 Total sessions in contract: 1
2026-02-05 20:07:49 +08:00: 🦞 Active nodes: 20 | Shards per cycle: 4
2026-02-05 20:07:49 +08:00: 📋 Active sessions: 1
2026-02-05 20:07:49 +08:00: \n🚀 Processing 1 sessions in 1 batches
2026-02-05 20:07:59 +08:00: \n📊 Total sessions in contract: 1
2026-02-05 20:08:00 +08:00: 🦞 Active nodes: 20 | Shards per cycle: 4
2026-02-05 20:08:00 +08:00: 📋 Active sessions: 1
2026-02-05 20:08:00 +08:00: \n🚀 Processing 1 sessions in 1 batches
2026-02-05 20:08:11 +08:00: \n📊 Total sessions in contract: 1
2026-02-05 20:08:11 +08:00: 🦞 Active nodes: 20 | Shards per cycle: 4
2026-02-05 20:08:11 +08:00: 📋 Active sessions: 1
2026-02-05 20:08:11 +08:00: \n🚀 Processing 1 sessions in 1 batches
2026-02-05 20:08:22 +08:00: \n📊 Total sessions in contract: 1
2026-02-05 20:08:22 +08:00: 🦞 Active nodes: 20 | Shards per cycle: 4
2026-02-05 20:08:22 +08:00: 📋 Active sessions: 1
2026-02-05 20:08:22 +08:00: \n🚀 Processing 1 sessions in 1 batches
2026-02-05 20:08:33 +08:00: \n📊 Total sessions in contract: 1
2026-02-05 20:08:33 +08:00: 🦞 Active nodes: 20 | Shards per cycle: 4
2026-02-05 20:08:34 +08:00: 📋 Active sessions: 1
2026-02-05 20:08:34 +08:00: \n🚀 Processing 1 sessions in 1 batches
2026-02-05 20:08:44 +08:00: \n📊 Total sessions in contract: 1
2026-02-05 20:08:45 +08:00: 🦞 Active nodes: 20 | Shards per cycle: 4
2026-02-05 20:08:45 +08:00: 📋 Active sessions: 1
2026-02-05 20:08:45 +08:00: \n🚀 Processing 1 sessions in 1 batches
2026-02-05 20:08:55 +08:00: \n📊 Total sessions in contract: 1
2026-02-05 20:08:56 +08:00: 🦞 Active nodes: 20 | Shards per cycle: 4
2026-02-05 20:08:56 +08:00: 📋 Active sessions: 1
2026-02-05 20:08:56 +08:00: \n🚀 Processing 1 sessions in 1 batches
2026-02-05 20:09:07 +08:00: \n📊 Total sessions in contract: 1
2026-02-05 20:09:07 +08:00: 🦞 Active nodes: 20 | Shards per cycle: 4
2026-02-05 20:09:07 +08:00: 📋 Active sessions: 1
2026-02-05 20:09:07 +08:00: \n🚀 Processing 1 sessions in 1 batches
2026-02-05 20:09:18 +08:00: \n📊 Total sessions in contract: 1
2026-02-05 20:09:18 +08:00: 🦞 Active nodes: 20 | Shards per cycle: 4
2026-02-05 20:09:19 +08:00: 📋 Active sessions: 1
2026-02-05 20:09:19 +08:00: \n🚀 Processing 1 sessions in 1 batches
2026-02-05 20:09:29 +08:00: \n📊 Total sessions in contract: 1
2026-02-05 20:09:30 +08:00: 🦞 Active nodes: 20 | Shards per cycle: 4
2026-02-05 20:09:30 +08:00: 📋 Active sessions: 1
2026-02-05 20:09:30 +08:00: \n🚀 Processing 1 sessions in 1 batches
2026-02-05 20:09:40 +08:00: \n📊 Total sessions in contract: 1
2026-02-05 20:09:41 +08:00: 🦞 Active nodes: 20 | Shards per cycle: 4
2026-02-05 20:09:41 +08:00: 📋 Active sessions: 1
2026-02-05 20:09:41 +08:00: \n🚀 Processing 1 sessions in 1 batches
2026-02-05 20:09:52 +08:00: \n📊 Total sessions in contract: 1
2026-02-05 20:09:52 +08:00: 🦞 Active nodes: 20 | Shards per cycle: 4
2026-02-05 20:09:52 +08:00: 📋 Active sessions: 1
2026-02-05 20:09:52 +08:00: \n🚀 Processing 1 sessions in 1 batches
2026-02-05 20:10:03 +08:00: \n📊 Total sessions in contract: 1
2026-02-05 20:10:03 +08:00: 🦞 Active nodes: 20 | Shards per cycle: 4
2026-02-05 20:10:04 +08:00: 📋 Active sessions: 1
2026-02-05 20:10:04 +08:00: \n🚀 Processing 1 sessions in 1 batches
2026-02-05 20:10:14 +08:00: \n📊 Total sessions in contract: 1
2026-02-05 20:10:15 +08:00: 🦞 Active nodes: 20 | Shards per cycle: 4
2026-02-05 20:10:15 +08:00: 📋 Active sessions: 1
2026-02-05 20:10:15 +08:00: \n🚀 Processing 1 sessions in 1 batches
2026-02-05 20:10:25 +08:00: \n📊 Total sessions in contract: 1
2026-02-05 20:10:26 +08:00: 🦞 Active nodes: 20 | Shards per cycle: 4
2026-02-05 20:10:26 +08:00: 📋 Active sessions: 1
2026-02-05 20:10:26 +08:00: \n🚀 Processing 1 sessions in 1 batches
2026-02-05 20:10:37 +08:00: \n📊 Total sessions in contract: 1
2026-02-05 20:10:37 +08:00: 🦞 Active nodes: 20 | Shards per cycle: 4
2026-02-05 20:10:37 +08:00: 📋 Active sessions: 1
2026-02-05 20:10:37 +08:00: \n🚀 Processing 1 sessions in 1 batches
2026-02-05 20:10:48 +08:00: \n📊 Total sessions in contract: 1
2026-02-05 20:10:48 +08:00: 🦞 Active nodes: 20 | Shards per cycle: 4
2026-02-05 20:10:48 +08:00: 📋 Active sessions: 1
2026-02-05 20:10:48 +08:00: \n🚀 Processing 1 sessions in 1 batches
2026-02-05 20:10:59 +08:00: \n📊 Total sessions in contract: 1
2026-02-05 20:10:59 +08:00: 🦞 Active nodes: 20 | Shards per cycle: 4
2026-02-05 20:11:00 +08:00: 📋 Active sessions: 1
2026-02-05 20:11:00 +08:00: \n🚀 Processing 1 sessions in 1 batches
2026-02-05 20:11:10 +08:00: \n📊 Total sessions in contract: 1
2026-02-05 20:11:11 +08:00: 🦞 Active nodes: 20 | Shards per cycle: 4
2026-02-05 20:11:11 +08:00: 📋 Active sessions: 1
2026-02-05 20:11:11 +08:00: \n🚀 Processing 1 sessions in 1 batches
2026-02-05 20:11:21 +08:00: \n📊 Total sessions in contract: 1
2026-02-05 20:11:22 +08:00: 🦞 Active nodes: 20 | Shards per cycle: 4
2026-02-05 20:11:22 +08:00: 📋 Active sessions: 1
2026-02-05 20:11:22 +08:00: \n🚀 Processing 1 sessions in 1 batches
2026-02-05 20:11:33 +08:00: \n📊 Total sessions in contract: 1
2026-02-05 20:11:33 +08:00: 🦞 Active nodes: 20 | Shards per cycle: 4
2026-02-05 20:11:33 +08:00: 📋 Active sessions: 1
2026-02-05 20:11:33 +08:00: \n🚀 Processing 1 sessions in 1 batches
2026-02-05 20:11:44 +08:00: \n📊 Total sessions in contract: 1
2026-02-05 20:11:44 +08:00: 🦞 Active nodes: 20 | Shards per cycle: 4
2026-02-05 20:11:45 +08:00: 📋 Active sessions: 1
2026-02-05 20:11:45 +08:00: \n🚀 Processing 1 sessions in 1 batches
2026-02-05 20:11:55 +08:00: \n📊 Total sessions in contract: 1
2026-02-05 20:11:56 +08:00: 🦞 Active nodes: 20 | Shards per cycle: 4
2026-02-05 20:11:56 +08:00: 📋 Active sessions: 1
2026-02-05 20:11:56 +08:00: \n🚀 Processing 1 sessions in 1 batches
2026-02-05 20:12:06 +08:00: \n📊 Total sessions in contract: 1
2026-02-05 20:12:07 +08:00: 🦞 Active nodes: 20 | Shards per cycle: 4
2026-02-05 20:12:07 +08:00: 📋 Active sessions: 1
2026-02-05 20:12:07 +08:00: \n🚀 Processing 1 sessions in 1 batches
2026-02-05 20:12:18 +08:00: \n📊 Total sessions in contract: 1
2026-02-05 20:12:18 +08:00: 🦞 Active nodes: 20 | Shards per cycle: 4
2026-02-05 20:12:18 +08:00: 📋 Active sessions: 1
2026-02-05 20:12:18 +08:00: \n🚀 Processing 1 sessions in 1 batches
2026-02-05 20:12:29 +08:00: \n📊 Total sessions in contract: 1
2026-02-05 20:12:29 +08:00: 🦞 Active nodes: 20 | Shards per cycle: 4
2026-02-05 20:12:30 +08:00: 📋 Active sessions: 1
2026-02-05 20:12:30 +08:00: \n🚀 Processing 1 sessions in 1 batches
2026-02-05 20:12:40 +08:00: \n📊 Total sessions in contract: 1
2026-02-05 20:12:41 +08:00: 🦞 Active nodes: 20 | Shards per cycle: 4
2026-02-05 20:12:41 +08:00: 📋 Active sessions: 1
2026-02-05 20:12:41 +08:00: \n🚀 Processing 1 sessions in 1 batches
2026-02-05 20:12:51 +08:00: \n📊 Total sessions in contract: 1
2026-02-05 20:12:52 +08:00: 🦞 Active nodes: 20 | Shards per cycle: 4
2026-02-05 20:12:52 +08:00: 📋 Active sessions: 1
2026-02-05 20:12:52 +08:00: \n🚀 Processing 1 sessions in 1 batches
2026-02-05 20:13:03 +08:00: \n📊 Total sessions in contract: 1
2026-02-05 20:13:03 +08:00: 🦞 Active nodes: 20 | Shards per cycle: 4
2026-02-05 20:13:04 +08:00: 📋 Active sessions: 1
2026-02-05 20:13:04 +08:00: \n🚀 Processing 1 sessions in 1 batches
2026-02-05 20:13:14 +08:00: \n📊 Total sessions in contract: 1
2026-02-05 20:13:15 +08:00: 🦞 Active nodes: 20 | Shards per cycle: 4
2026-02-05 20:13:15 +08:00: 📋 Active sessions: 1
2026-02-05 20:13:15 +08:00: \n🚀 Processing 1 sessions in 1 batches
2026-02-05 20:13:25 +08:00: \n📊 Total sessions in contract: 1
2026-02-05 20:13:26 +08:00: 🦞 Active nodes: 20 | Shards per cycle: 4
2026-02-05 20:13:26 +08:00: 📋 Active sessions: 1
2026-02-05 20:13:26 +08:00: \n🚀 Processing 1 sessions in 1 batches
2026-02-05 20:13:37 +08:00: \n📊 Total sessions in contract: 1
2026-02-05 20:13:37 +08:00: 🦞 Active nodes: 20 | Shards per cycle: 4
2026-02-05 20:13:37 +08:00: 📋 Active sessions: 1
2026-02-05 20:13:37 +08:00: \n🚀 Processing 1 sessions in 1 batches
2026-02-05 20:13:48 +08:00: \n📊 Total sessions in contract: 1
2026-02-05 20:13:48 +08:00: 🦞 Active nodes: 20 | Shards per cycle: 4
2026-02-05 20:13:49 +08:00: 📋 Active sessions: 1
2026-02-05 20:13:49 +08:00: \n🚀 Processing 1 sessions in 1 batches
2026-02-05 20:13:59 +08:00: \n📊 Total sessions in contract: 1
2026-02-05 20:14:00 +08:00: 🦞 Active nodes: 20 | Shards per cycle: 4
2026-02-05 20:14:00 +08:00: 📋 Active sessions: 1
2026-02-05 20:14:00 +08:00: \n🚀 Processing 1 sessions in 1 batches
2026-02-05 20:14:10 +08:00: \n📊 Total sessions in contract: 1
2026-02-05 20:14:11 +08:00: 🦞 Active nodes: 20 | Shards per cycle: 4
2026-02-05 20:14:11 +08:00: 📋 Active sessions: 1
2026-02-05 20:14:11 +08:00: \n🚀 Processing 1 sessions in 1 batches
2026-02-05 20:14:22 +08:00: \n📊 Total sessions in contract: 1
2026-02-05 20:14:22 +08:00: 🦞 Active nodes: 20 | Shards per cycle: 4
2026-02-05 20:14:22 +08:00: 📋 Active sessions: 1
2026-02-05 20:14:22 +08:00: \n🚀 Processing 1 sessions in 1 batches
2026-02-05 20:14:33 +08:00: \n📊 Total sessions in contract: 1
2026-02-05 20:14:33 +08:00: 🦞 Active nodes: 20 | Shards per cycle: 4
2026-02-05 20:14:33 +08:00: 📋 Active sessions: 1
2026-02-05 20:14:33 +08:00: \n🚀 Processing 1 sessions in 1 batches
2026-02-05 20:14:44 +08:00: \n📊 Total sessions in contract: 1
2026-02-05 20:14:44 +08:00: 🦞 Active nodes: 20 | Shards per cycle: 4
2026-02-05 20:14:45 +08:00: 📋 Active sessions: 1
2026-02-05 20:14:45 +08:00: \n🚀 Processing 1 sessions in 1 batches
2026-02-05 20:14:55 +08:00: \n📊 Total sessions in contract: 1
2026-02-05 20:14:56 +08:00: 🦞 Active nodes: 20 | Shards per cycle: 4
2026-02-05 20:14:56 +08:00: 📋 Active sessions: 1
2026-02-05 20:14:56 +08:00: \n🚀 Processing 1 sessions in 1 batches
2026-02-05 20:15:06 +08:00: \n📊 Total sessions in contract: 1
2026-02-05 20:15:07 +08:00: 🦞 Active nodes: 20 | Shards per cycle: 4
2026-02-05 20:15:07 +08:00: 📋 Active sessions: 1
2026-02-05 20:15:07 +08:00: \n🚀 Processing 1 sessions in 1 batches
2026-02-05 20:15:18 +08:00: \n📊 Total sessions in contract: 1
2026-02-05 20:15:18 +08:00: 🦞 Active nodes: 20 | Shards per cycle: 4
2026-02-05 20:15:18 +08:00: 📋 Active sessions: 1
2026-02-05 20:15:18 +08:00: \n🚀 Processing 1 sessions in 1 batches
2026-02-05 20:15:29 +08:00: \n📊 Total sessions in contract: 1
2026-02-05 20:15:29 +08:00: 🦞 Active nodes: 20 | Shards per cycle: 4
2026-02-05 20:15:30 +08:00: 📋 Active sessions: 1
2026-02-05 20:15:30 +08:00: \n🚀 Processing 1 sessions in 1 batches
2026-02-05 20:15:40 +08:00: \n📊 Total sessions in contract: 1
2026-02-05 20:15:41 +08:00: 🦞 Active nodes: 20 | Shards per cycle: 4
2026-02-05 20:15:41 +08:00: 📋 Active sessions: 1
2026-02-05 20:15:41 +08:00: \n🚀 Processing 1 sessions in 1 batches
2026-02-05 20:15:51 +08:00: \n📊 Total sessions in contract: 1
2026-02-05 20:15:52 +08:00: 🦞 Active nodes: 20 | Shards per cycle: 4
2026-02-05 20:15:52 +08:00: 📋 Active sessions: 1
2026-02-05 20:15:52 +08:00: \n🚀 Processing 1 sessions in 1 batches
2026-02-05 20:16:03 +08:00: \n📊 Total sessions in contract: 1
2026-02-05 20:16:03 +08:00: 🦞 Active nodes: 20 | Shards per cycle: 4
2026-02-05 20:16:04 +08:00: 📋 Active sessions: 1
2026-02-05 20:16:04 +08:00: \n🚀 Processing 1 sessions in 1 batches
2026-02-05 20:16:14 +08:00: \n📊 Total sessions in contract: 1
2026-02-05 20:16:15 +08:00: 🦞 Active nodes: 20 | Shards per cycle: 4
2026-02-05 20:16:15 +08:00: 📋 Active sessions: 1
2026-02-05 20:16:15 +08:00: \n🚀 Processing 1 sessions in 1 batches
2026-02-05 20:16:25 +08:00: \n📊 Total sessions in contract: 1
2026-02-05 20:16:26 +08:00: 🦞 Active nodes: 20 | Shards per cycle: 4
2026-02-05 20:16:26 +08:00: 📋 Active sessions: 1
2026-02-05 20:16:26 +08:00: \n🚀 Processing 1 sessions in 1 batches
2026-02-05 20:16:37 +08:00: \n📊 Total sessions in contract: 1
2026-02-05 20:16:37 +08:00: 🦞 Active nodes: 20 | Shards per cycle: 4
2026-02-05 20:16:37 +08:00: 📋 Active sessions: 1
2026-02-05 20:16:37 +08:00: \n🚀 Processing 1 sessions in 1 batches
2026-02-05 20:16:48 +08:00: \n📊 Total sessions in contract: 1
2026-02-05 20:16:48 +08:00: 🦞 Active nodes: 20 | Shards per cycle: 4
2026-02-05 20:16:49 +08:00: 📋 Active sessions: 1
2026-02-05 20:16:49 +08:00: \n🚀 Processing 1 sessions in 1 batches
2026-02-05 20:16:59 +08:00: \n📊 Total sessions in contract: 1
2026-02-05 20:17:00 +08:00: 🦞 Active nodes: 20 | Shards per cycle: 4
2026-02-05 20:17:00 +08:00: 📋 Active sessions: 1
2026-02-05 20:17:00 +08:00: \n🚀 Processing 1 sessions in 1 batches
2026-02-05 20:17:11 +08:00: \n📊 Total sessions in contract: 1
2026-02-05 20:17:11 +08:00: 🦞 Active nodes: 20 | Shards per cycle: 4
2026-02-05 20:17:12 +08:00: 📋 Active sessions: 1
2026-02-05 20:17:12 +08:00: \n🚀 Processing 1 sessions in 1 batches
2026-02-05 20:17:22 +08:00: \n📊 Total sessions in contract: 1
2026-02-05 20:17:23 +08:00: 🦞 Active nodes: 20 | Shards per cycle: 4
2026-02-05 20:17:23 +08:00: 📋 Active sessions: 1
2026-02-05 20:17:23 +08:00: \n🚀 Processing 1 sessions in 1 batches
2026-02-05 20:17:33 +08:00: \n📊 Total sessions in contract: 1
2026-02-05 20:17:34 +08:00: 🦞 Active nodes: 20 | Shards per cycle: 4
2026-02-05 20:17:34 +08:00: 📋 Active sessions: 1
2026-02-05 20:17:34 +08:00: \n🚀 Processing 1 sessions in 1 batches
2026-02-05 20:26:47 +08:00: \n🚀 Processing 1 sessions in 1 batches
2026-02-05 20:26:57 +08:00: \n📊 Total sessions in contract: 1
2026-02-05 20:26:58 +08:00: 🦞 Active nodes: 20 | Shards per cycle: 4
2026-02-05 20:26:58 +08:00: 📋 Active sessions: 1
2026-02-05 20:26:58 +08:00: \n🚀 Processing 1 sessions in 1 batches
2026-02-05 20:27:08 +08:00: \n📊 Total sessions in contract: 1
2026-02-05 20:27:09 +08:00: 🦞 Active nodes: 20 | Shards per cycle: 4
2026-02-05 20:27:09 +08:00: 📋 Active sessions: 1
2026-02-05 20:27:09 +08:00: \n🚀 Processing 1 sessions in 1 batches
2026-02-05 20:27:20 +08:00: \n📊 Total sessions in contract: 1
2026-02-05 20:27:20 +08:00: 🦞 Active nodes: 20 | Shards per cycle: 4
2026-02-05 20:27:20 +08:00: 📋 Active sessions: 1
2026-02-05 20:27:20 +08:00: \n🚀 Processing 1 sessions in 1 batches
2026-02-05 20:27:31 +08:00: \n📊 Total sessions in contract: 1
2026-02-05 20:27:31 +08:00: 🦞 Active nodes: 20 | Shards per cycle: 4
2026-02-05 20:27:32 +08:00: 📋 Active sessions: 1
2026-02-05 20:27:32 +08:00: \n🚀 Processing 1 sessions in 1 batches
2026-02-05 20:27:42 +08:00: \n📊 Total sessions in contract: 1
2026-02-05 20:27:43 +08:00: 🦞 Active nodes: 20 | Shards per cycle: 4
2026-02-05 20:27:43 +08:00: 📋 Active sessions: 1
2026-02-05 20:27:43 +08:00: \n🚀 Processing 1 sessions in 1 batches
2026-02-05 20:27:53 +08:00: \n📊 Total sessions in contract: 1
2026-02-05 20:27:54 +08:00: 🦞 Active nodes: 20 | Shards per cycle: 4
2026-02-05 20:27:54 +08:00: 📋 Active sessions: 1
2026-02-05 20:27:54 +08:00: \n🚀 Processing 1 sessions in 1 batches
2026-02-05 20:28:05 +08:00: \n📊 Total sessions in contract: 1
2026-02-05 20:28:05 +08:00: 🦞 Active nodes: 20 | Shards per cycle: 4
2026-02-05 20:28:05 +08:00: 📋 Active sessions: 1
2026-02-05 20:28:05 +08:00: \n🚀 Processing 1 sessions in 1 batches
2026-02-05 20:28:16 +08:00: \n📊 Total sessions in contract: 1
2026-02-05 20:28:16 +08:00: 🦞 Active nodes: 20 | Shards per cycle: 4
2026-02-05 20:28:17 +08:00: 📋 Active sessions: 1
2026-02-05 20:28:17 +08:00: \n🚀 Processing 1 sessions in 1 batches
2026-02-05 20:28:27 +08:00: \n📊 Total sessions in contract: 1
2026-02-05 20:28:28 +08:00: 🦞 Active nodes: 20 | Shards per cycle: 4
2026-02-05 20:28:28 +08:00: 📋 Active sessions: 1
2026-02-05 20:28:28 +08:00: \n🚀 Processing 1 sessions in 1 batches
2026-02-05 20:28:38 +08:00: \n📊 Total sessions in contract: 1
2026-02-05 20:28:39 +08:00: 🦞 Active nodes: 20 | Shards per cycle: 4
2026-02-05 20:28:39 +08:00: 📋 Active sessions: 1
2026-02-05 20:28:39 +08:00: \n🚀 Processing 1 sessions in 1 batches
2026-02-05 20:28:50 +08:00: \n📊 Total sessions in contract: 1
2026-02-05 20:28:50 +08:00: 🦞 Active nodes: 20 | Shards per cycle: 4
2026-02-05 20:28:51 +08:00: 📋 Active sessions: 1
2026-02-05 20:28:51 +08:00: \n🚀 Processing 1 sessions in 1 batches
2026-02-05 20:29:01 +08:00: \n📊 Total sessions in contract: 1
2026-02-05 20:29:02 +08:00: 🦞 Active nodes: 20 | Shards per cycle: 4
2026-02-05 20:29:02 +08:00: 📋 Active sessions: 1
2026-02-05 20:29:02 +08:00: \n🚀 Processing 1 sessions in 1 batches
2026-02-05 20:29:12 +08:00: \n📊 Total sessions in contract: 1
2026-02-05 20:29:13 +08:00: 🦞 Active nodes: 20 | Shards per cycle: 4
2026-02-05 20:29:13 +08:00: 📋 Active sessions: 1
2026-02-05 20:29:13 +08:00: \n🚀 Processing 1 sessions in 1 batches
2026-02-05 20:29:24 +08:00: \n📊 Total sessions in contract: 1
2026-02-05 20:29:24 +08:00: 🦞 Active nodes: 20 | Shards per cycle: 4
2026-02-05 20:29:24 +08:00: 📋 Active sessions: 1
2026-02-05 20:29:24 +08:00: \n🚀 Processing 1 sessions in 1 batches
2026-02-05 20:29:35 +08:00: \n📊 Total sessions in contract: 1
2026-02-05 20:29:35 +08:00: 🦞 Active nodes: 20 | Shards per cycle: 4
2026-02-05 20:29:36 +08:00: 📋 Active sessions: 1
2026-02-05 20:29:36 +08:00: \n🚀 Processing 1 sessions in 1 batches
2026-02-05 20:29:46 +08:00: \n📊 Total sessions in contract: 1
2026-02-05 20:29:47 +08:00: 🦞 Active nodes: 20 | Shards per cycle: 4
2026-02-05 20:29:47 +08:00: 📋 Active sessions: 1
2026-02-05 20:29:47 +08:00: \n🚀 Processing 1 sessions in 1 batches
2026-02-05 20:29:57 +08:00: \n📊 Total sessions in contract: 1
2026-02-05 20:29:58 +08:00: 🦞 Active nodes: 20 | Shards per cycle: 4
2026-02-05 20:29:58 +08:00: 📋 Active sessions: 1
2026-02-05 20:29:58 +08:00: \n🚀 Processing 1 sessions in 1 batches
2026-02-05 20:30:09 +08:00: \n📊 Total sessions in contract: 1
2026-02-05 20:30:09 +08:00: 🦞 Active nodes: 20 | Shards per cycle: 4
2026-02-05 20:30:09 +08:00: 📋 Active sessions: 1
2026-02-05 20:30:09 +08:00: \n🚀 Processing 1 sessions in 1 batches
2026-02-05 20:30:20 +08:00: \n📊 Total sessions in contract: 1
2026-02-05 20:30:20 +08:00: 🦞 Active nodes: 20 | Shards per cycle: 4
2026-02-05 20:30:20 +08:00: 📋 Active sessions: 1
2026-02-05 20:30:20 +08:00: \n🚀 Processing 1 sessions in 1 batches
2026-02-05 20:30:31 +08:00: \n📊 Total sessions in contract: 1
2026-02-05 20:30:31 +08:00: 🦞 Active nodes: 20 | Shards per cycle: 4
2026-02-05 20:30:32 +08:00: 📋 Active sessions: 1
2026-02-05 20:30:32 +08:00: \n🚀 Processing 1 sessions in 1 batches
2026-02-05 20:30:42 +08:00: \n📊 Total sessions in contract: 1
2026-02-05 20:30:43 +08:00: 🦞 Active nodes: 20 | Shards per cycle: 4
2026-02-05 20:30:43 +08:00: 📋 Active sessions: 1
2026-02-05 20:30:43 +08:00: \n🚀 Processing 1 sessions in 1 batches
2026-02-05 20:30:53 +08:00: \n📊 Total sessions in contract: 1
2026-02-05 20:30:54 +08:00: 🦞 Active nodes: 20 | Shards per cycle: 4
2026-02-05 20:30:54 +08:00: 📋 Active sessions: 1
2026-02-05 20:30:54 +08:00: \n🚀 Processing 1 sessions in 1 batches
2026-02-05 20:31:05 +08:00: \n📊 Total sessions in contract: 1
2026-02-05 20:31:05 +08:00: 🦞 Active nodes: 20 | Shards per cycle: 4
2026-02-05 20:31:05 +08:00: 📋 Active sessions: 1
2026-02-05 20:31:05 +08:00: \n🚀 Processing 1 sessions in 1 batches
2026-02-05 20:31:16 +08:00: \n📊 Total sessions in contract: 1
2026-02-05 20:31:16 +08:00: 🦞 Active nodes: 20 | Shards per cycle: 4
2026-02-05 20:31:17 +08:00: 📋 Active sessions: 1
2026-02-05 20:31:17 +08:00: \n🚀 Processing 1 sessions in 1 batches
2026-02-05 20:31:27 +08:00: \n📊 Total sessions in contract: 1
2026-02-05 20:31:28 +08:00: 🦞 Active nodes: 20 | Shards per cycle: 4
2026-02-05 20:31:28 +08:00: 📋 Active sessions: 1
2026-02-05 20:31:28 +08:00: \n🚀 Processing 1 sessions in 1 batches
2026-02-05 20:31:39 +08:00: \n📊 Total sessions in contract: 1
2026-02-05 20:31:39 +08:00: 🦞 Active nodes: 20 | Shards per cycle: 4
2026-02-05 20:31:39 +08:00: 📋 Active sessions: 1
2026-02-05 20:31:39 +08:00: \n🚀 Processing 1 sessions in 1 batches
2026-02-05 20:31:50 +08:00: \n📊 Total sessions in contract: 1
2026-02-05 20:31:50 +08:00: 🦞 Active nodes: 20 | Shards per cycle: 4
2026-02-05 20:31:50 +08:00: 📋 Active sessions: 1
2026-02-05 20:31:50 +08:00: \n🚀 Processing 1 sessions in 1 batches
2026-02-05 20:32:01 +08:00: \n📊 Total sessions in contract: 1
2026-02-05 20:32:01 +08:00: 🦞 Active nodes: 20 | Shards per cycle: 4
2026-02-05 20:32:02 +08:00: 📋 Active sessions: 1
2026-02-05 20:32:02 +08:00: \n🚀 Processing 1 sessions in 1 batches
2026-02-05 20:32:12 +08:00: \n📊 Total sessions in contract: 1
2026-02-05 20:32:13 +08:00: 🦞 Active nodes: 20 | Shards per cycle: 4
2026-02-05 20:32:13 +08:00: 📋 Active sessions: 1
2026-02-05 20:32:13 +08:00: \n🚀 Processing 1 sessions in 1 batches
2026-02-05 20:32:23 +08:00: \n📊 Total sessions in contract: 1
2026-02-05 20:32:24 +08:00: 🦞 Active nodes: 20 | Shards per cycle: 4
2026-02-05 20:32:24 +08:00: 📋 Active sessions: 1
2026-02-05 20:32:24 +08:00: \n🚀 Processing 1 sessions in 1 batches
2026-02-05 20:32:35 +08:00: \n📊 Total sessions in contract: 1
2026-02-05 20:32:35 +08:00: 🦞 Active nodes: 20 | Shards per cycle: 4
2026-02-05 20:32:35 +08:00: 📋 Active sessions: 1
2026-02-05 20:32:35 +08:00: \n🚀 Processing 1 sessions in 1 batches
2026-02-05 20:32:46 +08:00: \n📊 Total sessions in contract: 1
2026-02-05 20:32:46 +08:00: 🦞 Active nodes: 20 | Shards per cycle: 4
2026-02-05 20:32:47 +08:00: 📋 Active sessions: 1
2026-02-05 20:32:47 +08:00: \n🚀 Processing 1 sessions in 1 batches
2026-02-05 20:32:57 +08:00: \n📊 Total sessions in contract: 1
2026-02-05 20:32:58 +08:00: 🦞 Active nodes: 20 | Shards per cycle: 4
2026-02-05 20:32:58 +08:00: 📋 Active sessions: 1
2026-02-05 20:32:58 +08:00: \n🚀 Processing 1 sessions in 1 batches
2026-02-05 20:33:08 +08:00: \n📊 Total sessions in contract: 1
2026-02-05 20:33:09 +08:00: 🦞 Active nodes: 20 | Shards per cycle: 4
2026-02-05 20:33:09 +08:00: 📋 Active sessions: 1
2026-02-05 20:33:09 +08:00: \n🚀 Processing 1 sessions in 1 batches
2026-02-05 20:33:20 +08:00: \n📊 Total sessions in contract: 1
2026-02-05 20:33:20 +08:00: 🦞 Active nodes: 20 | Shards per cycle: 4
2026-02-05 20:33:20 +08:00: 📋 Active sessions: 1
2026-02-05 20:33:20 +08:00: \n🚀 Processing 1 sessions in 1 batches
2026-02-05 20:33:31 +08:00: \n📊 Total sessions in contract: 1
2026-02-05 20:33:31 +08:00: 🦞 Active nodes: 20 | Shards per cycle: 4
2026-02-05 20:33:31 +08:00: 📋 Active sessions: 1
2026-02-05 20:33:31 +08:00: \n🚀 Processing 1 sessions in 1 batches
2026-02-05 20:33:42 +08:00: \n📊 Total sessions in contract: 1
2026-02-05 20:33:42 +08:00: 🦞 Active nodes: 20 | Shards per cycle: 4
2026-02-05 20:33:43 +08:00: 📋 Active sessions: 1
2026-02-05 20:33:43 +08:00: \n🚀 Processing 1 sessions in 1 batches
2026-02-05 20:33:53 +08:00: \n📊 Total sessions in contract: 1
2026-02-05 20:33:54 +08:00: 🦞 Active nodes: 20 | Shards per cycle: 4
2026-02-05 20:33:54 +08:00: 📋 Active sessions: 1
2026-02-05 20:33:54 +08:00: \n🚀 Processing 1 sessions in 1 batches
2026-02-05 20:34:04 +08:00: \n📊 Total sessions in contract: 1
2026-02-05 20:34:05 +08:00: 🦞 Active nodes: 20 | Shards per cycle: 4
2026-02-05 20:34:05 +08:00: 📋 Active sessions: 1
2026-02-05 20:34:05 +08:00: \n🚀 Processing 1 sessions in 1 batches
2026-02-05 20:34:16 +08:00: \n📊 Total sessions in contract: 1
2026-02-05 20:34:16 +08:00: 🦞 Active nodes: 20 | Shards per cycle: 4
2026-02-05 20:34:16 +08:00: 📋 Active sessions: 1
2026-02-05 20:34:16 +08:00: \n🚀 Processing 1 sessions in 1 batches
2026-02-05 20:34:27 +08:00: \n📊 Total sessions in contract: 1
2026-02-05 20:34:27 +08:00: 🦞 Active nodes: 20 | Shards per cycle: 4
2026-02-05 20:34:28 +08:00: 📋 Active sessions: 1
2026-02-05 20:34:28 +08:00: \n🚀 Processing 1 sessions in 1 batches
2026-02-05 20:34:38 +08:00: \n📊 Total sessions in contract: 1
2026-02-05 20:34:39 +08:00: 🦞 Active nodes: 20 | Shards per cycle: 4
2026-02-05 20:34:39 +08:00: 📋 Active sessions: 1
2026-02-05 20:34:39 +08:00: \n🚀 Processing 1 sessions in 1 batches
2026-02-05 20:34:49 +08:00: \n📊 Total sessions in contract: 1
2026-02-05 20:34:50 +08:00: 🦞 Active nodes: 20 | Shards per cycle: 4
2026-02-05 20:34:50 +08:00: 📋 Active sessions: 1
2026-02-05 20:34:50 +08:00: \n🚀 Processing 1 sessions in 1 batches
2026-02-05 20:35:01 +08:00: \n📊 Total sessions in contract: 1
2026-02-05 20:35:01 +08:00: 🦞 Active nodes: 20 | Shards per cycle: 4
2026-02-05 20:35:01 +08:00: 📋 Active sessions: 1
2026-02-05 20:35:01 +08:00: \n🚀 Processing 1 sessions in 1 batches
2026-02-05 20:35:12 +08:00: \n📊 Total sessions in contract: 1
2026-02-05 20:35:12 +08:00: 🦞 Active nodes: 20 | Shards per cycle: 4
2026-02-05 20:35:13 +08:00: 📋 Active sessions: 1
2026-02-05 20:35:13 +08:00: \n🚀 Processing 1 sessions in 1 batches
2026-02-05 20:35:23 +08:00: \n📊 Total sessions in contract: 1
2026-02-05 20:35:24 +08:00: 🦞 Active nodes: 20 | Shards per cycle: 4
2026-02-05 20:35:24 +08:00: 📋 Active sessions: 1
2026-02-05 20:35:24 +08:00: \n🚀 Processing 1 sessions in 1 batches
2026-02-05 20:35:34 +08:00: \n📊 Total sessions in contract: 1
2026-02-05 20:35:35 +08:00: 🦞 Active nodes: 20 | Shards per cycle: 4
2026-02-05 20:35:35 +08:00: 📋 Active sessions: 1
2026-02-05 20:35:35 +08:00: \n🚀 Processing 1 sessions in 1 batches
2026-02-05 20:35:46 +08:00: \n📊 Total sessions in contract: 1
2026-02-05 20:35:46 +08:00: 🦞 Active nodes: 20 | Shards per cycle: 4
2026-02-05 20:35:46 +08:00: 📋 Active sessions: 1
2026-02-05 20:35:46 +08:00: \n🚀 Processing 1 sessions in 1 batches
2026-02-05 20:35:57 +08:00: \n📊 Total sessions in contract: 1
2026-02-05 20:35:57 +08:00: 🦞 Active nodes: 20 | Shards per cycle: 4
2026-02-05 20:35:58 +08:00: 📋 Active sessions: 1
2026-02-05 20:35:58 +08:00: \n🚀 Processing 1 sessions in 1 batches
2026-02-05 20:36:08 +08:00: \n📊 Total sessions in contract: 1
2026-02-05 20:36:09 +08:00: 🦞 Active nodes: 20 | Shards per cycle: 4
2026-02-05 20:36:09 +08:00: 📋 Active sessions: 1
2026-02-05 20:36:09 +08:00: \n🚀 Processing 1 sessions in 1 batches
2026-02-05 20:36:19 +08:00: \n📊 Total sessions in contract: 1
2026-02-05 20:36:20 +08:00: 🦞 Active nodes: 20 | Shards per cycle: 4
2026-02-05 20:36:20 +08:00: 📋 Active sessions: 1
2026-02-05 20:36:20 +08:00: \n🚀 Processing 1 sessions in 1 batches
2026-02-05 20:36:31 +08:00: \n📊 Total sessions in contract: 1
2026-02-05 20:36:31 +08:00: 🦞 Active nodes: 20 | Shards per cycle: 4
2026-02-05 20:36:31 +08:00: 📋 Active sessions: 1
2026-02-05 20:36:31 +08:00: \n🚀 Processing 1 sessions in 1 batches
2026-02-05 20:36:42 +08:00: \n📊 Total sessions in contract: 1
2026-02-05 20:36:42 +08:00: 🦞 Active nodes: 20 | Shards per cycle: 4
2026-02-05 20:36:42 +08:00: 📋 Active sessions: 1
2026-02-05 20:36:42 +08:00: \n🚀 Processing 1 sessions in 1 batches
2026-02-05 20:36:53 +08:00: \n📊 Total sessions in contract: 1
2026-02-05 20:36:53 +08:00: 🦞 Active nodes: 20 | Shards per cycle: 4
2026-02-05 20:36:54 +08:00: 📋 Active sessions: 1
2026-02-05 20:36:54 +08:00: \n🚀 Processing 1 sessions in 1 batches
2026-02-05 20:37:04 +08:00: \n📊 Total sessions in contract: 1
2026-02-05 20:37:05 +08:00: 🦞 Active nodes: 20 | Shards per cycle: 4
2026-02-05 20:37:05 +08:00: 📋 Active sessions: 1
2026-02-05 20:37:05 +08:00: \n🚀 Processing 1 sessions in 1 batches
2026-02-05 20:37:15 +08:00: \n📊 Total sessions in contract: 1
2026-02-05 20:37:16 +08:00: 🦞 Active nodes: 20 | Shards per cycle: 4
2026-02-05 20:37:16 +08:00: 📋 Active sessions: 1
2026-02-05 20:37:16 +08:00: \n🚀 Processing 1 sessions in 1 batches
2026-02-05 20:37:27 +08:00: \n📊 Total sessions in contract: 1
2026-02-05 20:37:27 +08:00: 🦞 Active nodes: 20 | Shards per cycle: 4
2026-02-05 20:37:27 +08:00: 📋 Active sessions: 1
2026-02-05 20:37:27 +08:00: \n🚀 Processing 1 sessions in 1 batches
2026-02-05 20:37:38 +08:00: \n📊 Total sessions in contract: 1
2026-02-05 20:37:38 +08:00: 🦞 Active nodes: 20 | Shards per cycle: 4
2026-02-05 20:37:39 +08:00: 📋 Active sessions: 1
2026-02-05 20:37:39 +08:00: \n🚀 Processing 1 sessions in 1 batches
2026-02-05 20:37:49 +08:00: \n📊 Total sessions in contract: 1
2026-02-05 20:37:50 +08:00: 🦞 Active nodes: 20 | Shards per cycle: 4
2026-02-05 20:37:50 +08:00: 📋 Active sessions: 1
2026-02-05 20:37:50 +08:00: \n🚀 Processing 1 sessions in 1 batches
2026-02-05 20:38:00 +08:00: \n📊 Total sessions in contract: 1
2026-02-05 20:38:01 +08:00: 🦞 Active nodes: 20 | Shards per cycle: 4
2026-02-05 20:38:01 +08:00: 📋 Active sessions: 1
2026-02-05 20:38:01 +08:00: \n🚀 Processing 1 sessions in 1 batches
2026-02-05 20:38:12 +08:00: \n📊 Total sessions in contract: 1
2026-02-05 20:38:12 +08:00: 🦞 Active nodes: 20 | Shards per cycle: 4
2026-02-05 20:38:12 +08:00: 📋 Active sessions: 1
2026-02-05 20:38:12 +08:00: \n🚀 Processing 1 sessions in 1 batches
2026-02-05 20:38:23 +08:00: \n📊 Total sessions in contract: 1
2026-02-05 20:38:23 +08:00: 🦞 Active nodes: 20 | Shards per cycle: 4
2026-02-05 20:38:23 +08:00: 📋 Active sessions: 1
2026-02-05 20:38:23 +08:00: \n🚀 Processing 1 sessions in 1 batches
2026-02-05 20:38:34 +08:00: \n📊 Total sessions in contract: 1
2026-02-05 20:38:34 +08:00: 🦞 Active nodes: 20 | Shards per cycle: 4
2026-02-05 20:38:35 +08:00: 📋 Active sessions: 1
2026-02-05 20:38:35 +08:00: \n🚀 Processing 1 sessions in 1 batches
2026-02-05 20:38:45 +08:00: \n📊 Total sessions in contract: 1
2026-02-05 20:38:46 +08:00: 🦞 Active nodes: 20 | Shards per cycle: 4
2026-02-05 20:38:46 +08:00: 📋 Active sessions: 1
2026-02-05 20:38:46 +08:00: \n🚀 Processing 1 sessions in 1 batches
2026-02-05 20:38:56 +08:00: \n📊 Total sessions in contract: 1
2026-02-05 20:38:57 +08:00: 🦞 Active nodes: 20 | Shards per cycle: 4
2026-02-05 20:38:57 +08:00: 📋 Active sessions: 1
2026-02-05 20:38:57 +08:00: \n🚀 Processing 1 sessions in 1 batches
2026-02-05 20:39:08 +08:00: \n📊 Total sessions in contract: 1
2026-02-05 20:39:08 +08:00: 🦞 Active nodes: 20 | Shards per cycle: 4
2026-02-05 20:39:08 +08:00: 📋 Active sessions: 1
2026-02-05 20:39:08 +08:00: \n🚀 Processing 1 sessions in 1 batches
2026-02-05 20:39:19 +08:00: \n📊 Total sessions in contract: 1
2026-02-05 20:39:19 +08:00: 🦞 Active nodes: 20 | Shards per cycle: 4
2026-02-05 20:39:20 +08:00: 📋 Active sessions: 1
2026-02-05 20:39:20 +08:00: \n🚀 Processing 1 sessions in 1 batches
2026-02-05 20:39:30 +08:00: \n📊 Total sessions in contract: 1
2026-02-05 20:39:31 +08:00: 🦞 Active nodes: 20 | Shards per cycle: 4
2026-02-05 20:39:31 +08:00: 📋 Active sessions: 1
2026-02-05 20:39:31 +08:00: \n🚀 Processing 1 sessions in 1 batches
2026-02-05 20:39:41 +08:00: \n📊 Total sessions in contract: 1
2026-02-05 20:39:42 +08:00: 🦞 Active nodes: 20 | Shards per cycle: 4
2026-02-05 20:39:42 +08:00: 📋 Active sessions: 1
2026-02-05 20:39:42 +08:00: \n🚀 Processing 1 sessions in 1 batches
2026-02-05 20:39:53 +08:00: \n📊 Total sessions in contract: 1
2026-02-05 20:39:53 +08:00: 🦞 Active nodes: 20 | Shards per cycle: 4
2026-02-05 20:39:54 +08:00: 📋 Active sessions: 1
2026-02-05 20:39:54 +08:00: \n🚀 Processing 1 sessions in 1 batches
2026-02-05 20:40:04 +08:00: \n📊 Total sessions in contract: 1
2026-02-05 20:40:05 +08:00: 🦞 Active nodes: 20 | Shards per cycle: 4
2026-02-05 20:40:05 +08:00: 📋 Active sessions: 1
2026-02-05 20:40:05 +08:00: \n🚀 Processing 1 sessions in 1 batches
2026-02-05 20:40:15 +08:00: \n📊 Total sessions in contract: 1
2026-02-05 20:40:16 +08:00: 🦞 Active nodes: 20 | Shards per cycle: 4
2026-02-05 20:40:16 +08:00: 📋 Active sessions: 1
2026-02-05 20:40:16 +08:00: \n🚀 Processing 1 sessions in 1 batches
2026-02-05 20:40:27 +08:00: \n📊 Total sessions in contract: 1
2026-02-05 20:40:27 +08:00: 🦞 Active nodes: 20 | Shards per cycle: 4
2026-02-05 20:40:27 +08:00: 📋 Active sessions: 1
2026-02-05 20:40:27 +08:00: \n🚀 Processing 1 sessions in 1 batches
2026-02-05 20:40:38 +08:00: \n📊 Total sessions in contract: 1
2026-02-05 20:40:38 +08:00: 🦞 Active nodes: 20 | Shards per cycle: 4
2026-02-05 20:40:39 +08:00: 📋 Active sessions: 1
2026-02-05 20:40:39 +08:00: \n🚀 Processing 1 sessions in 1 batches
2026-02-05 20:40:49 +08:00: \n📊 Total sessions in contract: 1
2026-02-05 20:40:50 +08:00: 🦞 Active nodes: 20 | Shards per cycle: 4
2026-02-05 20:40:50 +08:00: 📋 Active sessions: 1
2026-02-05 20:40:50 +08:00: \n🚀 Processing 1 sessions in 1 batches
2026-02-05 20:41:01 +08:00: \n📊 Total sessions in contract: 1
2026-02-05 20:41:01 +08:00: 🦞 Active nodes: 20 | Shards per cycle: 4
2026-02-05 20:41:01 +08:00: 📋 Active sessions: 1
2026-02-05 20:41:01 +08:00: \n🚀 Processing 1 sessions in 1 batches
2026-02-05 20:41:12 +08:00: \n📊 Total sessions in contract: 1
2026-02-05 20:41:12 +08:00: 🦞 Active nodes: 20 | Shards per cycle: 4
2026-02-05 20:41:13 +08:00: 📋 Active sessions: 1
2026-02-05 20:41:13 +08:00: \n🚀 Processing 1 sessions in 1 batches
2026-02-05 20:41:23 +08:00: \n📊 Total sessions in contract: 1
2026-02-05 20:41:24 +08:00: 🦞 Active nodes: 20 | Shards per cycle: 4
2026-02-05 20:41:24 +08:00: 📋 Active sessions: 1
2026-02-05 20:41:24 +08:00: \n🚀 Processing 1 sessions in 1 batches
2026-02-05 20:41:34 +08:00: \n📊 Total sessions in contract: 1
2026-02-05 20:41:35 +08:00: 🦞 Active nodes: 20 | Shards per cycle: 4
2026-02-05 20:41:35 +08:00: 📋 Active sessions: 1
2026-02-05 20:41:35 +08:00: \n🚀 Processing 1 sessions in 1 batches
2026-02-05 20:41:46 +08:00: \n📊 Total sessions in contract: 1
2026-02-05 20:41:46 +08:00: 🦞 Active nodes: 20 | Shards per cycle: 4
2026-02-05 20:41:46 +08:00: 📋 Active sessions: 1
2026-02-05 20:41:46 +08:00: \n🚀 Processing 1 sessions in 1 batches
2026-02-05 20:41:57 +08:00: \n📊 Total sessions in contract: 1
2026-02-05 20:41:57 +08:00: 🦞 Active nodes: 20 | Shards per cycle: 4
2026-02-05 20:41:57 +08:00: 📋 Active sessions: 1
2026-02-05 20:41:57 +08:00: \n🚀 Processing 1 sessions in 1 batches
2026-02-05 20:42:08 +08:00: \n📊 Total sessions in contract: 1
2026-02-05 20:42:08 +08:00: 🦞 Active nodes: 20 | Shards per cycle: 4
2026-02-05 20:42:09 +08:00: 📋 Active sessions: 1
2026-02-05 20:42:09 +08:00: \n🚀 Processing 1 sessions in 1 batches
2026-02-05 20:42:19 +08:00: \n📊 Total sessions in contract: 1
2026-02-05 20:42:20 +08:00: 🦞 Active nodes: 20 | Shards per cycle: 4
2026-02-05 20:42:20 +08:00: 📋 Active sessions: 1
2026-02-05 20:42:20 +08:00: \n🚀 Processing 1 sessions in 1 batches
2026-02-05 20:42:31 +08:00: \n📊 Total sessions in contract: 1
2026-02-05 20:42:31 +08:00: 🦞 Active nodes: 20 | Shards per cycle: 4
2026-02-05 20:42:31 +08:00: 📋 Active sessions: 1
2026-02-05 20:42:31 +08:00: \n🚀 Processing 1 sessions in 1 batches
2026-02-05 20:42:42 +08:00: \n📊 Total sessions in contract: 1
2026-02-05 20:42:42 +08:00: 🦞 Active nodes: 20 | Shards per cycle: 4
2026-02-05 20:42:42 +08:00: 📋 Active sessions: 1
2026-02-05 20:42:42 +08:00: \n🚀 Processing 1 sessions in 1 batches
2026-02-05 20:42:53 +08:00: \n📊 Total sessions in contract: 1
2026-02-05 20:42:53 +08:00: 🦞 Active nodes: 20 | Shards per cycle: 4
2026-02-05 20:42:54 +08:00: 📋 Active sessions: 1
2026-02-05 20:42:54 +08:00: \n🚀 Processing 1 sessions in 1 batches
2026-02-05 20:43:04 +08:00: \n📊 Total sessions in contract: 1
2026-02-05 20:43:05 +08:00: 🦞 Active nodes: 20 | Shards per cycle: 4
2026-02-05 20:43:05 +08:00: 📋 Active sessions: 1
2026-02-05 20:43:05 +08:00: \n🚀 Processing 1 sessions in 1 batches
2026-02-05 20:43:15 +08:00: \n📊 Total sessions in contract: 1
2026-02-05 20:43:16 +08:00: 🦞 Active nodes: 20 | Shards per cycle: 4
2026-02-05 20:43:16 +08:00: 📋 Active sessions: 1
2026-02-05 20:43:16 +08:00: \n🚀 Processing 1 sessions in 1 batches
2026-02-05 20:43:27 +08:00: \n📊 Total sessions in contract: 1
2026-02-05 20:43:27 +08:00: 🦞 Active nodes: 20 | Shards per cycle: 4
2026-02-05 20:43:27 +08:00: 📋 Active sessions: 1
2026-02-05 20:43:27 +08:00: \n🚀 Processing 1 sessions in 1 batches
2026-02-05 20:43:38 +08:00: \n📊 Total sessions in contract: 1
2026-02-05 20:43:38 +08:00: 🦞 Active nodes: 20 | Shards per cycle: 4
2026-02-05 20:43:39 +08:00: 📋 Active sessions: 1
2026-02-05 20:43:39 +08:00: \n🚀 Processing 1 sessions in 1 batches
2026-02-05 20:43:49 +08:00: \n📊 Total sessions in contract: 1
2026-02-05 20:43:50 +08:00: 🦞 Active nodes: 20 | Shards per cycle: 4
2026-02-05 20:43:50 +08:00: 📋 Active sessions: 1
2026-02-05 20:43:50 +08:00: \n🚀 Processing 1 sessions in 1 batches
2026-02-05 20:44:00 +08:00: \n📊 Total sessions in contract: 1
2026-02-05 20:44:01 +08:00: 🦞 Active nodes: 20 | Shards per cycle: 4
2026-02-05 20:44:01 +08:00: 📋 Active sessions: 1
2026-02-05 20:44:01 +08:00: \n🚀 Processing 1 sessions in 1 batches
2026-02-05 20:44:12 +08:00: \n📊 Total sessions in contract: 1
2026-02-05 20:44:12 +08:00: 🦞 Active nodes: 20 | Shards per cycle: 4
2026-02-05 20:44:12 +08:00: 📋 Active sessions: 1
2026-02-05 20:44:12 +08:00: \n🚀 Processing 1 sessions in 1 batches
2026-02-05 20:44:23 +08:00: \n📊 Total sessions in contract: 1
2026-02-05 20:44:23 +08:00: 🦞 Active nodes: 20 | Shards per cycle: 4
2026-02-05 20:44:24 +08:00: 📋 Active sessions: 1
2026-02-05 20:44:24 +08:00: \n🚀 Processing 1 sessions in 1 batches
2026-02-05 20:44:34 +08:00: \n📊 Total sessions in contract: 1
2026-02-05 20:44:35 +08:00: 🦞 Active nodes: 20 | Shards per cycle: 4
2026-02-05 20:44:35 +08:00: 📋 Active sessions: 1
2026-02-05 20:44:35 +08:00: \n🚀 Processing 1 sessions in 1 batches
2026-02-05 20:44:45 +08:00: \n📊 Total sessions in contract: 1
2026-02-05 20:44:46 +08:00: 🦞 Active nodes: 20 | Shards per cycle: 4
2026-02-05 20:44:46 +08:00: 📋 Active sessions: 1
2026-02-05 20:44:46 +08:00: \n🚀 Processing 1 sessions in 1 batches
2026-02-05 20:44:57 +08:00: \n📊 Total sessions in contract: 1
2026-02-05 20:44:57 +08:00: 🦞 Active nodes: 20 | Shards per cycle: 4
2026-02-05 20:44:57 +08:00: 📋 Active sessions: 1
2026-02-05 20:44:57 +08:00: \n🚀 Processing 1 sessions in 1 batches
2026-02-05 20:45:08 +08:00: \n📊 Total sessions in contract: 1
2026-02-05 20:45:08 +08:00: 🦞 Active nodes: 20 | Shards per cycle: 4
2026-02-05 20:45:09 +08:00: 📋 Active sessions: 1
2026-02-05 20:45:09 +08:00: \n🚀 Processing 1 sessions in 1 batches
2026-02-05 20:45:19 +08:00: \n📊 Total sessions in contract: 1
2026-02-05 20:45:20 +08:00: 🦞 Active nodes: 20 | Shards per cycle: 4
2026-02-05 20:45:20 +08:00: 📋 Active sessions: 1
2026-02-05 20:45:20 +08:00: \n🚀 Processing 1 sessions in 1 batches
2026-02-05 20:45:30 +08:00: \n📊 Total sessions in contract: 1
2026-02-05 20:45:31 +08:00: 🦞 Active nodes: 20 | Shards per cycle: 4
2026-02-05 20:45:31 +08:00: 📋 Active sessions: 1
2026-02-05 20:45:31 +08:00: \n🚀 Processing 1 sessions in 1 batches
2026-02-05 20:45:42 +08:00: \n📊 Total sessions in contract: 1
2026-02-05 20:45:42 +08:00: 🦞 Active nodes: 20 | Shards per cycle: 4
2026-02-05 20:45:42 +08:00: 📋 Active sessions: 1
2026-02-05 20:45:42 +08:00: \n🚀 Processing 1 sessions in 1 batches
2026-02-05 20:45:53 +08:00: \n📊 Total sessions in contract: 1
2026-02-05 20:45:53 +08:00: 🦞 Active nodes: 20 | Shards per cycle: 4
2026-02-05 20:45:53 +08:00: 📋 Active sessions: 1
2026-02-05 20:45:53 +08:00: \n🚀 Processing 1 sessions in 1 batches
2026-02-05 20:46:04 +08:00: \n📊 Total sessions in contract: 1
2026-02-05 20:46:04 +08:00: 🦞 Active nodes: 20 | Shards per cycle: 4
2026-02-05 20:46:05 +08:00: 📋 Active sessions: 1
2026-02-05 20:46:05 +08:00: \n🚀 Processing 1 sessions in 1 batches
2026-02-05 20:46:15 +08:00: \n📊 Total sessions in contract: 1
2026-02-05 20:46:16 +08:00: 🦞 Active nodes: 20 | Shards per cycle: 4
2026-02-05 20:46:16 +08:00: 📋 Active sessions: 1
2026-02-05 20:46:16 +08:00: \n🚀 Processing 1 sessions in 1 batches
2026-02-05 20:46:26 +08:00: \n📊 Total sessions in contract: 1
2026-02-05 20:46:27 +08:00: 🦞 Active nodes: 20 | Shards per cycle: 4
2026-02-05 20:46:27 +08:00: 📋 Active sessions: 1
2026-02-05 20:46:27 +08:00: \n🚀 Processing 1 sessions in 1 batches
2026-02-05 20:46:38 +08:00: \n📊 Total sessions in contract: 1
2026-02-05 20:46:38 +08:00: 🦞 Active nodes: 20 | Shards per cycle: 4
2026-02-05 20:46:38 +08:00: 📋 Active sessions: 1
2026-02-05 20:46:38 +08:00: \n🚀 Processing 1 sessions in 1 batches
2026-02-05 20:46:49 +08:00: \n📊 Total sessions in contract: 1
2026-02-05 20:46:49 +08:00: 🦞 Active nodes: 20 | Shards per cycle: 4
2026-02-05 20:46:50 +08:00: 📋 Active sessions: 1
2026-02-05 20:46:50 +08:00: \n🚀 Processing 1 sessions in 1 batches
2026-02-05 20:47:00 +08:00: \n📊 Total sessions in contract: 1
2026-02-05 20:47:01 +08:00: 🦞 Active nodes: 20 | Shards per cycle: 4
2026-02-05 20:47:01 +08:00: 📋 Active sessions: 1
2026-02-05 20:47:01 +08:00: \n🚀 Processing 1 sessions in 1 batches
2026-02-05 20:47:11 +08:00: \n📊 Total sessions in contract: 1
2026-02-05 20:47:12 +08:00: 🦞 Active nodes: 20 | Shards per cycle: 4
2026-02-05 20:47:12 +08:00: 📋 Active sessions: 1
2026-02-05 20:47:12 +08:00: \n🚀 Processing 1 sessions in 1 batches
2026-02-05 20:47:23 +08:00: \n📊 Total sessions in contract: 1
2026-02-05 20:47:23 +08:00: 🦞 Active nodes: 20 | Shards per cycle: 4
2026-02-05 20:47:23 +08:00: 📋 Active sessions: 1
2026-02-05 20:47:23 +08:00: \n🚀 Processing 1 sessions in 1 batches
2026-02-05 20:47:34 +08:00: \n📊 Total sessions in contract: 1
2026-02-05 20:47:34 +08:00: 🦞 Active nodes: 20 | Shards per cycle: 4
2026-02-05 20:47:35 +08:00: 📋 Active sessions: 1
2026-02-05 20:47:35 +08:00: \n🚀 Processing 1 sessions in 1 batches
2026-02-05 20:47:45 +08:00: \n📊 Total sessions in contract: 1
2026-02-05 20:47:46 +08:00: 🦞 Active nodes: 20 | Shards per cycle: 4
2026-02-05 20:47:46 +08:00: 📋 Active sessions: 1
2026-02-05 20:47:46 +08:00: \n🚀 Processing 1 sessions in 1 batches
2026-02-05 20:47:56 +08:00: \n📊 Total sessions in contract: 1
2026-02-05 20:47:57 +08:00: 🦞 Active nodes: 20 | Shards per cycle: 4
2026-02-05 20:47:57 +08:00: 📋 Active sessions: 1
2026-02-05 20:47:57 +08:00: \n🚀 Processing 1 sessions in 1 batches
2026-02-05 20:48:08 +08:00: \n📊 Total sessions in contract: 1
2026-02-05 20:48:08 +08:00: 🦞 Active nodes: 20 | Shards per cycle: 4
2026-02-05 20:48:08 +08:00: 📋 Active sessions: 1
2026-02-05 20:48:08 +08:00: \n🚀 Processing 1 sessions in 1 batches
2026-02-05 20:48:19 +08:00: \n📊 Total sessions in contract: 1
2026-02-05 20:48:19 +08:00: 🦞 Active nodes: 20 | Shards per cycle: 4
2026-02-05 20:48:19 +08:00: 📋 Active sessions: 1
2026-02-05 20:48:19 +08:00: \n🚀 Processing 1 sessions in 1 batches
2026-02-05 20:48:30 +08:00: \n📊 Total sessions in contract: 1
2026-02-05 20:48:30 +08:00: 🦞 Active nodes: 20 | Shards per cycle: 4
2026-02-05 20:48:31 +08:00: 📋 Active sessions: 1
2026-02-05 20:48:31 +08:00: \n🚀 Processing 1 sessions in 1 batches
2026-02-05 20:48:41 +08:00: \n📊 Total sessions in contract: 1
2026-02-05 20:48:42 +08:00: 🦞 Active nodes: 20 | Shards per cycle: 4
2026-02-05 20:48:42 +08:00: 📋 Active sessions: 1
2026-02-05 20:48:42 +08:00: \n🚀 Processing 1 sessions in 1 batches
2026-02-05 20:48:52 +08:00: \n📊 Total sessions in contract: 1
2026-02-05 20:48:53 +08:00: 🦞 Active nodes: 20 | Shards per cycle: 4
2026-02-05 20:48:53 +08:00: 📋 Active sessions: 1
2026-02-05 20:48:53 +08:00: \n🚀 Processing 1 sessions in 1 batches
2026-02-05 20:49:04 +08:00: \n📊 Total sessions in contract: 1
2026-02-05 20:49:04 +08:00: 🦞 Active nodes: 20 | Shards per cycle: 4
2026-02-05 20:49:04 +08:00: 📋 Active sessions: 1
2026-02-05 20:49:04 +08:00: \n🚀 Processing 1 sessions in 1 batches
2026-02-05 20:49:15 +08:00: \n📊 Total sessions in contract: 1
2026-02-05 20:49:15 +08:00: 🦞 Active nodes: 20 | Shards per cycle: 4
2026-02-05 20:49:16 +08:00: 📋 Active sessions: 1
2026-02-05 20:49:16 +08:00: \n🚀 Processing 1 sessions in 1 batches
2026-02-05 20:49:26 +08:00: \n📊 Total sessions in contract: 1
2026-02-05 20:49:27 +08:00: 🦞 Active nodes: 20 | Shards per cycle: 4
2026-02-05 20:49:27 +08:00: 📋 Active sessions: 1
2026-02-05 20:49:27 +08:00: \n🚀 Processing 1 sessions in 1 batches
2026-02-05 20:49:37 +08:00: \n📊 Total sessions in contract: 1
2026-02-05 20:49:38 +08:00: 🦞 Active nodes: 20 | Shards per cycle: 4
2026-02-05 20:49:38 +08:00: 📋 Active sessions: 1
2026-02-05 20:49:38 +08:00: \n🚀 Processing 1 sessions in 1 batches
2026-02-05 20:49:49 +08:00: \n📊 Total sessions in contract: 1
2026-02-05 20:49:49 +08:00: 🦞 Active nodes: 20 | Shards per cycle: 4
2026-02-05 20:49:49 +08:00: 📋 Active sessions: 1
2026-02-05 20:49:49 +08:00: \n🚀 Processing 1 sessions in 1 batches
2026-02-05 20:50:00 +08:00: \n📊 Total sessions in contract: 1
2026-02-05 20:50:00 +08:00: 🦞 Active nodes: 20 | Shards per cycle: 4
2026-02-05 20:50:01 +08:00: 📋 Active sessions: 1
2026-02-05 20:50:01 +08:00: \n🚀 Processing 1 sessions in 1 batches
2026-02-05 20:50:11 +08:00: \n📊 Total sessions in contract: 1
2026-02-05 20:50:12 +08:00: 🦞 Active nodes: 20 | Shards per cycle: 4
2026-02-05 20:50:12 +08:00: 📋 Active sessions: 1
2026-02-05 20:50:12 +08:00: \n🚀 Processing 1 sessions in 1 batches
2026-02-05 20:50:22 +08:00: \n📊 Total sessions in contract: 1
2026-02-05 20:50:23 +08:00: 🦞 Active nodes: 20 | Shards per cycle: 4
2026-02-05 20:50:23 +08:00: 📋 Active sessions: 1
2026-02-05 20:50:23 +08:00: \n🚀 Processing 1 sessions in 1 batches
2026-02-05 20:50:34 +08:00: \n📊 Total sessions in contract: 1
2026-02-05 20:50:34 +08:00: 🦞 Active nodes: 20 | Shards per cycle: 4
2026-02-05 20:50:34 +08:00: 📋 Active sessions: 1
2026-02-05 20:50:34 +08:00: \n🚀 Processing 1 sessions in 1 batches
2026-02-05 20:50:45 +08:00: \n📊 Total sessions in contract: 1
2026-02-05 20:50:45 +08:00: 🦞 Active nodes: 20 | Shards per cycle: 4
2026-02-05 20:50:46 +08:00: 📋 Active sessions: 1
2026-02-05 20:50:46 +08:00: \n🚀 Processing 1 sessions in 1 batches
2026-02-05 20:50:56 +08:00: \n📊 Total sessions in contract: 1
2026-02-05 20:50:57 +08:00: 🦞 Active nodes: 20 | Shards per cycle: 4
2026-02-05 20:50:57 +08:00: 📋 Active sessions: 1
2026-02-05 20:50:57 +08:00: \n🚀 Processing 1 sessions in 1 batches
2026-02-05 20:51:07 +08:00: \n📊 Total sessions in contract: 1
2026-02-05 20:51:08 +08:00: 🦞 Active nodes: 20 | Shards per cycle: 4
2026-02-05 20:51:08 +08:00: 📋 Active sessions: 1
2026-02-05 20:51:08 +08:00: \n🚀 Processing 1 sessions in 1 batches
2026-02-05 20:51:18 +08:00: \n📊 Total sessions in contract: 1
2026-02-05 20:51:19 +08:00: 🦞 Active nodes: 20 | Shards per cycle: 4
2026-02-05 20:51:19 +08:00: 📋 Active sessions: 1
2026-02-05 20:51:19 +08:00: \n🚀 Processing 1 sessions in 1 batches
2026-02-05 20:51:30 +08:00: \n📊 Total sessions in contract: 1
2026-02-05 20:51:30 +08:00: 🦞 Active nodes: 20 | Shards per cycle: 4
2026-02-05 20:51:30 +08:00: 📋 Active sessions: 1
2026-02-05 20:51:30 +08:00: \n🚀 Processing 1 sessions in 1 batches
2026-02-05 20:51:41 +08:00: \n📊 Total sessions in contract: 1
2026-02-05 20:51:41 +08:00: 🦞 Active nodes: 20 | Shards per cycle: 4
2026-02-05 20:51:42 +08:00: 📋 Active sessions: 1
2026-02-05 20:51:42 +08:00: \n🚀 Processing 1 sessions in 1 batches
2026-02-05 20:51:52 +08:00: \n📊 Total sessions in contract: 1
2026-02-05 20:51:53 +08:00: 🦞 Active nodes: 20 | Shards per cycle: 4
2026-02-05 20:51:53 +08:00: 📋 Active sessions: 1
2026-02-05 20:51:53 +08:00: \n🚀 Processing 1 sessions in 1 batches
2026-02-05 20:52:03 +08:00: \n📊 Total sessions in contract: 1
2026-02-05 20:52:04 +08:00: 🦞 Active nodes: 20 | Shards per cycle: 4
2026-02-05 20:52:04 +08:00: 📋 Active sessions: 1
2026-02-05 20:52:04 +08:00: \n🚀 Processing 1 sessions in 1 batches
2026-02-05 20:52:15 +08:00: \n📊 Total sessions in contract: 1
2026-02-05 20:52:15 +08:00: 🦞 Active nodes: 20 | Shards per cycle: 4
2026-02-05 20:52:15 +08:00: 📋 Active sessions: 1
2026-02-05 20:52:15 +08:00: \n🚀 Processing 1 sessions in 1 batches
2026-02-05 20:52:26 +08:00: \n📊 Total sessions in contract: 1
2026-02-05 20:52:26 +08:00: 🦞 Active nodes: 20 | Shards per cycle: 4
2026-02-05 20:52:27 +08:00: 📋 Active sessions: 1
2026-02-05 20:52:27 +08:00: \n🚀 Processing 1 sessions in 1 batches
2026-02-05 20:52:37 +08:00: \n📊 Total sessions in contract: 1
2026-02-05 20:52:38 +08:00: 🦞 Active nodes: 20 | Shards per cycle: 4
2026-02-05 20:52:38 +08:00: 📋 Active sessions: 1
2026-02-05 20:52:38 +08:00: \n🚀 Processing 1 sessions in 1 batches
2026-02-05 20:52:48 +08:00: \n📊 Total sessions in contract: 1
2026-02-05 20:52:49 +08:00: 🦞 Active nodes: 20 | Shards per cycle: 4
2026-02-05 20:52:49 +08:00: 📋 Active sessions: 1
2026-02-05 20:52:49 +08:00: \n🚀 Processing 1 sessions in 1 batches
2026-02-05 20:53:00 +08:00: \n📊 Total sessions in contract: 1
2026-02-05 20:53:00 +08:00: 🦞 Active nodes: 20 | Shards per cycle: 4
2026-02-05 20:53:00 +08:00: 📋 Active sessions: 1
2026-02-05 20:53:00 +08:00: \n🚀 Processing 1 sessions in 1 batches
2026-02-05 20:53:11 +08:00: \n📊 Total sessions in contract: 1
2026-02-05 20:53:11 +08:00: 🦞 Active nodes: 20 | Shards per cycle: 4
2026-02-05 20:53:11 +08:00: 📋 Active sessions: 1
2026-02-05 20:53:11 +08:00: \n🚀 Processing 1 sessions in 1 batches
2026-02-05 20:53:22 +08:00: \n📊 Total sessions in contract: 1
2026-02-05 20:53:22 +08:00: 🦞 Active nodes: 20 | Shards per cycle: 4
2026-02-05 20:53:23 +08:00: 📋 Active sessions: 1
2026-02-05 20:53:23 +08:00: \n🚀 Processing 1 sessions in 1 batches
2026-02-05 20:53:33 +08:00: \n📊 Total sessions in contract: 1
2026-02-05 20:53:34 +08:00: 🦞 Active nodes: 20 | Shards per cycle: 4
2026-02-05 20:53:34 +08:00: 📋 Active sessions: 1
2026-02-05 20:53:34 +08:00: \n🚀 Processing 1 sessions in 1 batches
2026-02-05 20:53:44 +08:00: \n📊 Total sessions in contract: 1
2026-02-05 20:53:45 +08:00: 🦞 Active nodes: 20 | Shards per cycle: 4
2026-02-05 20:53:45 +08:00: 📋 Active sessions: 1
2026-02-05 20:53:45 +08:00: \n🚀 Processing 1 sessions in 1 batches
2026-02-05 20:53:56 +08:00: \n📊 Total sessions in contract: 1
2026-02-05 20:53:56 +08:00: 🦞 Active nodes: 20 | Shards per cycle: 4
2026-02-05 20:53:57 +08:00: 📋 Active sessions: 1
2026-02-05 20:53:57 +08:00: \n🚀 Processing 1 sessions in 1 batches
2026-02-05 20:54:07 +08:00: \n📊 Total sessions in contract: 1
2026-02-05 20:54:08 +08:00: 🦞 Active nodes: 20 | Shards per cycle: 4
2026-02-05 20:54:08 +08:00: 📋 Active sessions: 1
2026-02-05 20:54:08 +08:00: \n🚀 Processing 1 sessions in 1 batches
2026-02-05 20:54:18 +08:00: \n📊 Total sessions in contract: 1
2026-02-05 20:54:19 +08:00: 🦞 Active nodes: 20 | Shards per cycle: 4
2026-02-05 20:54:19 +08:00: 📋 Active sessions: 1
2026-02-05 20:54:19 +08:00: \n🚀 Processing 1 sessions in 1 batches
2026-02-05 20:54:30 +08:00: \n📊 Total sessions in contract: 1
2026-02-05 20:54:30 +08:00: 🦞 Active nodes: 20 | Shards per cycle: 4
2026-02-05 20:54:30 +08:00: 📋 Active sessions: 1
2026-02-05 20:54:30 +08:00: \n🚀 Processing 1 sessions in 1 batches
2026-02-05 20:54:41 +08:00: \n📊 Total sessions in contract: 1
2026-02-05 20:54:41 +08:00: 🦞 Active nodes: 20 | Shards per cycle: 4
2026-02-05 20:54:42 +08:00: 📋 Active sessions: 1
2026-02-05 20:54:42 +08:00: \n🚀 Processing 1 sessions in 1 batches
2026-02-05 20:54:52 +08:00: \n📊 Total sessions in contract: 1
2026-02-05 20:54:53 +08:00: 🦞 Active nodes: 20 | Shards per cycle: 4
2026-02-05 20:54:53 +08:00: 📋 Active sessions: 1
2026-02-05 20:54:53 +08:00: \n🚀 Processing 1 sessions in 1 batches
2026-02-05 20:55:03 +08:00: \n📊 Total sessions in contract: 1
2026-02-05 20:55:04 +08:00: 🦞 Active nodes: 20 | Shards per cycle: 4
2026-02-05 20:55:04 +08:00: 📋 Active sessions: 1
2026-02-05 20:55:04 +08:00: \n🚀 Processing 1 sessions in 1 batches
2026-02-05 20:55:15 +08:00: \n📊 Total sessions in contract: 1
2026-02-05 20:55:16 +08:00: 🦞 Active nodes: 20 | Shards per cycle: 4
2026-02-05 20:55:16 +08:00: 📋 Active sessions: 1
2026-02-05 20:55:16 +08:00: \n🚀 Processing 1 sessions in 1 batches
2026-02-05 20:55:26 +08:00: \n📊 Total sessions in contract: 1
2026-02-05 20:55:27 +08:00: 🦞 Active nodes: 20 | Shards per cycle: 4
2026-02-05 20:55:27 +08:00: 📋 Active sessions: 1
2026-02-05 20:55:27 +08:00: \n🚀 Processing 1 sessions in 1 batches
2026-02-05 20:55:38 +08:00: \n📊 Total sessions in contract: 1
2026-02-05 20:55:38 +08:00: 🦞 Active nodes: 20 | Shards per cycle: 4
2026-02-05 20:55:38 +08:00: 📋 Active sessions: 1
2026-02-05 20:55:38 +08:00: \n🚀 Processing 1 sessions in 1 batches
2026-02-05 20:55:49 +08:00: \n📊 Total sessions in contract: 1
2026-02-05 20:55:49 +08:00: 🦞 Active nodes: 20 | Shards per cycle: 4
2026-02-05 20:55:49 +08:00: 📋 Active sessions: 1
2026-02-05 20:55:49 +08:00: \n🚀 Processing 1 sessions in 1 batches
2026-02-05 20:56:00 +08:00: \n📊 Total sessions in contract: 1
2026-02-05 20:56:01 +08:00: 🦞 Active nodes: 20 | Shards per cycle: 4
2026-02-05 20:56:01 +08:00: 📋 Active sessions: 1
2026-02-05 20:56:01 +08:00: \n🚀 Processing 1 sessions in 1 batches
2026-02-05 20:56:11 +08:00: \n📊 Total sessions in contract: 1
2026-02-05 20:56:12 +08:00: 🦞 Active nodes: 20 | Shards per cycle: 4
2026-02-05 20:56:12 +08:00: 📋 Active sessions: 1
2026-02-05 20:56:12 +08:00: \n🚀 Processing 1 sessions in 1 batches
2026-02-05 20:56:23 +08:00: \n📊 Total sessions in contract: 1
2026-02-05 20:56:23 +08:00: 🦞 Active nodes: 20 | Shards per cycle: 4
2026-02-05 20:56:23 +08:00: 📋 Active sessions: 1
2026-02-05 20:56:23 +08:00: \n🚀 Processing 1 sessions in 1 batches
2026-02-05 20:56:34 +08:00: \n📊 Total sessions in contract: 1
2026-02-05 20:56:34 +08:00: 🦞 Active nodes: 20 | Shards per cycle: 4
2026-02-05 20:56:35 +08:00: 📋 Active sessions: 1
2026-02-05 20:56:35 +08:00: \n🚀 Processing 1 sessions in 1 batches
2026-02-05 20:56:45 +08:00: \n📊 Total sessions in contract: 1
2026-02-05 20:56:46 +08:00: 🦞 Active nodes: 20 | Shards per cycle: 4
2026-02-05 20:56:46 +08:00: 📋 Active sessions: 1
2026-02-05 20:56:46 +08:00: \n🚀 Processing 1 sessions in 1 batches
2026-02-05 20:56:56 +08:00: \n📊 Total sessions in contract: 1
2026-02-05 20:56:57 +08:00: 🦞 Active nodes: 20 | Shards per cycle: 4
2026-02-05 20:56:57 +08:00: 📋 Active sessions: 1
2026-02-05 20:56:57 +08:00: \n🚀 Processing 1 sessions in 1 batches
2026-02-05 20:57:08 +08:00: \n📊 Total sessions in contract: 1
2026-02-05 20:57:08 +08:00: 🦞 Active nodes: 20 | Shards per cycle: 4
2026-02-05 20:57:08 +08:00: 📋 Active sessions: 1
2026-02-05 20:57:08 +08:00: \n🚀 Processing 1 sessions in 1 batches
2026-02-05 20:57:19 +08:00: \n📊 Total sessions in contract: 1
2026-02-05 20:57:19 +08:00: 🦞 Active nodes: 20 | Shards per cycle: 4
2026-02-05 20:57:19 +08:00: 📋 Active sessions: 1
2026-02-05 20:57:19 +08:00: \n🚀 Processing 1 sessions in 1 batches
2026-02-05 20:57:30 +08:00: \n📊 Total sessions in contract: 1
2026-02-05 20:57:30 +08:00: 🦞 Active nodes: 20 | Shards per cycle: 4
2026-02-05 20:57:31 +08:00: 📋 Active sessions: 1
2026-02-05 20:57:31 +08:00: \n🚀 Processing 1 sessions in 1 batches
2026-02-05 20:57:41 +08:00: \n📊 Total sessions in contract: 1
2026-02-05 20:57:42 +08:00: 🦞 Active nodes: 20 | Shards per cycle: 4
2026-02-05 20:57:42 +08:00: 📋 Active sessions: 1
2026-02-05 20:57:42 +08:00: \n🚀 Processing 1 sessions in 1 batches
2026-02-05 20:57:53 +08:00: \n📊 Total sessions in contract: 1
2026-02-05 20:57:53 +08:00: 🦞 Active nodes: 20 | Shards per cycle: 4
2026-02-05 20:57:53 +08:00: 📋 Active sessions: 1
2026-02-05 20:57:53 +08:00: \n🚀 Processing 1 sessions in 1 batches
2026-02-05 20:58:04 +08:00: \n📊 Total sessions in contract: 1
2026-02-05 20:58:04 +08:00: 🦞 Active nodes: 20 | Shards per cycle: 4
2026-02-05 20:58:04 +08:00: 📋 Active sessions: 1
2026-02-05 20:58:04 +08:00: \n🚀 Processing 1 sessions in 1 batches
2026-02-05 20:58:15 +08:00: \n📊 Total sessions in contract: 1
2026-02-05 20:58:15 +08:00: 🦞 Active nodes: 20 | Shards per cycle: 4
2026-02-05 20:58:16 +08:00: 📋 Active sessions: 1
2026-02-05 20:58:16 +08:00: \n🚀 Processing 1 sessions in 1 batches
2026-02-05 20:58:27 +08:00: \n📊 Total sessions in contract: 1
2026-02-05 20:58:27 +08:00: 🦞 Active nodes: 20 | Shards per cycle: 4
2026-02-05 20:58:27 +08:00: 📋 Active sessions: 1
2026-02-05 20:58:27 +08:00: \n🚀 Processing 1 sessions in 1 batches
2026-02-05 20:58:38 +08:00: \n📊 Total sessions in contract: 1
2026-02-05 20:58:39 +08:00: 🦞 Active nodes: 20 | Shards per cycle: 4
2026-02-05 20:58:39 +08:00: 📋 Active sessions: 1
2026-02-05 20:58:39 +08:00: \n🚀 Processing 1 sessions in 1 batches
2026-02-05 20:58:49 +08:00: \n📊 Total sessions in contract: 1
2026-02-05 20:58:50 +08:00: 🦞 Active nodes: 20 | Shards per cycle: 4
2026-02-05 20:58:50 +08:00: 📋 Active sessions: 1
2026-02-05 20:58:50 +08:00: \n🚀 Processing 1 sessions in 1 batches
2026-02-05 20:59:01 +08:00: \n📊 Total sessions in contract: 1
2026-02-05 20:59:01 +08:00: 🦞 Active nodes: 20 | Shards per cycle: 4
2026-02-05 20:59:01 +08:00: 📋 Active sessions: 1
2026-02-05 20:59:01 +08:00: \n🚀 Processing 1 sessions in 1 batches
2026-02-05 20:59:12 +08:00: \n📊 Total sessions in contract: 1
2026-02-05 20:59:12 +08:00: 🦞 Active nodes: 20 | Shards per cycle: 4
2026-02-05 20:59:12 +08:00: 📋 Active sessions: 1
2026-02-05 20:59:12 +08:00: \n🚀 Processing 1 sessions in 1 batches
2026-02-05 20:59:23 +08:00: \n📊 Total sessions in contract: 1
2026-02-05 20:59:23 +08:00: 🦞 Active nodes: 20 | Shards per cycle: 4
2026-02-05 20:59:24 +08:00: 📋 Active sessions: 1
2026-02-05 20:59:24 +08:00: \n🚀 Processing 1 sessions in 1 batches
2026-02-05 20:59:34 +08:00: \n📊 Total sessions in contract: 1
2026-02-05 20:59:35 +08:00: 🦞 Active nodes: 20 | Shards per cycle: 4
2026-02-05 20:59:35 +08:00: 📋 Active sessions: 1
2026-02-05 20:59:35 +08:00: \n🚀 Processing 1 sessions in 1 batches
2026-02-05 20:59:45 +08:00: \n📊 Total sessions in contract: 1
2026-02-05 20:59:46 +08:00: 🦞 Active nodes: 20 | Shards per cycle: 4
2026-02-05 20:59:46 +08:00: 📋 Active sessions: 1
2026-02-05 20:59:46 +08:00: \n🚀 Processing 1 sessions in 1 batches
2026-02-05 20:59:57 +08:00: \n📊 Total sessions in contract: 1
2026-02-05 20:59:57 +08:00: 🦞 Active nodes: 20 | Shards per cycle: 4
2026-02-05 20:59:57 +08:00: 📋 Active sessions: 1
2026-02-05 20:59:57 +08:00: \n🚀 Processing 1 sessions in 1 batches
2026-02-05 21:00:08 +08:00: \n📊 Total sessions in contract: 1
2026-02-05 21:00:08 +08:00: 🦞 Active nodes: 20 | Shards per cycle: 4
2026-02-05 21:00:09 +08:00: 📋 Active sessions: 1
2026-02-05 21:00:09 +08:00: \n🚀 Processing 1 sessions in 1 batches
2026-02-05 21:00:19 +08:00: \n📊 Total sessions in contract: 1
2026-02-05 21:00:20 +08:00: 🦞 Active nodes: 20 | Shards per cycle: 4
2026-02-05 21:00:20 +08:00: 📋 Active sessions: 1
2026-02-05 21:00:20 +08:00: \n🚀 Processing 1 sessions in 1 batches
2026-02-05 21:00:30 +08:00: \n📊 Total sessions in contract: 2
2026-02-05 21:00:31 +08:00: 🦞 Active nodes: 20 | Shards per cycle: 4
2026-02-05 21:00:32 +08:00: 🔍 Found active session 2: 1.0 USDC (10 shards)
2026-02-05 21:00:32 +08:00: 📋 Active sessions: 2
2026-02-05 21:00:32 +08:00: \n🚀 Processing 2 sessions in 1 batches
2026-02-05 21:00:42 +08:00: \n📊 Total sessions in contract: 2
2026-02-05 21:00:43 +08:00: 🦞 Active nodes: 20 | Shards per cycle: 4
2026-02-05 21:00:43 +08:00: 📋 Active sessions: 2
2026-02-05 21:00:43 +08:00: \n🚀 Processing 2 sessions in 1 batches
2026-02-05 21:00:54 +08:00: \n📊 Total sessions in contract: 2
2026-02-05 21:00:54 +08:00: 🦞 Active nodes: 20 | Shards per cycle: 4
2026-02-05 21:00:55 +08:00: 📋 Active sessions: 2
2026-02-05 21:00:55 +08:00: \n🚀 Processing 2 sessions in 1 batches
2026-02-05 21:01:06 +08:00: \n📊 Total sessions in contract: 2
2026-02-05 21:01:06 +08:00: 🦞 Active nodes: 20 | Shards per cycle: 4
2026-02-05 21:01:07 +08:00: 📋 Active sessions: 2
2026-02-05 21:01:07 +08:00: \n🚀 Processing 2 sessions in 1 batches
2026-02-05 21:01:07 +08:00: 
📦 Batch 2292341: Pulsing 1 sessions [USDC] (Mixer→A) [nonce: 2050]
2026-02-05 21:01:08 +08:00: 🔄 Recovering nonce from chain...
2026-02-05 21:01:08 +08:00: ✅ Nonce recovered: 2142
2026-02-05 21:01:19 +08:00: \n📊 Total sessions in contract: 2
2026-02-05 21:01:19 +08:00: 🦞 Active nodes: 20 | Shards per cycle: 4
2026-02-05 21:01:20 +08:00: 📋 Active sessions: 2
2026-02-05 21:01:20 +08:00: \n🚀 Processing 2 sessions in 1 batches
2026-02-05 21:01:20 +08:00: 
📦 Batch 1596017: Pulsing 1 sessions [USDC] (Mixer→A) [nonce: 2142]
2026-02-05 21:01:21 +08:00: 📤 Tx sent: 0x367ea940c1bf0ec3f79604c478a1f06faf5e762f9d881c552a6e926b7dd5b303
2026-02-05 21:01:26 +08:00: ✅ Batch confirmed in block 33330542! Gas: 150916
2026-02-05 21:01:37 +08:00: \n📊 Total sessions in contract: 2
2026-02-05 21:01:37 +08:00: 🦞 Active nodes: 20 | Shards per cycle: 4
2026-02-05 21:01:37 +08:00: 📋 Active sessions: 2
2026-02-05 21:01:37 +08:00: \n🚀 Processing 2 sessions in 1 batches
2026-02-05 21:01:48 +08:00: \n📊 Total sessions in contract: 2
2026-02-05 21:01:49 +08:00: 🦞 Active nodes: 20 | Shards per cycle: 4
2026-02-05 21:01:49 +08:00: 📋 Active sessions: 2
2026-02-05 21:01:49 +08:00: \n🚀 Processing 2 sessions in 1 batches
2026-02-05 21:02:00 +08:00: \n📊 Total sessions in contract: 2
2026-02-05 21:02:00 +08:00: 🦞 Active nodes: 20 | Shards per cycle: 4
2026-02-05 21:02:01 +08:00: 📋 Active sessions: 2
2026-02-05 21:02:01 +08:00: \n🚀 Processing 2 sessions in 1 batches
2026-02-05 21:02:01 +08:00: 
📦 Batch 6663204: Pulsing 1 sessions [USDC] (A→B) [nonce: 2143]
2026-02-05 21:02:02 +08:00: 📤 Tx sent: 0x42c706b15cad53c67220061cd2c012da0bc03a4e26d8d7c57a6c518d20435916
2026-02-05 21:02:07 +08:00: ✅ Batch confirmed in block 33330562! Gas: 190500
2026-02-05 21:02:18 +08:00: \n📊 Total sessions in contract: 2
2026-02-05 21:02:18 +08:00: 🦞 Active nodes: 20 | Shards per cycle: 4
2026-02-05 21:02:19 +08:00: 📋 Active sessions: 2
2026-02-05 21:02:19 +08:00: \n🚀 Processing 2 sessions in 1 batches
2026-02-05 21:02:29 +08:00: \n📊 Total sessions in contract: 2
2026-02-05 21:02:30 +08:00: 🦞 Active nodes: 20 | Shards per cycle: 4
2026-02-05 21:02:30 +08:00: 📋 Active sessions: 2
2026-02-05 21:02:30 +08:00: \n🚀 Processing 2 sessions in 1 batches
2026-02-05 21:02:41 +08:00: \n📊 Total sessions in contract: 2
2026-02-05 21:02:41 +08:00: 🦞 Active nodes: 20 | Shards per cycle: 4
2026-02-05 21:02:42 +08:00: 📋 Active sessions: 2
2026-02-05 21:02:42 +08:00: \n🚀 Processing 2 sessions in 1 batches
2026-02-05 21:02:43 +08:00: 
📦 Batch 8238206: Pulsing 1 sessions [USDC] (B→C) [nonce: 2144]
2026-02-05 21:02:43 +08:00: 📤 Tx sent: 0x66bee695f979124f13e2d35cd0f37013f7ba53007e8696115537b34e83bd7a68
2026-02-05 21:02:48 +08:00: ✅ Batch confirmed in block 33330583! Gas: 190796
2026-02-05 21:02:59 +08:00: \n📊 Total sessions in contract: 2
2026-02-05 21:02:59 +08:00: 🦞 Active nodes: 20 | Shards per cycle: 4
2026-02-05 21:03:00 +08:00: 📋 Active sessions: 2
2026-02-05 21:03:00 +08:00: \n🚀 Processing 2 sessions in 1 batches
2026-02-05 21:03:10 +08:00: \n📊 Total sessions in contract: 2
2026-02-05 21:03:11 +08:00: 🦞 Active nodes: 20 | Shards per cycle: 4
2026-02-05 21:03:11 +08:00: 📋 Active sessions: 2
2026-02-05 21:03:11 +08:00: \n🚀 Processing 2 sessions in 1 batches
2026-02-05 21:03:22 +08:00: \n📊 Total sessions in contract: 2
2026-02-05 21:03:22 +08:00: 🦞 Active nodes: 20 | Shards per cycle: 4
2026-02-05 21:03:23 +08:00: 📋 Active sessions: 2
2026-02-05 21:03:23 +08:00: \n🚀 Processing 2 sessions in 1 batches
2026-02-05 21:03:24 +08:00: 
📦 Batch 7568308: Pulsing 1 sessions [USDC] (C→D) [nonce: 2145]
2026-02-05 21:03:25 +08:00: 📤 Tx sent: 0xf7d0c3cb06e31e779df43c1788690377cc789f718ac3ef4e912a73796c9e225b
2026-02-05 21:03:29 +08:00: ✅ Batch confirmed in block 33330603! Gas: 190876
2026-02-05 21:03:40 +08:00: \n📊 Total sessions in contract: 2
2026-02-05 21:03:40 +08:00: 🦞 Active nodes: 20 | Shards per cycle: 4
2026-02-05 21:03:41 +08:00: 📋 Active sessions: 2
2026-02-05 21:03:41 +08:00: \n🚀 Processing 2 sessions in 1 batches
2026-02-05 21:03:51 +08:00: \n📊 Total sessions in contract: 2
2026-02-05 21:03:52 +08:00: 🦞 Active nodes: 20 | Shards per cycle: 4
2026-02-05 21:03:52 +08:00: 📋 Active sessions: 2
2026-02-05 21:03:52 +08:00: \n🚀 Processing 2 sessions in 1 batches
2026-02-05 21:04:03 +08:00: \n📊 Total sessions in contract: 2
2026-02-05 21:04:04 +08:00: 🦞 Active nodes: 20 | Shards per cycle: 4
2026-02-05 21:04:04 +08:00: 📋 Active sessions: 2
2026-02-05 21:04:04 +08:00: \n🚀 Processing 2 sessions in 1 batches
2026-02-05 21:04:05 +08:00: 
📦 Batch 4128034: Pulsing 1 sessions [USDC] (D→E) [nonce: 2146]
2026-02-05 21:04:06 +08:00: 📤 Tx sent: 0xa74dcfb67f4585efd31c8b22876974a68e65b46fa2efbb9b488b8127ec22c28e
2026-02-05 21:04:10 +08:00: ✅ Batch confirmed in block 33330624! Gas: 190899
2026-02-05 21:04:21 +08:00: \n📊 Total sessions in contract: 2
2026-02-05 21:04:21 +08:00: 🦞 Active nodes: 20 | Shards per cycle: 4
2026-02-05 21:04:22 +08:00: 📋 Active sessions: 2
2026-02-05 21:04:22 +08:00: \n🚀 Processing 2 sessions in 1 batches
2026-02-05 21:04:32 +08:00: \n📊 Total sessions in contract: 2
2026-02-05 21:04:33 +08:00: 🦞 Active nodes: 20 | Shards per cycle: 4
2026-02-05 21:04:33 +08:00: 📋 Active sessions: 2
2026-02-05 21:04:33 +08:00: \n🚀 Processing 2 sessions in 1 batches
2026-02-05 21:04:44 +08:00: \n📊 Total sessions in contract: 2
2026-02-05 21:04:45 +08:00: 🦞 Active nodes: 20 | Shards per cycle: 4
2026-02-05 21:04:45 +08:00: 📋 Active sessions: 2
2026-02-05 21:04:45 +08:00: \n🚀 Processing 2 sessions in 1 batches
2026-02-05 21:04:46 +08:00: 
📦 Batch 2288108: Pulsing 1 sessions [USDC] (E→Recipient) [nonce: 2147]
2026-02-05 21:04:47 +08:00: 📤 Tx sent: 0x164daa70ff8e8b161e1b94f7a86061522620f307e4393e500ad12fd3332551d3
2026-02-05 21:04:52 +08:00: ✅ Batch confirmed in block 33330645! Gas: 158021
2026-02-05 21:05:02 +08:00: \n📊 Total sessions in contract: 2
2026-02-05 21:05:02 +08:00: 🦞 Active nodes: 20 | Shards per cycle: 4
2026-02-05 21:05:03 +08:00: 📋 Active sessions: 2
2026-02-05 21:05:03 +08:00: \n🚀 Processing 2 sessions in 1 batches
2026-02-05 21:05:14 +08:00: \n📊 Total sessions in contract: 2
2026-02-05 21:05:14 +08:00: 🦞 Active nodes: 20 | Shards per cycle: 4
2026-02-05 21:05:14 +08:00: 📋 Active sessions: 2
2026-02-05 21:05:14 +08:00: \n🚀 Processing 2 sessions in 1 batches
2026-02-05 21:05:25 +08:00: \n📊 Total sessions in contract: 2
2026-02-05 21:05:26 +08:00: 🦞 Active nodes: 20 | Shards per cycle: 4
2026-02-05 21:05:26 +08:00: 📋 Active sessions: 2
2026-02-05 21:05:26 +08:00: \n🚀 Processing 2 sessions in 1 batches
2026-02-05 21:05:27 +08:00: 
📦 Batch 2356542: Pulsing 1 sessions [USDC] (Wave Complete) [nonce: 2148]
2026-02-05 21:05:28 +08:00: 📤 Tx sent: 0x2eb5e4c280503d7632d55c7287f6a39a7d9def4e076fcfd7011732ab84a8ac42
2026-02-05 21:05:33 +08:00: ✅ Batch confirmed in block 33330665! Gas: 52018
2026-02-05 21:05:43 +08:00: \n📊 Total sessions in contract: 2
2026-02-05 21:05:44 +08:00: 🦞 Active nodes: 20 | Shards per cycle: 4
2026-02-05 21:05:44 +08:00: 📋 Active sessions: 2
2026-02-05 21:05:44 +08:00: \n🚀 Processing 2 sessions in 1 batches
2026-02-05 21:05:55 +08:00: \n📊 Total sessions in contract: 2
2026-02-05 21:05:55 +08:00: 🦞 Active nodes: 20 | Shards per cycle: 4
2026-02-05 21:05:56 +08:00: 📋 Active sessions: 2
2026-02-05 21:05:56 +08:00: \n🚀 Processing 2 sessions in 1 batches
2026-02-05 21:06:07 +08:00: \n📊 Total sessions in contract: 2
2026-02-05 21:06:07 +08:00: 🦞 Active nodes: 20 | Shards per cycle: 4
2026-02-05 21:06:08 +08:00: 📋 Active sessions: 2
2026-02-05 21:06:08 +08:00: \n🚀 Processing 2 sessions in 1 batches
2026-02-05 21:06:08 +08:00: 
📦 Batch 2270109: Pulsing 1 sessions [USDC] (Mixer→A) [nonce: 2149]
2026-02-05 21:06:09 +08:00: 📤 Tx sent: 0x33ebe397bca9fbfe74f70b8015e6ff662772ace7fc17b6b19525da207154d034
2026-02-05 21:06:14 +08:00: ✅ Batch confirmed in block 33330686! Gas: 150916
2026-02-05 21:06:24 +08:00: \n📊 Total sessions in contract: 2
2026-02-05 21:06:25 +08:00: 🦞 Active nodes: 20 | Shards per cycle: 4
2026-02-05 21:06:25 +08:00: 📋 Active sessions: 2
2026-02-05 21:06:25 +08:00: \n🚀 Processing 2 sessions in 1 batches
2026-02-05 21:06:36 +08:00: \n📊 Total sessions in contract: 2
2026-02-05 21:06:36 +08:00: 🦞 Active nodes: 20 | Shards per cycle: 4
2026-02-05 21:06:37 +08:00: 📋 Active sessions: 2
2026-02-05 21:06:37 +08:00: \n🚀 Processing 2 sessions in 1 batches
2026-02-05 21:06:48 +08:00: \n📊 Total sessions in contract: 2
2026-02-05 21:06:48 +08:00: 🦞 Active nodes: 20 | Shards per cycle: 4
2026-02-05 21:06:49 +08:00: 📋 Active sessions: 2
2026-02-05 21:06:49 +08:00: \n🚀 Processing 2 sessions in 1 batches
2026-02-05 21:06:49 +08:00: 
📦 Batch 3772721: Pulsing 1 sessions [USDC] (A→B) [nonce: 2150]
2026-02-05 21:06:50 +08:00: 📤 Tx sent: 0x6c66252d4afaa60c85d8eff899e266646db81048410d8c5772f180a6b0714a03
2026-02-05 21:06:55 +08:00: ✅ Batch confirmed in block 33330706! Gas: 190500
2026-02-05 21:07:05 +08:00: \n📊 Total sessions in contract: 2
2026-02-05 21:07:06 +08:00: 🦞 Active nodes: 20 | Shards per cycle: 4
2026-02-05 21:07:06 +08:00: 📋 Active sessions: 2
2026-02-05 21:07:06 +08:00: \n🚀 Processing 2 sessions in 1 batches
2026-02-05 21:07:17 +08:00: \n📊 Total sessions in contract: 2
2026-02-05 21:07:18 +08:00: 🦞 Active nodes: 20 | Shards per cycle: 4
2026-02-05 21:07:18 +08:00: 📋 Active sessions: 2
2026-02-05 21:07:18 +08:00: \n🚀 Processing 2 sessions in 1 batches
2026-02-05 21:07:29 +08:00: \n📊 Total sessions in contract: 2
2026-02-05 21:07:29 +08:00: 🦞 Active nodes: 20 | Shards per cycle: 4
2026-02-05 21:07:30 +08:00: 📋 Active sessions: 2
2026-02-05 21:07:30 +08:00: \n🚀 Processing 2 sessions in 1 batches
2026-02-05 21:07:30 +08:00: 
📦 Batch 8272819: Pulsing 1 sessions [USDC] (B→C) [nonce: 2151]
2026-02-05 21:07:31 +08:00: 📤 Tx sent: 0xbd3f1a9735f34f7f2d02ed79fcd621ebb4b899053ab732188fd9cc56ae4380c4
2026-02-05 21:07:36 +08:00: ✅ Batch confirmed in block 33330727! Gas: 190796
2026-02-05 21:07:47 +08:00: \n📊 Total sessions in contract: 2
2026-02-05 21:07:47 +08:00: 🦞 Active nodes: 20 | Shards per cycle: 4
2026-02-05 21:07:47 +08:00: 📋 Active sessions: 2
2026-02-05 21:07:47 +08:00: \n🚀 Processing 2 sessions in 1 batches
2026-02-05 21:07:58 +08:00: \n📊 Total sessions in contract: 2
2026-02-05 21:07:59 +08:00: 🦞 Active nodes: 20 | Shards per cycle: 4
2026-02-05 21:07:59 +08:00: 📋 Active sessions: 2
2026-02-05 21:07:59 +08:00: \n🚀 Processing 2 sessions in 1 batches
2026-02-05 21:08:10 +08:00: \n📊 Total sessions in contract: 2
2026-02-05 21:08:10 +08:00: 🦞 Active nodes: 20 | Shards per cycle: 4
2026-02-05 21:08:11 +08:00: 📋 Active sessions: 2
2026-02-05 21:08:11 +08:00: \n🚀 Processing 2 sessions in 1 batches
2026-02-05 21:08:12 +08:00: 
📦 Batch 9295071: Pulsing 1 sessions [USDC] (C→D) [nonce: 2152]
2026-02-05 21:08:12 +08:00: 📤 Tx sent: 0xd20146726a0009a4441bc11fee351c97a25100aec987e95f8fb4355b8114675d
2026-02-05 21:08:17 +08:00: ✅ Batch confirmed in block 33330747! Gas: 190876
2026-02-05 21:08:28 +08:00: \n📊 Total sessions in contract: 2
2026-02-05 21:08:28 +08:00: 🦞 Active nodes: 20 | Shards per cycle: 4
2026-02-05 21:08:29 +08:00: 📋 Active sessions: 2
2026-02-05 21:08:29 +08:00: \n🚀 Processing 2 sessions in 1 batches
2026-02-05 21:08:39 +08:00: \n📊 Total sessions in contract: 2
2026-02-05 21:08:40 +08:00: 🦞 Active nodes: 20 | Shards per cycle: 4
2026-02-05 21:08:40 +08:00: 📋 Active sessions: 2
2026-02-05 21:08:40 +08:00: \n🚀 Processing 2 sessions in 1 batches
2026-02-05 21:08:51 +08:00: \n📊 Total sessions in contract: 2
2026-02-05 21:08:51 +08:00: 🦞 Active nodes: 20 | Shards per cycle: 4
2026-02-05 21:08:52 +08:00: 📋 Active sessions: 2
2026-02-05 21:08:52 +08:00: \n🚀 Processing 2 sessions in 1 batches
2026-02-05 21:08:53 +08:00: 
📦 Batch 9945389: Pulsing 1 sessions [USDC] (D→E) [nonce: 2153]
2026-02-05 21:08:53 +08:00: 📤 Tx sent: 0x58389720ed899d1caf2f2aba412b3c1a878cf148d9141778f0982a5efcf53160
2026-02-05 21:08:58 +08:00: ✅ Batch confirmed in block 33330768! Gas: 190899
2026-02-05 21:09:09 +08:00: \n📊 Total sessions in contract: 2
2026-02-05 21:09:09 +08:00: 🦞 Active nodes: 20 | Shards per cycle: 4
2026-02-05 21:09:10 +08:00: 📋 Active sessions: 2
2026-02-05 21:09:10 +08:00: \n🚀 Processing 2 sessions in 1 batches
2026-02-05 21:09:20 +08:00: \n📊 Total sessions in contract: 2
2026-02-05 21:09:21 +08:00: 🦞 Active nodes: 20 | Shards per cycle: 4
2026-02-05 21:09:21 +08:00: 📋 Active sessions: 2
2026-02-05 21:09:21 +08:00: \n🚀 Processing 2 sessions in 1 batches
2026-02-05 21:09:32 +08:00: \n📊 Total sessions in contract: 2
2026-02-05 21:09:32 +08:00: 🦞 Active nodes: 20 | Shards per cycle: 4
2026-02-05 21:09:33 +08:00: 📋 Active sessions: 2
2026-02-05 21:09:33 +08:00: \n🚀 Processing 2 sessions in 1 batches
2026-02-05 21:09:34 +08:00: 
📦 Batch 4171203: Pulsing 1 sessions [USDC] (E→Recipient) [nonce: 2154]
2026-02-05 21:09:35 +08:00: 📤 Tx sent: 0x16bd5028070356d5114ab9ef3f67954d74fb09dcdf20790e6c2ac1ee49eff3eb
2026-02-05 21:09:39 +08:00: ✅ Batch confirmed in block 33330788! Gas: 158021
2026-02-05 21:09:50 +08:00: \n📊 Total sessions in contract: 2
2026-02-05 21:09:50 +08:00: 🦞 Active nodes: 20 | Shards per cycle: 4
2026-02-05 21:09:51 +08:00: 📋 Active sessions: 2
2026-02-05 21:09:51 +08:00: \n🚀 Processing 2 sessions in 1 batches
2026-02-05 21:10:01 +08:00: \n📊 Total sessions in contract: 2
2026-02-05 21:10:02 +08:00: 🦞 Active nodes: 20 | Shards per cycle: 4
2026-02-05 21:10:02 +08:00: 📋 Active sessions: 2
2026-02-05 21:10:02 +08:00: \n🚀 Processing 2 sessions in 1 batches
2026-02-05 21:10:13 +08:00: \n📊 Total sessions in contract: 2
2026-02-05 21:10:14 +08:00: 🦞 Active nodes: 20 | Shards per cycle: 4
2026-02-05 21:10:14 +08:00: 📋 Active sessions: 2
2026-02-05 21:10:14 +08:00: \n🚀 Processing 2 sessions in 1 batches
2026-02-05 21:10:15 +08:00: 
📦 Batch 6488311: Pulsing 1 sessions [USDC] (Wave Complete) [nonce: 2155]
2026-02-05 21:10:16 +08:00: 📤 Tx sent: 0xac1512cf00711b2fbb1bb4e95ddc8e8d22d14197ceb9cbe071cb4ccf6c8a78e4
2026-02-05 21:10:21 +08:00: ✅ Batch confirmed in block 33330809! Gas: 52018
2026-02-05 21:10:31 +08:00: \n📊 Total sessions in contract: 2
2026-02-05 21:10:31 +08:00: 🦞 Active nodes: 20 | Shards per cycle: 4
2026-02-05 21:10:32 +08:00: 📋 Active sessions: 2
2026-02-05 21:10:32 +08:00: \n🚀 Processing 2 sessions in 1 batches
2026-02-05 21:10:43 +08:00: \n📊 Total sessions in contract: 2
2026-02-05 21:10:43 +08:00: 🦞 Active nodes: 20 | Shards per cycle: 4
2026-02-05 21:10:43 +08:00: 📋 Active sessions: 2
2026-02-05 21:10:43 +08:00: \n🚀 Processing 2 sessions in 1 batches
2026-02-05 21:10:55 +08:00: \n📊 Total sessions in contract: 2
2026-02-05 21:10:55 +08:00: 🦞 Active nodes: 20 | Shards per cycle: 4
2026-02-05 21:10:56 +08:00: 📋 Active sessions: 2
2026-02-05 21:10:56 +08:00: \n🚀 Processing 2 sessions in 1 batches
2026-02-05 21:10:56 +08:00: 
📦 Batch 9575888: Pulsing 1 sessions [USDC] (Mixer→A) [nonce: 2156]
2026-02-05 21:10:57 +08:00: 📤 Tx sent: 0x6e5ac8f6f0addfa921288fbffc471ca3fe4122f3b3bb6cb221817399f0bc81d0
2026-02-05 21:11:02 +08:00: ✅ Batch confirmed in block 33330830! Gas: 123961
2026-02-05 21:11:12 +08:00: \n📊 Total sessions in contract: 2
2026-02-05 21:11:13 +08:00: 🦞 Active nodes: 20 | Shards per cycle: 4
2026-02-05 21:11:13 +08:00: 📋 Active sessions: 2
2026-02-05 21:11:13 +08:00: \n🚀 Processing 2 sessions in 1 batches
2026-02-05 21:11:24 +08:00: \n📊 Total sessions in contract: 2
2026-02-05 21:11:24 +08:00: 🦞 Active nodes: 20 | Shards per cycle: 4
2026-02-05 21:11:25 +08:00: 📋 Active sessions: 2
2026-02-05 21:11:25 +08:00: \n🚀 Processing 2 sessions in 1 batches
2026-02-05 21:11:36 +08:00: \n📊 Total sessions in contract: 2
2026-02-05 21:11:36 +08:00: 🦞 Active nodes: 20 | Shards per cycle: 4
2026-02-05 21:11:37 +08:00: 📋 Active sessions: 2
2026-02-05 21:11:37 +08:00: \n🚀 Processing 2 sessions in 1 batches
2026-02-05 21:11:37 +08:00: 
📦 Batch 5761080: Pulsing 1 sessions [USDC] (A→B) [nonce: 2157]
2026-02-05 21:11:38 +08:00: 📤 Tx sent: 0x2af3bca8b3214929e1b64348fffa8ea23137c754deec68e7b54f36ab71a783f4
2026-02-05 21:11:43 +08:00: ✅ Batch confirmed in block 33330850! Gas: 147797
2026-02-05 21:11:53 +08:00: \n📊 Total sessions in contract: 2
2026-02-05 21:11:54 +08:00: 🦞 Active nodes: 20 | Shards per cycle: 4
2026-02-05 21:11:54 +08:00: 📋 Active sessions: 2
2026-02-05 21:11:54 +08:00: \n🚀 Processing 2 sessions in 1 batches
2026-02-05 21:12:05 +08:00: \n📊 Total sessions in contract: 2
2026-02-05 21:12:06 +08:00: 🦞 Active nodes: 20 | Shards per cycle: 4
2026-02-05 21:12:06 +08:00: 📋 Active sessions: 2
2026-02-05 21:12:06 +08:00: \n🚀 Processing 2 sessions in 1 batches
2026-02-05 21:12:17 +08:00: \n📊 Total sessions in contract: 2
2026-02-05 21:12:17 +08:00: 🦞 Active nodes: 20 | Shards per cycle: 4
2026-02-05 21:12:18 +08:00: 📋 Active sessions: 2
2026-02-05 21:12:18 +08:00: \n🚀 Processing 2 sessions in 1 batches
2026-02-05 21:12:18 +08:00: 
📦 Batch 8979442: Pulsing 1 sessions [USDC] (B→C) [nonce: 2158]
2026-02-05 21:12:19 +08:00: 📤 Tx sent: 0x400fbc73d830f7b77df7a2d607e034c692ec7af23f6aa46c87767ea29caa65f3
2026-02-05 21:12:24 +08:00: ✅ Batch confirmed in block 33330871! Gas: 148093
2026-02-05 21:12:34 +08:00: \n📊 Total sessions in contract: 2
2026-02-05 21:12:35 +08:00: 🦞 Active nodes: 20 | Shards per cycle: 4
2026-02-05 21:12:35 +08:00: 📋 Active sessions: 2
2026-02-05 21:12:35 +08:00: \n🚀 Processing 2 sessions in 1 batches
2026-02-05 21:12:46 +08:00: \n📊 Total sessions in contract: 2
2026-02-05 21:12:47 +08:00: 🦞 Active nodes: 20 | Shards per cycle: 4
2026-02-05 21:12:47 +08:00: 📋 Active sessions: 2
2026-02-05 21:12:47 +08:00: \n🚀 Processing 2 sessions in 1 batches
2026-02-05 21:12:58 +08:00: \n📊 Total sessions in contract: 2
2026-02-05 21:12:58 +08:00: 🦞 Active nodes: 20 | Shards per cycle: 4
2026-02-05 21:12:59 +08:00: 📋 Active sessions: 2
2026-02-05 21:12:59 +08:00: \n🚀 Processing 2 sessions in 1 batches
2026-02-05 21:13:00 +08:00: 
📦 Batch 4836621: Pulsing 1 sessions [USDC] (C→D) [nonce: 2159]
2026-02-05 21:13:00 +08:00: 📤 Tx sent: 0x317facdbe52b3d0214b0b2cafe95d2d987b9e5d0b30c56553470fd3862456e03
2026-02-05 21:13:05 +08:00: ✅ Batch confirmed in block 33330891! Gas: 148173
2026-02-05 21:13:16 +08:00: \n📊 Total sessions in contract: 2
2026-02-05 21:13:16 +08:00: 🦞 Active nodes: 20 | Shards per cycle: 4
2026-02-05 21:13:17 +08:00: 📋 Active sessions: 2
2026-02-05 21:13:17 +08:00: \n🚀 Processing 2 sessions in 1 batches
2026-02-05 21:13:27 +08:00: \n📊 Total sessions in contract: 2
2026-02-05 21:13:28 +08:00: 🦞 Active nodes: 20 | Shards per cycle: 4
2026-02-05 21:13:28 +08:00: 📋 Active sessions: 2
2026-02-05 21:13:28 +08:00: \n🚀 Processing 2 sessions in 1 batches
2026-02-05 21:13:39 +08:00: \n📊 Total sessions in contract: 2
2026-02-05 21:13:40 +08:00: 🦞 Active nodes: 20 | Shards per cycle: 4
2026-02-05 21:13:40 +08:00: 📋 Active sessions: 2
2026-02-05 21:13:40 +08:00: \n🚀 Processing 2 sessions in 1 batches
2026-02-05 21:13:41 +08:00: 
📦 Batch 7242039: Pulsing 1 sessions [USDC] (D→E) [nonce: 2160]
2026-02-05 21:13:42 +08:00: 📤 Tx sent: 0x47b4195228862787bfa830dfb47ab4b8455093e0c36d75842bca4fcdfde9b720
2026-02-05 21:13:46 +08:00: ✅ Batch confirmed in block 33330912! Gas: 148196
2026-02-05 21:13:57 +08:00: \n📊 Total sessions in contract: 2
2026-02-05 21:13:57 +08:00: 🦞 Active nodes: 20 | Shards per cycle: 4
2026-02-05 21:13:58 +08:00: 📋 Active sessions: 2
2026-02-05 21:13:58 +08:00: \n🚀 Processing 2 sessions in 1 batches
2026-02-05 21:14:08 +08:00: \n📊 Total sessions in contract: 2
2026-02-05 21:14:09 +08:00: 🦞 Active nodes: 20 | Shards per cycle: 4
2026-02-05 21:14:09 +08:00: 📋 Active sessions: 2
2026-02-05 21:14:09 +08:00: \n🚀 Processing 2 sessions in 1 batches
2026-02-05 21:14:20 +08:00: \n📊 Total sessions in contract: 2
2026-02-05 21:14:21 +08:00: 🦞 Active nodes: 20 | Shards per cycle: 4
2026-02-05 21:14:21 +08:00: 📋 Active sessions: 2
2026-02-05 21:14:21 +08:00: \n🚀 Processing 2 sessions in 1 batches
2026-02-05 21:14:22 +08:00: 
📦 Batch 2247310: Pulsing 1 sessions [USDC] (E→Recipient) [nonce: 2161]
2026-02-05 21:14:23 +08:00: 📤 Tx sent: 0x10a6ba7b9565b818c325882223a9c0f1baf06d973b30a96d3c5cfde86785e9f1
2026-02-05 21:14:28 +08:00: ✅ Batch confirmed in block 33330933! Gas: 124972
2026-02-05 21:14:38 +08:00: \n📊 Total sessions in contract: 2
2026-02-05 21:14:38 +08:00: 🦞 Active nodes: 20 | Shards per cycle: 4
2026-02-05 21:14:39 +08:00: 📋 Active sessions: 2
2026-02-05 21:14:39 +08:00: \n🚀 Processing 2 sessions in 1 batches
2026-02-05 21:14:50 +08:00: \n📊 Total sessions in contract: 2
2026-02-05 21:14:50 +08:00: 🦞 Active nodes: 20 | Shards per cycle: 4
2026-02-05 21:14:50 +08:00: 📋 Active sessions: 2
2026-02-05 21:14:50 +08:00: \n🚀 Processing 2 sessions in 1 batches
2026-02-05 21:15:01 +08:00: \n📊 Total sessions in contract: 2
2026-02-05 21:15:02 +08:00: 🦞 Active nodes: 20 | Shards per cycle: 4
2026-02-05 21:15:02 +08:00: 📋 Active sessions: 2
2026-02-05 21:15:02 +08:00: \n🚀 Processing 2 sessions in 1 batches
2026-02-05 21:15:03 +08:00: 
📦 Batch 6813695: Pulsing 1 sessions [USDC] (Wave Complete) [nonce: 2162]
2026-02-05 21:15:04 +08:00: 📤 Tx sent: 0x298a897e1f6c533f5c314e5f972e719a41c694772220d0840add9c25f91ebc6e
2026-02-05 21:15:09 +08:00: ✅ Batch confirmed in block 33330953! Gas: 632721
2026-02-05 21:15:19 +08:00: \n📊 Total sessions in contract: 2
2026-02-05 21:15:20 +08:00: 🦞 Active nodes: 20 | Shards per cycle: 4
2026-02-05 21:15:20 +08:00: 📋 Active sessions: 2
2026-02-05 21:15:20 +08:00: \n🚀 Processing 2 sessions in 1 batches
2026-02-05 21:15:31 +08:00: \n📊 Total sessions in contract: 2
2026-02-05 21:15:31 +08:00: 🦞 Active nodes: 20 | Shards per cycle: 4
2026-02-05 21:15:32 +08:00: 📋 Active sessions: 2
2026-02-05 21:15:32 +08:00: \n🚀 Processing 2 sessions in 1 batches
2026-02-05 21:15:43 +08:00: \n📊 Total sessions in contract: 2
2026-02-05 21:15:43 +08:00: 🦞 Active nodes: 20 | Shards per cycle: 4
2026-02-05 21:15:44 +08:00: 📋 Active sessions: 2
2026-02-05 21:15:44 +08:00: \n🚀 Processing 2 sessions in 1 batches
2026-02-05 21:15:54 +08:00: \n📊 Total sessions in contract: 2
2026-02-05 21:15:55 +08:00: 🦞 Active nodes: 20 | Shards per cycle: 4
2026-02-05 21:15:55 +08:00: 📋 Active sessions: 2
2026-02-05 21:15:55 +08:00: \n🚀 Processing 2 sessions in 1 batches
2026-02-05 21:16:06 +08:00: \n📊 Total sessions in contract: 2
2026-02-05 21:16:06 +08:00: 🦞 Active nodes: 20 | Shards per cycle: 4
2026-02-05 21:16:07 +08:00: 📋 Active sessions: 2
2026-02-05 21:16:07 +08:00: \n🚀 Processing 2 sessions in 1 batches
2026-02-05 21:16:18 +08:00: \n📊 Total sessions in contract: 2
2026-02-05 21:16:18 +08:00: 🦞 Active nodes: 20 | Shards per cycle: 4
2026-02-05 21:16:19 +08:00: 📋 Active sessions: 2
2026-02-05 21:16:19 +08:00: \n🚀 Processing 2 sessions in 1 batches
2026-02-05 21:16:29 +08:00: \n📊 Total sessions in contract: 2
2026-02-05 21:16:30 +08:00: 🦞 Active nodes: 20 | Shards per cycle: 4
2026-02-05 21:16:30 +08:00: 📋 Active sessions: 2
2026-02-05 21:16:30 +08:00: \n🚀 Processing 2 sessions in 1 batches
2026-02-05 21:16:41 +08:00: \n📊 Total sessions in contract: 2
2026-02-05 21:16:41 +08:00: 🦞 Active nodes: 20 | Shards per cycle: 4
2026-02-05 21:16:42 +08:00: 📋 Active sessions: 2
2026-02-05 21:16:42 +08:00: \n🚀 Processing 2 sessions in 1 batches
2026-02-05 21:16:53 +08:00: \n📊 Total sessions in contract: 2
2026-02-05 21:16:53 +08:00: 🦞 Active nodes: 20 | Shards per cycle: 4
2026-02-05 21:16:54 +08:00: 📋 Active sessions: 2
2026-02-05 21:16:54 +08:00: \n🚀 Processing 2 sessions in 1 batches
2026-02-05 21:17:05 +08:00: \n📊 Total sessions in contract: 2
2026-02-05 21:17:05 +08:00: 🦞 Active nodes: 20 | Shards per cycle: 4
2026-02-05 21:17:05 +08:00: 📋 Active sessions: 2
2026-02-05 21:17:05 +08:00: \n🚀 Processing 2 sessions in 1 batches
2026-02-05 21:17:16 +08:00: \n📊 Total sessions in contract: 2
2026-02-05 21:17:17 +08:00: 🦞 Active nodes: 20 | Shards per cycle: 4
2026-02-05 21:17:17 +08:00: 📋 Active sessions: 2
2026-02-05 21:17:17 +08:00: \n🚀 Processing 2 sessions in 1 batches
2026-02-05 21:17:28 +08:00: \n📊 Total sessions in contract: 2
2026-02-05 21:17:28 +08:00: 🦞 Active nodes: 20 | Shards per cycle: 4
2026-02-05 21:17:29 +08:00: 📋 Active sessions: 2
2026-02-05 21:17:29 +08:00: \n🚀 Processing 2 sessions in 1 batches
2026-02-05 21:17:40 +08:00: \n📊 Total sessions in contract: 2
2026-02-05 21:17:40 +08:00: 🦞 Active nodes: 20 | Shards per cycle: 4
2026-02-05 21:17:41 +08:00: 📋 Active sessions: 2
2026-02-05 21:17:41 +08:00: \n🚀 Processing 2 sessions in 1 batches
2026-02-05 21:17:52 +08:00: \n📊 Total sessions in contract: 2
2026-02-05 21:17:52 +08:00: 🦞 Active nodes: 20 | Shards per cycle: 4
2026-02-05 21:17:53 +08:00: 📋 Active sessions: 2
2026-02-05 21:17:53 +08:00: \n🚀 Processing 2 sessions in 1 batches
2026-02-05 21:18:03 +08:00: \n📊 Total sessions in contract: 2
2026-02-05 21:18:04 +08:00: 🦞 Active nodes: 20 | Shards per cycle: 4
2026-02-05 21:18:04 +08:00: 📋 Active sessions: 2
2026-02-05 21:18:04 +08:00: \n🚀 Processing 2 sessions in 1 batches
2026-02-05 21:18:15 +08:00: \n📊 Total sessions in contract: 2
2026-02-05 21:18:15 +08:00: 🦞 Active nodes: 20 | Shards per cycle: 4
2026-02-05 21:18:16 +08:00: 📋 Active sessions: 2
2026-02-05 21:18:16 +08:00: \n🚀 Processing 2 sessions in 1 batches
2026-02-05 21:18:27 +08:00: \n📊 Total sessions in contract: 2
2026-02-05 21:18:27 +08:00: 🦞 Active nodes: 20 | Shards per cycle: 4
2026-02-05 21:18:28 +08:00: 📋 Active sessions: 2
2026-02-05 21:18:28 +08:00: \n🚀 Processing 2 sessions in 1 batches
2026-02-05 21:18:38 +08:00: \n📊 Total sessions in contract: 2
2026-02-05 21:18:39 +08:00: 🦞 Active nodes: 20 | Shards per cycle: 4
2026-02-05 21:18:39 +08:00: 📋 Active sessions: 2
2026-02-05 21:18:39 +08:00: \n🚀 Processing 2 sessions in 1 batches
2026-02-05 21:18:50 +08:00: \n📊 Total sessions in contract: 2
2026-02-05 21:18:50 +08:00: 🦞 Active nodes: 20 | Shards per cycle: 4
2026-02-05 21:18:51 +08:00: 📋 Active sessions: 2
2026-02-05 21:18:51 +08:00: \n🚀 Processing 2 sessions in 1 batches
2026-02-05 21:19:02 +08:00: \n📊 Total sessions in contract: 2
2026-02-05 21:19:02 +08:00: 🦞 Active nodes: 20 | Shards per cycle: 4
2026-02-05 21:19:03 +08:00: 📋 Active sessions: 2
2026-02-05 21:19:03 +08:00: \n🚀 Processing 2 sessions in 1 batches
2026-02-05 21:19:13 +08:00: \n📊 Total sessions in contract: 2
2026-02-05 21:19:14 +08:00: 🦞 Active nodes: 20 | Shards per cycle: 4
2026-02-05 21:19:14 +08:00: 📋 Active sessions: 2
2026-02-05 21:19:14 +08:00: \n🚀 Processing 2 sessions in 1 batches
2026-02-05 21:19:25 +08:00: \n📊 Total sessions in contract: 2
2026-02-05 21:19:26 +08:00: 🦞 Active nodes: 20 | Shards per cycle: 4
2026-02-05 21:19:26 +08:00: 📋 Active sessions: 2
2026-02-05 21:19:26 +08:00: \n🚀 Processing 2 sessions in 1 batches
2026-02-05 21:19:37 +08:00: \n📊 Total sessions in contract: 2
2026-02-05 21:19:37 +08:00: 🦞 Active nodes: 20 | Shards per cycle: 4
2026-02-05 21:19:38 +08:00: 📋 Active sessions: 2
2026-02-05 21:19:38 +08:00: \n🚀 Processing 2 sessions in 1 batches
2026-02-05 21:19:49 +08:00: \n📊 Total sessions in contract: 2
2026-02-05 21:19:49 +08:00: 🦞 Active nodes: 20 | Shards per cycle: 4
2026-02-05 21:19:49 +08:00: 📋 Active sessions: 2
2026-02-05 21:19:49 +08:00: \n🚀 Processing 2 sessions in 1 batches
2026-02-05 21:20:00 +08:00: \n📊 Total sessions in contract: 2
2026-02-05 21:20:01 +08:00: 🦞 Active nodes: 20 | Shards per cycle: 4
2026-02-05 21:20:01 +08:00: 📋 Active sessions: 2
2026-02-05 21:20:01 +08:00: \n🚀 Processing 2 sessions in 1 batches
2026-02-05 21:20:12 +08:00: \n📊 Total sessions in contract: 2
2026-02-05 21:20:12 +08:00: 🦞 Active nodes: 20 | Shards per cycle: 4
2026-02-05 21:20:13 +08:00: 📋 Active sessions: 2
2026-02-05 21:20:13 +08:00: \n🚀 Processing 2 sessions in 1 batches
2026-02-05 21:20:24 +08:00: \n📊 Total sessions in contract: 2
2026-02-05 21:20:24 +08:00: 🦞 Active nodes: 20 | Shards per cycle: 4
2026-02-05 21:20:25 +08:00: 📋 Active sessions: 2
2026-02-05 21:20:25 +08:00: \n🚀 Processing 2 sessions in 1 batches
2026-02-05 21:20:35 +08:00: \n📊 Total sessions in contract: 2
2026-02-05 21:20:36 +08:00: 🦞 Active nodes: 20 | Shards per cycle: 4
2026-02-05 21:20:36 +08:00: 📋 Active sessions: 2
2026-02-05 21:20:36 +08:00: \n🚀 Processing 2 sessions in 1 batches
2026-02-05 21:20:47 +08:00: \n📊 Total sessions in contract: 2
2026-02-05 21:20:48 +08:00: 🦞 Active nodes: 20 | Shards per cycle: 4
2026-02-05 21:20:48 +08:00: 📋 Active sessions: 2
2026-02-05 21:20:48 +08:00: \n🚀 Processing 2 sessions in 1 batches
2026-02-05 21:20:59 +08:00: \n📊 Total sessions in contract: 2
2026-02-05 21:20:59 +08:00: 🦞 Active nodes: 20 | Shards per cycle: 4
2026-02-05 21:21:00 +08:00: 📋 Active sessions: 2
2026-02-05 21:21:00 +08:00: \n🚀 Processing 2 sessions in 1 batches
2026-02-05 21:21:10 +08:00: \n📊 Total sessions in contract: 2
2026-02-05 21:21:11 +08:00: 🦞 Active nodes: 20 | Shards per cycle: 4
2026-02-05 21:21:11 +08:00: 📋 Active sessions: 2
2026-02-05 21:21:11 +08:00: \n🚀 Processing 2 sessions in 1 batches
2026-02-05 21:21:22 +08:00: \n📊 Total sessions in contract: 2
2026-02-05 21:21:23 +08:00: 🦞 Active nodes: 20 | Shards per cycle: 4
2026-02-05 21:21:23 +08:00: 📋 Active sessions: 2
2026-02-05 21:21:23 +08:00: \n🚀 Processing 2 sessions in 1 batches
2026-02-05 21:21:34 +08:00: \n📊 Total sessions in contract: 2
2026-02-05 21:21:34 +08:00: 🦞 Active nodes: 20 | Shards per cycle: 4
2026-02-05 21:21:35 +08:00: 📋 Active sessions: 2
2026-02-05 21:21:35 +08:00: \n🚀 Processing 2 sessions in 1 batches
2026-02-05 21:21:45 +08:00: \n📊 Total sessions in contract: 2
2026-02-05 21:21:46 +08:00: 🦞 Active nodes: 20 | Shards per cycle: 4
2026-02-05 21:21:46 +08:00: 📋 Active sessions: 2
2026-02-05 21:21:46 +08:00: \n🚀 Processing 2 sessions in 1 batches
2026-02-05 21:21:57 +08:00: \n📊 Total sessions in contract: 2
2026-02-05 21:21:58 +08:00: 🦞 Active nodes: 20 | Shards per cycle: 4
2026-02-05 21:21:58 +08:00: 📋 Active sessions: 2
2026-02-05 21:21:58 +08:00: \n🚀 Processing 2 sessions in 1 batches
2026-02-05 21:22:09 +08:00: \n📊 Total sessions in contract: 2
2026-02-05 21:22:09 +08:00: 🦞 Active nodes: 20 | Shards per cycle: 4
2026-02-05 21:22:10 +08:00: 📋 Active sessions: 2
2026-02-05 21:22:10 +08:00: \n🚀 Processing 2 sessions in 1 batches
2026-02-05 21:22:21 +08:00: \n📊 Total sessions in contract: 2
2026-02-05 21:22:21 +08:00: 🦞 Active nodes: 20 | Shards per cycle: 4
2026-02-05 21:22:22 +08:00: 📋 Active sessions: 2
2026-02-05 21:22:22 +08:00: \n🚀 Processing 2 sessions in 1 batches
2026-02-05 21:22:32 +08:00: \n📊 Total sessions in contract: 2
2026-02-05 21:22:33 +08:00: 🦞 Active nodes: 20 | Shards per cycle: 4
2026-02-05 21:22:33 +08:00: 📋 Active sessions: 2
2026-02-05 21:22:33 +08:00: \n🚀 Processing 2 sessions in 1 batches
2026-02-05 21:22:44 +08:00: \n📊 Total sessions in contract: 2
2026-02-05 21:22:44 +08:00: 🦞 Active nodes: 20 | Shards per cycle: 4
2026-02-05 21:22:45 +08:00: 📋 Active sessions: 2
2026-02-05 21:22:45 +08:00: \n🚀 Processing 2 sessions in 1 batches
2026-02-05 21:22:56 +08:00: \n📊 Total sessions in contract: 2
2026-02-05 21:22:56 +08:00: 🦞 Active nodes: 20 | Shards per cycle: 4
2026-02-05 21:22:57 +08:00: 📋 Active sessions: 2
2026-02-05 21:22:57 +08:00: \n🚀 Processing 2 sessions in 1 batches
2026-02-05 21:23:08 +08:00: \n📊 Total sessions in contract: 2
2026-02-05 21:23:08 +08:00: 🦞 Active nodes: 20 | Shards per cycle: 4
2026-02-05 21:23:09 +08:00: 📋 Active sessions: 2
2026-02-05 21:23:09 +08:00: \n🚀 Processing 2 sessions in 1 batches
2026-02-05 21:23:19 +08:00: \n📊 Total sessions in contract: 2
2026-02-05 21:23:20 +08:00: 🦞 Active nodes: 20 | Shards per cycle: 4
2026-02-05 21:23:20 +08:00: 📋 Active sessions: 2
2026-02-05 21:23:20 +08:00: \n🚀 Processing 2 sessions in 1 batches
2026-02-05 21:23:31 +08:00: \n📊 Total sessions in contract: 2
2026-02-05 21:23:31 +08:00: 🦞 Active nodes: 20 | Shards per cycle: 4
2026-02-05 21:23:32 +08:00: 📋 Active sessions: 2
2026-02-05 21:23:32 +08:00: \n🚀 Processing 2 sessions in 1 batches
2026-02-05 21:23:43 +08:00: \n📊 Total sessions in contract: 2
2026-02-05 21:23:43 +08:00: 🦞 Active nodes: 20 | Shards per cycle: 4
2026-02-05 21:23:44 +08:00: 📋 Active sessions: 2
2026-02-05 21:23:44 +08:00: \n🚀 Processing 2 sessions in 1 batches
2026-02-05 21:23:54 +08:00: \n📊 Total sessions in contract: 2
2026-02-05 21:23:55 +08:00: 🦞 Active nodes: 20 | Shards per cycle: 4
2026-02-05 21:23:55 +08:00: 📋 Active sessions: 2
2026-02-05 21:23:55 +08:00: \n🚀 Processing 2 sessions in 1 batches
2026-02-05 21:24:06 +08:00: \n📊 Total sessions in contract: 2
2026-02-05 21:24:07 +08:00: 🦞 Active nodes: 20 | Shards per cycle: 4
2026-02-05 21:24:07 +08:00: 📋 Active sessions: 2
2026-02-05 21:24:07 +08:00: \n🚀 Processing 2 sessions in 1 batches
2026-02-05 21:27:53 +08:00: 🦞 Lobster Mixer Multi-Threaded Orchestrator Starting...
2026-02-05 21:27:53 +08:00: 📋 Contract: 0x7dEf3A7F87fbAf3694BA023133448ff850fb228D
2026-02-05 21:27:53 +08:00: 💼 Operator: 0x93DF27665990aB68e9fc5CB7B7b6602F6757d3fA
2026-02-05 21:27:53 +08:00: 📊 Health server running on :3000
2026-02-05 21:27:53 +08:00: 💰 Operator balance: 464.737369987166444108 POL
2026-02-05 21:27:54 +08:00: 🔢 Nonce initialized: 2267
2026-02-05 21:27:54 +08:00: \n🔄 Starting batch orchestrator (40 sessions/batch, 3 concurrent batches)...\n
2026-02-05 21:27:54 +08:00: \n📊 Total sessions in contract: 0
2026-02-05 21:27:54 +08:00: 💤 No active sessions, waiting...
2026-02-05 21:28:04 +08:00: \n📊 Total sessions in contract: 0
2026-02-05 21:28:05 +08:00: 💤 No active sessions, waiting...
2026-02-05 21:28:15 +08:00: \n📊 Total sessions in contract: 0
2026-02-05 21:28:15 +08:00: 💤 No active sessions, waiting...
2026-02-05 21:28:25 +08:00: \n📊 Total sessions in contract: 0
2026-02-05 21:28:26 +08:00: 💤 No active sessions, waiting...
2026-02-05 21:28:36 +08:00: \n📊 Total sessions in contract: 0
2026-02-05 21:28:36 +08:00: 💤 No active sessions, waiting...
2026-02-05 21:28:47 +08:00: \n📊 Total sessions in contract: 0
2026-02-05 21:28:47 +08:00: 💤 No active sessions, waiting...
2026-02-05 21:28:57 +08:00: \n📊 Total sessions in contract: 0
2026-02-05 21:28:57 +08:00: 💤 No active sessions, waiting...
2026-02-05 21:29:08 +08:00: \n📊 Total sessions in contract: 0
2026-02-05 21:29:08 +08:00: 💤 No active sessions, waiting...
2026-02-05 21:29:18 +08:00: \n📊 Total sessions in contract: 0
2026-02-05 21:29:18 +08:00: 💤 No active sessions, waiting...
2026-02-05 21:29:29 +08:00: \n📊 Total sessions in contract: 0
2026-02-05 21:29:29 +08:00: 💤 No active sessions, waiting...
2026-02-05 21:29:39 +08:00: \n📊 Total sessions in contract: 0
2026-02-05 21:29:40 +08:00: 💤 No active sessions, waiting...
2026-02-05 21:29:50 +08:00: \n📊 Total sessions in contract: 0
2026-02-05 21:29:50 +08:00: 💤 No active sessions, waiting...
2026-02-05 21:30:01 +08:00: \n📊 Total sessions in contract: 0
2026-02-05 21:30:01 +08:00: 💤 No active sessions, waiting...
2026-02-05 21:30:11 +08:00: \n📊 Total sessions in contract: 0
2026-02-05 21:30:11 +08:00: 💤 No active sessions, waiting...
2026-02-05 21:30:22 +08:00: \n📊 Total sessions in contract: 0
2026-02-05 21:30:22 +08:00: 💤 No active sessions, waiting...
2026-02-05 21:30:32 +08:00: \n📊 Total sessions in contract: 0
2026-02-05 21:30:32 +08:00: 💤 No active sessions, waiting...
2026-02-05 21:30:43 +08:00: \n📊 Total sessions in contract: 0
2026-02-05 21:30:43 +08:00: 💤 No active sessions, waiting...
2026-02-05 21:30:53 +08:00: \n📊 Total sessions in contract: 0
2026-02-05 21:30:54 +08:00: 💤 No active sessions, waiting...
2026-02-05 21:31:04 +08:00: \n📊 Total sessions in contract: 0
2026-02-05 21:31:04 +08:00: 💤 No active sessions, waiting...
2026-02-05 21:31:12 +08:00: 🦞 Lobster Mixer Multi-Threaded Orchestrator Starting...
2026-02-05 21:31:12 +08:00: 📋 Contract: 0x7dEf3A7F87fbAf3694BA023133448ff850fb228D
2026-02-05 21:31:12 +08:00: 💼 Operator: 0x93DF27665990aB68e9fc5CB7B7b6602F6757d3fA
2026-02-05 21:31:12 +08:00: 📊 Health server running on :3000
2026-02-05 21:31:12 +08:00: 💰 Operator balance: 464.608420820970320981 POL
2026-02-05 21:31:12 +08:00: 🔢 Nonce initialized: 2289
2026-02-05 21:31:12 +08:00: \n🔄 Starting batch orchestrator (40 sessions/batch, 3 concurrent batches)...\n
2026-02-05 21:31:12 +08:00: \n📊 Total sessions in contract: 0
2026-02-05 21:31:13 +08:00: 🦞 Active nodes: 20
2026-02-05 21:31:13 +08:00: 📋 Active sessions: 0
2026-02-05 21:31:13 +08:00: 💤 No active sessions, waiting...
2026-02-05 21:31:23 +08:00: \n📊 Total sessions in contract: 0
2026-02-05 21:31:23 +08:00: 🦞 Active nodes: 20
2026-02-05 21:31:23 +08:00: 📋 Active sessions: 0
2026-02-05 21:31:23 +08:00: 💤 No active sessions, waiting...
2026-02-05 21:31:34 +08:00: \n📊 Total sessions in contract: 0
2026-02-05 21:31:34 +08:00: 🦞 Active nodes: 20
2026-02-05 21:31:34 +08:00: 📋 Active sessions: 0
2026-02-05 21:31:34 +08:00: 💤 No active sessions, waiting...
2026-02-05 21:31:44 +08:00: \n📊 Total sessions in contract: 0
2026-02-05 21:31:44 +08:00: 🦞 Active nodes: 20
2026-02-05 21:31:44 +08:00: 📋 Active sessions: 0
2026-02-05 21:31:44 +08:00: 💤 No active sessions, waiting...
2026-02-05 21:31:55 +08:00: \n📊 Total sessions in contract: 0
2026-02-05 21:31:55 +08:00: 🦞 Active nodes: 20
2026-02-05 21:31:55 +08:00: 📋 Active sessions: 0
2026-02-05 21:31:55 +08:00: 💤 No active sessions, waiting...
2026-02-05 21:32:05 +08:00: \n📊 Total sessions in contract: 0
2026-02-05 21:32:05 +08:00: 🦞 Active nodes: 20
2026-02-05 21:32:05 +08:00: 📋 Active sessions: 0
2026-02-05 21:32:05 +08:00: 💤 No active sessions, waiting...
2026-02-05 21:32:16 +08:00: \n📊 Total sessions in contract: 0
2026-02-05 21:32:16 +08:00: 🦞 Active nodes: 20
2026-02-05 21:32:16 +08:00: 📋 Active sessions: 0
2026-02-05 21:32:16 +08:00: 💤 No active sessions, waiting...
2026-02-05 21:32:26 +08:00: \n📊 Total sessions in contract: 0
2026-02-05 21:32:27 +08:00: 🦞 Active nodes: 20
2026-02-05 21:32:27 +08:00: 📋 Active sessions: 0
2026-02-05 21:32:27 +08:00: 💤 No active sessions, waiting...
2026-02-05 21:32:37 +08:00: \n📊 Total sessions in contract: 0
2026-02-05 21:32:37 +08:00: 🦞 Active nodes: 20
2026-02-05 21:32:37 +08:00: 📋 Active sessions: 0
2026-02-05 21:32:37 +08:00: 💤 No active sessions, waiting...
2026-02-05 21:32:48 +08:00: \n📊 Total sessions in contract: 0
2026-02-05 21:32:48 +08:00: 🦞 Active nodes: 20
2026-02-05 21:32:48 +08:00: 📋 Active sessions: 0
2026-02-05 21:32:48 +08:00: 💤 No active sessions, waiting...
2026-02-05 21:32:58 +08:00: \n📊 Total sessions in contract: 0
2026-02-05 21:32:58 +08:00: 🦞 Active nodes: 20
2026-02-05 21:32:58 +08:00: 📋 Active sessions: 0
2026-02-05 21:32:58 +08:00: 💤 No active sessions, waiting...
2026-02-05 21:33:09 +08:00: \n📊 Total sessions in contract: 0
2026-02-05 21:33:09 +08:00: 🦞 Active nodes: 20
2026-02-05 21:33:09 +08:00: 📋 Active sessions: 0
2026-02-05 21:33:09 +08:00: 💤 No active sessions, waiting...
2026-02-05 21:33:19 +08:00: \n📊 Total sessions in contract: 0
2026-02-05 21:33:19 +08:00: 🦞 Active nodes: 20
2026-02-05 21:33:19 +08:00: 📋 Active sessions: 0
2026-02-05 21:33:19 +08:00: 💤 No active sessions, waiting...
2026-02-05 21:33:30 +08:00: \n📊 Total sessions in contract: 0
2026-02-05 21:33:30 +08:00: 🦞 Active nodes: 20
2026-02-05 21:33:30 +08:00: 📋 Active sessions: 0
2026-02-05 21:33:30 +08:00: 💤 No active sessions, waiting...
2026-02-05 21:33:40 +08:00: \n📊 Total sessions in contract: 0
2026-02-05 21:33:41 +08:00: 🦞 Active nodes: 20
2026-02-05 21:33:41 +08:00: 📋 Active sessions: 0
2026-02-05 21:33:41 +08:00: 💤 No active sessions, waiting...
2026-02-05 21:33:51 +08:00: \n📊 Total sessions in contract: 0
2026-02-05 21:33:51 +08:00: 🦞 Active nodes: 20
2026-02-05 21:33:51 +08:00: 📋 Active sessions: 0
2026-02-05 21:33:51 +08:00: 💤 No active sessions, waiting...
2026-02-05 21:34:01 +08:00: \n📊 Total sessions in contract: 0
2026-02-05 21:34:02 +08:00: 🦞 Active nodes: 20
2026-02-05 21:34:02 +08:00: 📋 Active sessions: 0
2026-02-05 21:34:02 +08:00: 💤 No active sessions, waiting...
2026-02-05 21:34:12 +08:00: \n📊 Total sessions in contract: 0
2026-02-05 21:34:12 +08:00: 🦞 Active nodes: 20
2026-02-05 21:34:12 +08:00: 📋 Active sessions: 0
2026-02-05 21:34:12 +08:00: 💤 No active sessions, waiting...
2026-02-05 21:34:23 +08:00: \n📊 Total sessions in contract: 0
2026-02-05 21:34:23 +08:00: 🦞 Active nodes: 20
2026-02-05 21:34:23 +08:00: 📋 Active sessions: 0
2026-02-05 21:34:23 +08:00: 💤 No active sessions, waiting...
2026-02-05 21:34:33 +08:00: \n📊 Total sessions in contract: 0
2026-02-05 21:34:33 +08:00: 🦞 Active nodes: 20
2026-02-05 21:34:33 +08:00: 📋 Active sessions: 0
2026-02-05 21:34:33 +08:00: 💤 No active sessions, waiting...
2026-02-05 21:34:44 +08:00: \n📊 Total sessions in contract: 0
2026-02-05 21:34:44 +08:00: 🦞 Active nodes: 20
2026-02-05 21:34:44 +08:00: 📋 Active sessions: 0
2026-02-05 21:34:44 +08:00: 💤 No active sessions, waiting...
2026-02-05 21:34:54 +08:00: \n📊 Total sessions in contract: 0
2026-02-05 21:34:54 +08:00: 🦞 Active nodes: 20
2026-02-05 21:34:54 +08:00: 📋 Active sessions: 0
2026-02-05 21:34:54 +08:00: 💤 No active sessions, waiting...
2026-02-05 21:35:05 +08:00: \n📊 Total sessions in contract: 0
2026-02-05 21:35:05 +08:00: 🦞 Active nodes: 20
2026-02-05 21:35:05 +08:00: 📋 Active sessions: 0
2026-02-05 21:35:05 +08:00: 💤 No active sessions, waiting...
2026-02-05 21:35:15 +08:00: \n📊 Total sessions in contract: 0
2026-02-05 21:35:16 +08:00: 🦞 Active nodes: 20
2026-02-05 21:35:16 +08:00: 📋 Active sessions: 0
2026-02-05 21:35:16 +08:00: 💤 No active sessions, waiting...
2026-02-05 21:35:26 +08:00: \n📊 Total sessions in contract: 0
2026-02-05 21:35:26 +08:00: 🦞 Active nodes: 20
2026-02-05 21:35:26 +08:00: 📋 Active sessions: 0
2026-02-05 21:35:26 +08:00: 💤 No active sessions, waiting...
2026-02-05 21:35:36 +08:00: \n📊 Total sessions in contract: 0
2026-02-05 21:35:37 +08:00: 🦞 Active nodes: 20
2026-02-05 21:35:37 +08:00: 📋 Active sessions: 0
2026-02-05 21:35:37 +08:00: 💤 No active sessions, waiting...
2026-02-05 21:35:47 +08:00: \n📊 Total sessions in contract: 0
2026-02-05 21:35:47 +08:00: 🦞 Active nodes: 20
2026-02-05 21:35:47 +08:00: 📋 Active sessions: 0
2026-02-05 21:35:47 +08:00: 💤 No active sessions, waiting...
2026-02-05 21:35:58 +08:00: \n📊 Total sessions in contract: 0
2026-02-05 21:35:58 +08:00: 🦞 Active nodes: 20
2026-02-05 21:35:58 +08:00: 📋 Active sessions: 0
2026-02-05 21:35:58 +08:00: 💤 No active sessions, waiting...
2026-02-05 21:36:08 +08:00: \n📊 Total sessions in contract: 0
2026-02-05 21:36:08 +08:00: 🦞 Active nodes: 20
2026-02-05 21:36:08 +08:00: 📋 Active sessions: 0
2026-02-05 21:36:08 +08:00: 💤 No active sessions, waiting...
2026-02-05 21:36:19 +08:00: \n📊 Total sessions in contract: 0
2026-02-05 21:36:19 +08:00: 🦞 Active nodes: 20
2026-02-05 21:36:19 +08:00: 📋 Active sessions: 0
2026-02-05 21:36:19 +08:00: 💤 No active sessions, waiting...
2026-02-05 21:36:29 +08:00: \n📊 Total sessions in contract: 0
2026-02-05 21:36:29 +08:00: 🦞 Active nodes: 20
2026-02-05 21:36:29 +08:00: 📋 Active sessions: 0
2026-02-05 21:36:29 +08:00: 💤 No active sessions, waiting...
2026-02-05 21:36:40 +08:00: \n📊 Total sessions in contract: 0
2026-02-05 21:36:40 +08:00: 🦞 Active nodes: 20
2026-02-05 21:36:40 +08:00: 📋 Active sessions: 0
2026-02-05 21:36:40 +08:00: 💤 No active sessions, waiting...
2026-02-05 21:36:50 +08:00: \n📊 Total sessions in contract: 0
2026-02-05 21:36:51 +08:00: 🦞 Active nodes: 20
2026-02-05 21:36:51 +08:00: 📋 Active sessions: 0
2026-02-05 21:36:51 +08:00: 💤 No active sessions, waiting...
2026-02-05 21:37:01 +08:00: \n📊 Total sessions in contract: 0
2026-02-05 21:37:01 +08:00: 🦞 Active nodes: 20
2026-02-05 21:37:01 +08:00: 📋 Active sessions: 0
2026-02-05 21:37:01 +08:00: 💤 No active sessions, waiting...
2026-02-05 21:37:11 +08:00: \n📊 Total sessions in contract: 0
2026-02-05 21:37:12 +08:00: 🦞 Active nodes: 20
2026-02-05 21:37:12 +08:00: 📋 Active sessions: 0
2026-02-05 21:37:12 +08:00: 💤 No active sessions, waiting...
2026-02-05 21:37:22 +08:00: \n📊 Total sessions in contract: 0
2026-02-05 21:37:22 +08:00: 🦞 Active nodes: 20
2026-02-05 21:37:22 +08:00: 📋 Active sessions: 0
2026-02-05 21:37:22 +08:00: 💤 No active sessions, waiting...
2026-02-05 21:37:33 +08:00: \n📊 Total sessions in contract: 0
2026-02-05 21:37:33 +08:00: 🦞 Active nodes: 20
2026-02-05 21:37:33 +08:00: 📋 Active sessions: 0
2026-02-05 21:37:33 +08:00: 💤 No active sessions, waiting...
2026-02-05 21:37:43 +08:00: \n📊 Total sessions in contract: 0
2026-02-05 21:37:44 +08:00: 🦞 Active nodes: 20
2026-02-05 21:37:44 +08:00: 📋 Active sessions: 0
2026-02-05 21:37:44 +08:00: 💤 No active sessions, waiting...
2026-02-05 21:37:54 +08:00: \n📊 Total sessions in contract: 0
2026-02-05 21:37:54 +08:00: 🦞 Active nodes: 20
2026-02-05 21:37:54 +08:00: 📋 Active sessions: 0
2026-02-05 21:37:54 +08:00: 💤 No active sessions, waiting...
2026-02-05 21:38:04 +08:00: \n📊 Total sessions in contract: 0
2026-02-05 21:38:05 +08:00: 🦞 Active nodes: 20
2026-02-05 21:38:05 +08:00: 📋 Active sessions: 0
2026-02-05 21:38:05 +08:00: 💤 No active sessions, waiting...
2026-02-05 21:38:15 +08:00: \n📊 Total sessions in contract: 0
2026-02-05 21:38:15 +08:00: 🦞 Active nodes: 20
2026-02-05 21:38:15 +08:00: 📋 Active sessions: 0
2026-02-05 21:38:15 +08:00: 💤 No active sessions, waiting...
2026-02-05 21:38:26 +08:00: \n📊 Total sessions in contract: 0
2026-02-05 21:38:26 +08:00: 🦞 Active nodes: 20
2026-02-05 21:38:26 +08:00: 📋 Active sessions: 0
2026-02-05 21:38:26 +08:00: 💤 No active sessions, waiting...
2026-02-05 21:38:36 +08:00: \n📊 Total sessions in contract: 0
2026-02-05 21:38:36 +08:00: 🦞 Active nodes: 20
2026-02-05 21:38:36 +08:00: 📋 Active sessions: 0
2026-02-05 21:38:36 +08:00: 💤 No active sessions, waiting...
2026-02-05 21:38:47 +08:00: \n📊 Total sessions in contract: 0
2026-02-05 21:38:47 +08:00: 🦞 Active nodes: 20
2026-02-05 21:38:47 +08:00: 📋 Active sessions: 0
2026-02-05 21:38:47 +08:00: 💤 No active sessions, waiting...
2026-02-05 21:38:57 +08:00: \n📊 Total sessions in contract: 0
2026-02-05 21:38:57 +08:00: 🦞 Active nodes: 20
2026-02-05 21:38:57 +08:00: 📋 Active sessions: 0
2026-02-05 21:38:57 +08:00: 💤 No active sessions, waiting...
2026-02-05 21:39:08 +08:00: \n📊 Total sessions in contract: 0
2026-02-05 21:39:08 +08:00: 🦞 Active nodes: 20
2026-02-05 21:39:08 +08:00: 📋 Active sessions: 0
2026-02-05 21:39:08 +08:00: 💤 No active sessions, waiting...
2026-02-05 21:39:18 +08:00: \n📊 Total sessions in contract: 0
2026-02-05 21:39:19 +08:00: 🦞 Active nodes: 20
2026-02-05 21:39:19 +08:00: 📋 Active sessions: 0
2026-02-05 21:39:19 +08:00: 💤 No active sessions, waiting...
2026-02-05 21:39:29 +08:00: \n📊 Total sessions in contract: 0
2026-02-05 21:39:29 +08:00: 🦞 Active nodes: 20
2026-02-05 21:39:29 +08:00: 📋 Active sessions: 0
2026-02-05 21:39:29 +08:00: 💤 No active sessions, waiting...
2026-02-05 21:39:39 +08:00: \n📊 Total sessions in contract: 0
2026-02-05 21:39:40 +08:00: 🦞 Active nodes: 20
2026-02-05 21:39:40 +08:00: 📋 Active sessions: 0
2026-02-05 21:39:40 +08:00: 💤 No active sessions, waiting...
2026-02-05 21:39:50 +08:00: \n📊 Total sessions in contract: 0
2026-02-05 21:39:50 +08:00: 🦞 Active nodes: 20
2026-02-05 21:39:50 +08:00: 📋 Active sessions: 0
2026-02-05 21:39:50 +08:00: 💤 No active sessions, waiting...
2026-02-05 21:40:01 +08:00: \n📊 Total sessions in contract: 0
2026-02-05 21:40:01 +08:00: 🦞 Active nodes: 20
2026-02-05 21:40:01 +08:00: 📋 Active sessions: 0
2026-02-05 21:40:01 +08:00: 💤 No active sessions, waiting...
2026-02-05 21:40:11 +08:00: \n📊 Total sessions in contract: 0
2026-02-05 21:40:11 +08:00: 🦞 Active nodes: 20
2026-02-05 21:40:11 +08:00: 📋 Active sessions: 0
2026-02-05 21:40:11 +08:00: 💤 No active sessions, waiting...
2026-02-05 21:40:15 +08:00: 🦞 Lobster Mixer Multi-Threaded Orchestrator Starting...
2026-02-05 21:40:15 +08:00: 📋 Contract: 0x70Da0050Ac783967cB21e4b53311B4060279a76B
2026-02-05 21:40:15 +08:00: 💼 Operator: 0x93DF27665990aB68e9fc5CB7B7b6602F6757d3fA
2026-02-05 21:40:15 +08:00: 📊 Health server running on :3000
2026-02-05 21:40:16 +08:00: 💰 Operator balance: 464.397939104375753282 POL
2026-02-05 21:40:16 +08:00: 🔢 Nonce initialized: 2295
2026-02-05 21:40:16 +08:00: \n🔄 Starting batch orchestrator (40 sessions/batch, 3 concurrent batches)...\n
2026-02-05 21:40:16 +08:00: \n📊 Total sessions in contract: 5
2026-02-05 21:40:17 +08:00: 🦞 Active nodes: 20
2026-02-05 21:40:17 +08:00: 🔍 Found active session 3: 1.0 USDC (10 shards)
2026-02-05 21:40:18 +08:00: 🔍 Found active session 4: 2.0 USDC (20 shards)
2026-02-05 21:40:18 +08:00: 🔍 Found active session 5: 3.0 USDC (30 shards)
2026-02-05 21:40:18 +08:00: 📋 Active sessions: 3
2026-02-05 21:40:18 +08:00: \n🚀 Processing 3 sessions in 1 batches
2026-02-05 21:40:19 +08:00: 
📦 Batch 8144803: Pulsing 3 sessions [USDC] (Mixer→A) [nonce: 2295]
2026-02-05 21:40:20 +08:00: 📤 Tx sent: 0xdc5bf27e569d78971e75e94095a06d38bf132809be33b592738306828595fc74
2026-02-05 21:40:25 +08:00: ✅ Batch confirmed in block 33331711! Gas: 347307
2026-02-05 21:40:36 +08:00: \n📊 Total sessions in contract: 5
2026-02-05 21:40:36 +08:00: 🦞 Active nodes: 20
2026-02-05 21:40:37 +08:00: 📋 Active sessions: 3
2026-02-05 21:40:37 +08:00: \n🚀 Processing 3 sessions in 1 batches
2026-02-05 21:40:48 +08:00: \n📊 Total sessions in contract: 5
2026-02-05 21:40:48 +08:00: 🦞 Active nodes: 20
2026-02-05 21:40:49 +08:00: 📋 Active sessions: 3
2026-02-05 21:40:49 +08:00: \n🚀 Processing 3 sessions in 1 batches
2026-02-05 21:41:00 +08:00: \n📊 Total sessions in contract: 5
2026-02-05 21:41:01 +08:00: 🦞 Active nodes: 20
2026-02-05 21:41:02 +08:00: 📋 Active sessions: 3
2026-02-05 21:41:02 +08:00: \n🚀 Processing 3 sessions in 1 batches
2026-02-05 21:41:03 +08:00: 
📦 Batch 6581588: Pulsing 3 sessions [USDC] (A→B) [nonce: 2296]
2026-02-05 21:41:04 +08:00: 📤 Tx sent: 0x460c2cbb738dfd00b03e3afe393237ccaa218bb8f260d1dc977ea6a976f74616
2026-02-05 21:41:09 +08:00: ✅ Batch confirmed in block 33331733! Gas: 406157
2026-02-05 21:41:19 +08:00: \n📊 Total sessions in contract: 5
2026-02-05 21:41:19 +08:00: 🦞 Active nodes: 20
2026-02-05 21:41:20 +08:00: 📋 Active sessions: 3
2026-02-05 21:41:20 +08:00: \n🚀 Processing 3 sessions in 1 batches
2026-02-05 21:41:31 +08:00: \n📊 Total sessions in contract: 5
2026-02-05 21:41:32 +08:00: 🦞 Active nodes: 20
2026-02-05 21:41:33 +08:00: 📋 Active sessions: 3
2026-02-05 21:41:33 +08:00: \n🚀 Processing 3 sessions in 1 batches
2026-02-05 21:41:44 +08:00: \n📊 Total sessions in contract: 5
2026-02-05 21:41:44 +08:00: 🦞 Active nodes: 20
2026-02-05 21:41:45 +08:00: 📋 Active sessions: 3
2026-02-05 21:41:45 +08:00: \n🚀 Processing 3 sessions in 1 batches
2026-02-05 21:41:46 +08:00: 
📦 Batch 1968635: Pulsing 3 sessions [USDC] (B→C) [nonce: 2297]
2026-02-05 21:41:47 +08:00: 📤 Tx sent: 0xa4d282a33c657eb77948e3ea06c184cd4d24fb3d7a0d0130118343369234fe28
2026-02-05 21:41:52 +08:00: ✅ Batch confirmed in block 33331755! Gas: 395745
2026-02-05 21:42:02 +08:00: \n📊 Total sessions in contract: 5
2026-02-05 21:42:02 +08:00: 🦞 Active nodes: 20
2026-02-05 21:42:04 +08:00: 📋 Active sessions: 3
2026-02-05 21:42:04 +08:00: \n🚀 Processing 3 sessions in 1 batches
2026-02-05 21:42:15 +08:00: \n📊 Total sessions in contract: 5
2026-02-05 21:42:15 +08:00: 🦞 Active nodes: 20
2026-02-05 21:42:16 +08:00: 📋 Active sessions: 3
2026-02-05 21:42:16 +08:00: \n🚀 Processing 3 sessions in 1 batches
2026-02-05 21:42:27 +08:00: \n📊 Total sessions in contract: 5
2026-02-05 21:42:28 +08:00: 🦞 Active nodes: 20
2026-02-05 21:42:29 +08:00: 📋 Active sessions: 3
2026-02-05 21:42:29 +08:00: \n🚀 Processing 3 sessions in 1 batches
2026-02-05 21:42:30 +08:00: 
📦 Batch 1138483: Pulsing 3 sessions [USDC] (C→D) [nonce: 2298]
2026-02-05 21:42:31 +08:00: 📤 Tx sent: 0xfe63c384a30624c060fa5828d1d4d9fd98b28b07f6a0760ac6ee094683d33ff3
2026-02-05 21:42:36 +08:00: ✅ Batch confirmed in block 33331777! Gas: 418585
2026-02-05 21:42:46 +08:00: \n📊 Total sessions in contract: 5
2026-02-05 21:42:46 +08:00: 🦞 Active nodes: 20
2026-02-05 21:42:47 +08:00: 📋 Active sessions: 3
2026-02-05 21:42:47 +08:00: \n🚀 Processing 3 sessions in 1 batches
2026-02-05 21:42:58 +08:00: \n📊 Total sessions in contract: 5
2026-02-05 21:42:59 +08:00: 🦞 Active nodes: 20
2026-02-05 21:43:00 +08:00: 📋 Active sessions: 3
2026-02-05 21:43:00 +08:00: \n🚀 Processing 3 sessions in 1 batches
2026-02-05 21:43:11 +08:00: \n📊 Total sessions in contract: 5
2026-02-05 21:43:11 +08:00: 🦞 Active nodes: 20
2026-02-05 21:43:12 +08:00: 📋 Active sessions: 3
2026-02-05 21:43:12 +08:00: \n🚀 Processing 3 sessions in 1 batches
2026-02-05 21:43:13 +08:00: 
📦 Batch 2046666: Pulsing 3 sessions [USDC] (D→E) [nonce: 2299]
2026-02-05 21:43:14 +08:00: 📤 Tx sent: 0x2f1cd35225d2d1e90075524b0149d0ce83c274b95e74f75183d1734f0661e427
2026-02-05 21:43:19 +08:00: ✅ Batch confirmed in block 33331798! Gas: 415854
2026-02-05 21:43:29 +08:00: \n📊 Total sessions in contract: 5
2026-02-05 21:43:29 +08:00: 🦞 Active nodes: 20
2026-02-05 21:43:31 +08:00: 📋 Active sessions: 3
2026-02-05 21:43:31 +08:00: \n🚀 Processing 3 sessions in 1 batches
2026-02-05 21:43:42 +08:00: \n📊 Total sessions in contract: 5
2026-02-05 21:43:42 +08:00: 🦞 Active nodes: 20
2026-02-05 21:43:43 +08:00: 📋 Active sessions: 3
2026-02-05 21:43:43 +08:00: \n🚀 Processing 3 sessions in 1 batches
2026-02-05 21:43:54 +08:00: \n📊 Total sessions in contract: 5
2026-02-05 21:43:54 +08:00: 🦞 Active nodes: 20
2026-02-05 21:43:55 +08:00: 📋 Active sessions: 3
2026-02-05 21:43:55 +08:00: \n🚀 Processing 3 sessions in 1 batches
2026-02-05 21:43:56 +08:00: 
📦 Batch 4773458: Pulsing 3 sessions [USDC] (E→Recipient) [nonce: 2300]
2026-02-05 21:43:57 +08:00: 📤 Tx sent: 0xb0c2a6306478ec076d57cada3af6ac24ee0c7219dd869f0f829be95bc5ec1ac4
2026-02-05 21:44:02 +08:00: ✅ Batch confirmed in block 33331820! Gas: 405421
2026-02-05 21:44:12 +08:00: \n📊 Total sessions in contract: 5
2026-02-05 21:44:13 +08:00: 🦞 Active nodes: 20
2026-02-05 21:44:14 +08:00: 📋 Active sessions: 3
2026-02-05 21:44:14 +08:00: \n🚀 Processing 3 sessions in 1 batches
2026-02-05 21:44:25 +08:00: \n📊 Total sessions in contract: 5
2026-02-05 21:44:25 +08:00: 🦞 Active nodes: 20
2026-02-05 21:44:26 +08:00: 📋 Active sessions: 3
2026-02-05 21:44:26 +08:00: \n🚀 Processing 3 sessions in 1 batches
2026-02-05 21:44:37 +08:00: \n📊 Total sessions in contract: 5
2026-02-05 21:44:37 +08:00: 🦞 Active nodes: 20
2026-02-05 21:44:39 +08:00: 📋 Active sessions: 3
2026-02-05 21:44:39 +08:00: \n🚀 Processing 3 sessions in 1 batches
2026-02-05 21:44:40 +08:00: 
📦 Batch 7554446: Pulsing 3 sessions [USDC] (Wave Complete) [nonce: 2301]
2026-02-05 21:44:41 +08:00: 📤 Tx sent: 0xc51ba22cb3a5d9ecdb00f1d773ec7535ed4d6c2b812239ccc03dd198ad30e92f
2026-02-05 21:44:45 +08:00: ✅ Batch confirmed in block 33331841! Gas: 106610
2026-02-05 21:44:56 +08:00: \n📊 Total sessions in contract: 5
2026-02-05 21:44:56 +08:00: 🦞 Active nodes: 20
2026-02-05 21:44:57 +08:00: 📋 Active sessions: 3
2026-02-05 21:44:57 +08:00: \n🚀 Processing 3 sessions in 1 batches
2026-02-05 21:45:08 +08:00: \n📊 Total sessions in contract: 5
2026-02-05 21:45:08 +08:00: 🦞 Active nodes: 20
2026-02-05 21:45:10 +08:00: 📋 Active sessions: 3
2026-02-05 21:45:10 +08:00: \n🚀 Processing 3 sessions in 1 batches
2026-02-05 21:45:21 +08:00: \n📊 Total sessions in contract: 5
2026-02-05 21:45:21 +08:00: 🦞 Active nodes: 20
2026-02-05 21:45:22 +08:00: 📋 Active sessions: 3
2026-02-05 21:45:22 +08:00: \n🚀 Processing 3 sessions in 1 batches
2026-02-05 21:45:23 +08:00: 
📦 Batch 1687968: Pulsing 3 sessions [USDC] (Mixer→A) [nonce: 2302]
2026-02-05 21:45:24 +08:00: 📤 Tx sent: 0x3be9645816ad924d312e57e5c082e94826e41d9af5b3b1be544fa45836741a7d
2026-02-05 21:45:29 +08:00: ✅ Batch confirmed in block 33331863! Gas: 347307
2026-02-05 21:45:39 +08:00: \n📊 Total sessions in contract: 5
2026-02-05 21:45:39 +08:00: 🦞 Active nodes: 20
2026-02-05 21:45:40 +08:00: 📋 Active sessions: 3
2026-02-05 21:45:40 +08:00: \n🚀 Processing 3 sessions in 1 batches
2026-02-05 21:45:51 +08:00: \n📊 Total sessions in contract: 5
2026-02-05 21:45:51 +08:00: 🦞 Active nodes: 20
2026-02-05 21:45:53 +08:00: 📋 Active sessions: 3
2026-02-05 21:45:53 +08:00: \n🚀 Processing 3 sessions in 1 batches
2026-02-05 21:46:04 +08:00: \n📊 Total sessions in contract: 5
2026-02-05 21:46:04 +08:00: 🦞 Active nodes: 20
2026-02-05 21:46:05 +08:00: 📋 Active sessions: 3
2026-02-05 21:46:05 +08:00: \n🚀 Processing 3 sessions in 1 batches
2026-02-05 21:46:06 +08:00: 
📦 Batch 1099770: Pulsing 3 sessions [USDC] (A→B) [nonce: 2303]
2026-02-05 21:46:07 +08:00: 📤 Tx sent: 0x6afbb6740a52ff9bc9f22b76ac6cf3334a30ab294e27041f3708576d7d5fe14b
2026-02-05 21:46:12 +08:00: ✅ Batch confirmed in block 33331885! Gas: 406157
2026-02-05 21:46:22 +08:00: \n📊 Total sessions in contract: 5
2026-02-05 21:46:22 +08:00: 🦞 Active nodes: 20
2026-02-05 21:46:23 +08:00: 📋 Active sessions: 3
2026-02-05 21:46:23 +08:00: \n🚀 Processing 3 sessions in 1 batches
2026-02-05 21:46:34 +08:00: \n📊 Total sessions in contract: 5
2026-02-05 21:46:35 +08:00: 🦞 Active nodes: 20
2026-02-05 21:46:36 +08:00: 📋 Active sessions: 3
2026-02-05 21:46:36 +08:00: \n🚀 Processing 3 sessions in 1 batches
2026-02-05 21:46:47 +08:00: \n📊 Total sessions in contract: 5
2026-02-05 21:46:47 +08:00: 🦞 Active nodes: 20
2026-02-05 21:46:49 +08:00: 📋 Active sessions: 3
2026-02-05 21:46:49 +08:00: \n🚀 Processing 3 sessions in 1 batches
2026-02-05 21:46:50 +08:00: 
📦 Batch 7332300: Pulsing 3 sessions [USDC] (B→C) [nonce: 2304]
2026-02-05 21:46:50 +08:00: 📤 Tx sent: 0xe5e982de4e6fb7d8a3f7906334dd67cf1813362b3e153e185787f6de35e82174
2026-02-05 21:46:55 +08:00: ✅ Batch confirmed in block 33331906! Gas: 395745
2026-02-05 21:47:06 +08:00: \n📊 Total sessions in contract: 5
2026-02-05 21:47:06 +08:00: 🦞 Active nodes: 20
2026-02-05 21:47:07 +08:00: 📋 Active sessions: 3
2026-02-05 21:47:07 +08:00: \n🚀 Processing 3 sessions in 1 batches
2026-02-05 21:47:18 +08:00: \n📊 Total sessions in contract: 5
2026-02-05 21:47:18 +08:00: 🦞 Active nodes: 20
2026-02-05 21:47:19 +08:00: 📋 Active sessions: 3
2026-02-05 21:47:19 +08:00: \n🚀 Processing 3 sessions in 1 batches
2026-02-05 21:47:31 +08:00: \n📊 Total sessions in contract: 5
2026-02-05 21:47:31 +08:00: 🦞 Active nodes: 20
2026-02-05 21:47:32 +08:00: 📋 Active sessions: 3
2026-02-05 21:47:32 +08:00: \n🚀 Processing 3 sessions in 1 batches
2026-02-05 21:47:33 +08:00: 
📦 Batch 7767289: Pulsing 3 sessions [USDC] (C→D) [nonce: 2305]
2026-02-05 21:47:34 +08:00: 📤 Tx sent: 0x69b46f63ce7d5ae4cb7e09b4b0c3fb32673f758a268d13a30ded84b759d5d049
2026-02-05 21:47:39 +08:00: ✅ Batch confirmed in block 33331928! Gas: 418585
2026-02-05 21:47:49 +08:00: \n📊 Total sessions in contract: 5
2026-02-05 21:47:49 +08:00: 🦞 Active nodes: 20
2026-02-05 21:47:50 +08:00: 📋 Active sessions: 3
2026-02-05 21:47:50 +08:00: \n🚀 Processing 3 sessions in 1 batches
2026-02-05 21:48:01 +08:00: \n📊 Total sessions in contract: 5
2026-02-05 21:48:02 +08:00: 🦞 Active nodes: 20
2026-02-05 21:48:03 +08:00: 📋 Active sessions: 3
2026-02-05 21:48:03 +08:00: \n🚀 Processing 3 sessions in 1 batches
2026-02-05 21:48:14 +08:00: \n📊 Total sessions in contract: 5
2026-02-05 21:48:14 +08:00: 🦞 Active nodes: 20
2026-02-05 21:48:15 +08:00: 📋 Active sessions: 3
2026-02-05 21:48:15 +08:00: \n🚀 Processing 3 sessions in 1 batches
2026-02-05 21:48:16 +08:00: 
📦 Batch 4024929: Pulsing 3 sessions [USDC] (D→E) [nonce: 2306]
2026-02-05 21:48:17 +08:00: 📤 Tx sent: 0x88fdbda553614275dd02d8df966d0307c3403033eefea3b6f8269c9a53f2880b
2026-02-05 21:48:22 +08:00: ✅ Batch confirmed in block 33331950! Gas: 415854
2026-02-05 21:48:32 +08:00: \n📊 Total sessions in contract: 5
2026-02-05 21:48:32 +08:00: 🦞 Active nodes: 20
2026-02-05 21:48:34 +08:00: 📋 Active sessions: 3
2026-02-05 21:48:34 +08:00: \n🚀 Processing 3 sessions in 1 batches
2026-02-05 21:48:45 +08:00: \n📊 Total sessions in contract: 5
2026-02-05 21:48:45 +08:00: 🦞 Active nodes: 20
2026-02-05 21:48:46 +08:00: 📋 Active sessions: 3
2026-02-05 21:48:46 +08:00: \n🚀 Processing 3 sessions in 1 batches
2026-02-05 21:48:57 +08:00: \n📊 Total sessions in contract: 5
2026-02-05 21:48:57 +08:00: 🦞 Active nodes: 20
2026-02-05 21:48:58 +08:00: 📋 Active sessions: 3
2026-02-05 21:48:58 +08:00: \n🚀 Processing 3 sessions in 1 batches
2026-02-05 21:48:59 +08:00: 
📦 Batch 1229417: Pulsing 3 sessions [USDC] (E→Recipient) [nonce: 2307]
2026-02-05 21:49:00 +08:00: 📤 Tx sent: 0x8a68df0d973478c692aa20b198f05dff229e3b2f2147ec1ed7655a58a05d21ec
2026-02-05 21:49:05 +08:00: ✅ Batch confirmed in block 33331971! Gas: 371221
2026-02-05 21:49:15 +08:00: \n📊 Total sessions in contract: 5
2026-02-05 21:49:16 +08:00: 🦞 Active nodes: 20
2026-02-05 21:49:17 +08:00: 📋 Active sessions: 3
2026-02-05 21:49:17 +08:00: \n🚀 Processing 3 sessions in 1 batches
2026-02-05 21:49:28 +08:00: \n📊 Total sessions in contract: 5
2026-02-05 21:49:28 +08:00: 🦞 Active nodes: 20
2026-02-05 21:49:29 +08:00: 📋 Active sessions: 3
2026-02-05 21:49:29 +08:00: \n🚀 Processing 3 sessions in 1 batches
2026-02-05 21:49:40 +08:00: \n📊 Total sessions in contract: 5
2026-02-05 21:49:40 +08:00: 🦞 Active nodes: 20
2026-02-05 21:49:42 +08:00: 📋 Active sessions: 3
2026-02-05 21:49:42 +08:00: \n🚀 Processing 3 sessions in 1 batches
2026-02-05 21:49:42 +08:00: 
📦 Batch 9590211: Pulsing 3 sessions [USDC] (Wave Complete) [nonce: 2308]
2026-02-05 21:49:43 +08:00: 📤 Tx sent: 0x89da8ef4364ee7532e179e774e5d09921d10507481b2eb9f3f436cfecce197bc
2026-02-05 21:49:48 +08:00: ✅ Batch confirmed in block 33331993! Gas: 106610
2026-02-05 21:49:59 +08:00: \n📊 Total sessions in contract: 5
2026-02-05 21:49:59 +08:00: 🦞 Active nodes: 20
2026-02-05 21:50:00 +08:00: 📋 Active sessions: 3
2026-02-05 21:50:00 +08:00: \n🚀 Processing 3 sessions in 1 batches
2026-02-05 21:50:11 +08:00: \n📊 Total sessions in contract: 5
2026-02-05 21:50:11 +08:00: 🦞 Active nodes: 20
2026-02-05 21:50:12 +08:00: 📋 Active sessions: 3
2026-02-05 21:50:12 +08:00: \n🚀 Processing 3 sessions in 1 batches
2026-02-05 21:50:23 +08:00: \n📊 Total sessions in contract: 5
2026-02-05 21:50:24 +08:00: 🦞 Active nodes: 20
2026-02-05 21:50:25 +08:00: 📋 Active sessions: 3
2026-02-05 21:50:25 +08:00: \n🚀 Processing 3 sessions in 1 batches
2026-02-05 21:50:26 +08:00: 
📦 Batch 4434509: Pulsing 3 sessions [USDC] (Mixer→A) [nonce: 2309]
2026-02-05 21:50:27 +08:00: 📤 Tx sent: 0x86b58dfd23f2e845a6bb25d0f1f8ecb08ddb7f83e62a112d8a3f269ebbd49e9b
2026-02-05 21:50:32 +08:00: ✅ Batch confirmed in block 33332015! Gas: 329952
2026-02-05 21:50:42 +08:00: \n📊 Total sessions in contract: 5
2026-02-05 21:50:42 +08:00: 🦞 Active nodes: 20
2026-02-05 21:50:43 +08:00: 📋 Active sessions: 3
2026-02-05 21:50:43 +08:00: \n🚀 Processing 3 sessions in 1 batches
2026-02-05 21:50:54 +08:00: \n📊 Total sessions in contract: 5
2026-02-05 21:50:55 +08:00: 🦞 Active nodes: 20
2026-02-05 21:50:56 +08:00: 📋 Active sessions: 3
2026-02-05 21:50:56 +08:00: \n🚀 Processing 3 sessions in 1 batches
2026-02-05 21:51:07 +08:00: \n📊 Total sessions in contract: 5
2026-02-05 21:51:07 +08:00: 🦞 Active nodes: 20
2026-02-05 21:51:08 +08:00: 📋 Active sessions: 3
2026-02-05 21:51:08 +08:00: \n🚀 Processing 3 sessions in 1 batches
2026-02-05 21:51:09 +08:00: 
📦 Batch 8888543: Pulsing 3 sessions [USDC] (A→B) [nonce: 2310]
2026-02-05 21:51:10 +08:00: 📤 Tx sent: 0x20572b968167878b7ad99fd5428489f30648cd0a39686d17966638904d87a36e
2026-02-05 21:51:15 +08:00: ✅ Batch confirmed in block 33332036! Gas: 382354
2026-02-05 21:51:25 +08:00: \n📊 Total sessions in contract: 5
2026-02-05 21:51:26 +08:00: 🦞 Active nodes: 20
2026-02-05 21:51:27 +08:00: 📋 Active sessions: 3
2026-02-05 21:51:27 +08:00: \n🚀 Processing 3 sessions in 1 batches
2026-02-05 21:51:38 +08:00: \n📊 Total sessions in contract: 5
2026-02-05 21:51:38 +08:00: 🦞 Active nodes: 20
2026-02-05 21:51:39 +08:00: 📋 Active sessions: 3
2026-02-05 21:51:39 +08:00: \n🚀 Processing 3 sessions in 1 batches
2026-02-05 21:51:50 +08:00: \n📊 Total sessions in contract: 5
2026-02-05 21:51:50 +08:00: 🦞 Active nodes: 20
2026-02-05 21:51:51 +08:00: 📋 Active sessions: 3
2026-02-05 21:51:51 +08:00: \n🚀 Processing 3 sessions in 1 batches
2026-02-05 21:51:52 +08:00: 
📦 Batch 5924084: Pulsing 3 sessions [USDC] (B→C) [nonce: 2311]
2026-02-05 21:51:53 +08:00: 📤 Tx sent: 0xf67ea2a7bd1bbc0a684ff815567a73e564944cefbc53cb11e93c4e440cebb2af
2026-02-05 21:51:58 +08:00: ✅ Batch confirmed in block 33332058! Gas: 378442
2026-02-05 21:52:09 +08:00: \n📊 Total sessions in contract: 5
2026-02-05 21:52:09 +08:00: 🦞 Active nodes: 20
2026-02-05 21:52:10 +08:00: 📋 Active sessions: 3
2026-02-05 21:52:10 +08:00: \n🚀 Processing 3 sessions in 1 batches
2026-02-05 21:52:21 +08:00: \n📊 Total sessions in contract: 5
2026-02-05 21:52:21 +08:00: 🦞 Active nodes: 20
2026-02-05 21:52:22 +08:00: 📋 Active sessions: 3
2026-02-05 21:52:22 +08:00: \n🚀 Processing 3 sessions in 1 batches
2026-02-05 21:52:33 +08:00: \n📊 Total sessions in contract: 5
2026-02-05 21:52:34 +08:00: 🦞 Active nodes: 20
2026-02-05 21:52:35 +08:00: 📋 Active sessions: 3
2026-02-05 21:52:35 +08:00: \n🚀 Processing 3 sessions in 1 batches
2026-02-05 21:52:36 +08:00: 
📦 Batch 8581163: Pulsing 3 sessions [USDC] (C→D) [nonce: 2312]
2026-02-05 21:52:37 +08:00: 📤 Tx sent: 0xf5f49ff5e13f508062636db831565e3fb3a60492d36e6a47c5552e369410fc0f
2026-02-05 21:52:41 +08:00: ✅ Batch confirmed in block 33332079! Gas: 394782
2026-02-05 21:52:52 +08:00: \n📊 Total sessions in contract: 5
2026-02-05 21:52:52 +08:00: 🦞 Active nodes: 20
2026-02-05 21:52:53 +08:00: 📋 Active sessions: 3
2026-02-05 21:52:53 +08:00: \n🚀 Processing 3 sessions in 1 batches
2026-02-05 21:53:04 +08:00: \n📊 Total sessions in contract: 5
2026-02-05 21:53:04 +08:00: 🦞 Active nodes: 20
2026-02-05 21:53:06 +08:00: 📋 Active sessions: 3
2026-02-05 21:53:06 +08:00: \n🚀 Processing 3 sessions in 1 batches
2026-02-05 21:53:17 +08:00: \n📊 Total sessions in contract: 5
2026-02-05 21:53:17 +08:00: 🦞 Active nodes: 20
2026-02-05 21:53:18 +08:00: 📋 Active sessions: 3
2026-02-05 21:53:18 +08:00: \n🚀 Processing 3 sessions in 1 batches
2026-02-05 21:53:19 +08:00: 
📦 Batch 2740415: Pulsing 3 sessions [USDC] (D→E) [nonce: 2313]
2026-02-05 21:53:20 +08:00: 📤 Tx sent: 0x9496dabf9920f298f204125d4163a185df0a66b0c55c8fc4710dce83a6fe0aba
2026-02-05 21:53:25 +08:00: ✅ Batch confirmed in block 33332101! Gas: 397651
2026-02-05 21:53:35 +08:00: \n📊 Total sessions in contract: 5
2026-02-05 21:53:35 +08:00: 🦞 Active nodes: 20
2026-02-05 21:53:36 +08:00: 📋 Active sessions: 3
2026-02-05 21:53:36 +08:00: \n🚀 Processing 3 sessions in 1 batches
2026-02-05 21:53:47 +08:00: \n📊 Total sessions in contract: 5
2026-02-05 21:53:48 +08:00: 🦞 Active nodes: 20
2026-02-05 21:53:49 +08:00: 📋 Active sessions: 3
2026-02-05 21:53:49 +08:00: \n🚀 Processing 3 sessions in 1 batches
2026-02-05 21:54:00 +08:00: \n📊 Total sessions in contract: 5
2026-02-05 21:54:00 +08:00: 🦞 Active nodes: 20
2026-02-05 21:54:01 +08:00: 📋 Active sessions: 3
2026-02-05 21:54:01 +08:00: \n🚀 Processing 3 sessions in 1 batches
2026-02-05 21:54:02 +08:00: 
📦 Batch 3345195: Pulsing 3 sessions [USDC] (E→Recipient) [nonce: 2314]
2026-02-05 21:54:03 +08:00: 📤 Tx sent: 0xed101985a582e6b703db41966b7785549f7af97e74d1344b88a2fed74c7b5c00
2026-02-05 21:54:08 +08:00: ✅ Batch confirmed in block 33332123! Gas: 338172
2026-02-05 21:54:18 +08:00: \n📊 Total sessions in contract: 5
2026-02-05 21:54:18 +08:00: 🦞 Active nodes: 20
2026-02-05 21:54:19 +08:00: 📋 Active sessions: 3
2026-02-05 21:54:19 +08:00: \n🚀 Processing 3 sessions in 1 batches
2026-02-05 21:54:30 +08:00: \n📊 Total sessions in contract: 5
2026-02-05 21:54:31 +08:00: 🦞 Active nodes: 20
2026-02-05 21:54:32 +08:00: 📋 Active sessions: 3
2026-02-05 21:54:32 +08:00: \n🚀 Processing 3 sessions in 1 batches
2026-02-05 21:54:43 +08:00: \n📊 Total sessions in contract: 5
2026-02-05 21:54:43 +08:00: 🦞 Active nodes: 20
2026-02-05 21:54:44 +08:00: 📋 Active sessions: 3
2026-02-05 21:54:44 +08:00: \n🚀 Processing 3 sessions in 1 batches
2026-02-05 21:54:45 +08:00: 
📦 Batch 5873372: Pulsing 3 sessions [USDC] (Wave Complete) [nonce: 2315]
2026-02-05 21:54:46 +08:00: 📤 Tx sent: 0x9e0344c738d047fcd0396c674f8627b5934cb75eb7ff82f0a42d7811dbad1cd7
2026-02-05 21:54:51 +08:00: ✅ Batch confirmed in block 33332144! Gas: 692101
2026-02-05 21:55:01 +08:00: \n📊 Total sessions in contract: 5
2026-02-05 21:55:01 +08:00: 🦞 Active nodes: 20
2026-02-05 21:55:03 +08:00: 📋 Active sessions: 3
2026-02-05 21:55:03 +08:00: \n🚀 Processing 3 sessions in 1 batches
2026-02-05 21:55:14 +08:00: \n📊 Total sessions in contract: 5
2026-02-05 21:55:14 +08:00: 🦞 Active nodes: 20
2026-02-05 21:55:15 +08:00: 📋 Active sessions: 3
2026-02-05 21:55:15 +08:00: \n🚀 Processing 3 sessions in 1 batches
2026-02-05 21:55:26 +08:00: \n📊 Total sessions in contract: 5
2026-02-05 21:55:26 +08:00: 🦞 Active nodes: 20
2026-02-05 21:55:27 +08:00: 📋 Active sessions: 3
2026-02-05 21:55:27 +08:00: \n🚀 Processing 3 sessions in 1 batches
2026-02-05 21:55:28 +08:00: 
📦 Batch 9395051: Pulsing 2 sessions [USDC] (Mixer→A) [nonce: 2316]
2026-02-05 21:55:29 +08:00: 📤 Tx sent: 0x97559ea8527c3078eaf3f3de5c8f7a90cfaaca368f6c6e04ce90d6b4b1354d64
2026-02-05 21:55:34 +08:00: ✅ Batch confirmed in block 33332166! Gas: 259312
2026-02-05 21:55:45 +08:00: \n📊 Total sessions in contract: 5
2026-02-05 21:55:45 +08:00: 🦞 Active nodes: 20
2026-02-05 21:55:46 +08:00: 📋 Active sessions: 3
2026-02-05 21:55:46 +08:00: \n🚀 Processing 3 sessions in 1 batches
2026-02-05 21:55:57 +08:00: \n📊 Total sessions in contract: 5
2026-02-05 21:55:58 +08:00: 🦞 Active nodes: 20
2026-02-05 21:55:59 +08:00: 📋 Active sessions: 3
2026-02-05 21:55:59 +08:00: \n🚀 Processing 3 sessions in 1 batches
2026-02-05 21:56:10 +08:00: \n📊 Total sessions in contract: 5
2026-02-05 21:56:10 +08:00: 🦞 Active nodes: 20
2026-02-05 21:56:11 +08:00: 📋 Active sessions: 3
2026-02-05 21:56:11 +08:00: \n🚀 Processing 3 sessions in 1 batches
2026-02-05 21:56:12 +08:00: 
📦 Batch 9236545: Pulsing 2 sessions [USDC] (A→B) [nonce: 2317]
2026-02-05 21:56:13 +08:00: 📤 Tx sent: 0x8aba5a15a8fb5f70ab8bc68a79053e34e95d730f720716a9b53593386b8de841
2026-02-05 21:56:18 +08:00: ✅ Batch confirmed in block 33332188! Gas: 317278
2026-02-05 21:56:28 +08:00: \n📊 Total sessions in contract: 5
2026-02-05 21:56:29 +08:00: 🦞 Active nodes: 20
2026-02-05 21:56:30 +08:00: 📋 Active sessions: 3
2026-02-05 21:56:30 +08:00: \n🚀 Processing 3 sessions in 1 batches
2026-02-05 21:56:41 +08:00: \n📊 Total sessions in contract: 5
2026-02-05 21:56:41 +08:00: 🦞 Active nodes: 20
2026-02-05 21:56:42 +08:00: 📋 Active sessions: 3
2026-02-05 21:56:42 +08:00: \n🚀 Processing 3 sessions in 1 batches
2026-02-05 21:56:53 +08:00: \n📊 Total sessions in contract: 5
2026-02-05 21:56:53 +08:00: 🦞 Active nodes: 20
2026-02-05 21:56:54 +08:00: 📋 Active sessions: 3
2026-02-05 21:56:54 +08:00: \n🚀 Processing 3 sessions in 1 batches
2026-02-05 21:56:55 +08:00: 
📦 Batch 5937179: Pulsing 2 sessions [USDC] (B→C) [nonce: 2318]
2026-02-05 21:56:56 +08:00: 📤 Tx sent: 0xcb289d1430a744019832b2baf00b0ab6cb6bff2299f9a5c6a199c44d0f235f54
2026-02-05 21:57:01 +08:00: ✅ Batch confirmed in block 33332209! Gas: 303770
2026-02-05 21:57:11 +08:00: \n📊 Total sessions in contract: 5
2026-02-05 21:57:12 +08:00: 🦞 Active nodes: 20
2026-02-05 21:57:13 +08:00: 📋 Active sessions: 3
2026-02-05 21:57:13 +08:00: \n🚀 Processing 3 sessions in 1 batches
2026-02-05 21:57:24 +08:00: \n📊 Total sessions in contract: 5
2026-02-05 21:57:24 +08:00: 🦞 Active nodes: 20
2026-02-05 21:57:25 +08:00: 📋 Active sessions: 3
2026-02-05 21:57:25 +08:00: \n🚀 Processing 3 sessions in 1 batches
2026-02-05 21:57:36 +08:00: \n📊 Total sessions in contract: 5
2026-02-05 21:57:36 +08:00: 🦞 Active nodes: 20
2026-02-05 21:57:38 +08:00: 📋 Active sessions: 3
2026-02-05 21:57:38 +08:00: \n🚀 Processing 3 sessions in 1 batches
2026-02-05 21:57:38 +08:00: 
📦 Batch 6890639: Pulsing 2 sessions [USDC] (C→D) [nonce: 2319]
2026-02-05 21:57:39 +08:00: 📤 Tx sent: 0x472ab6c0e5081eb88910d799b07265ad42c10804c6c9ca3fa0f234871fe886ec
2026-02-05 21:57:44 +08:00: ✅ Batch confirmed in block 33332231! Gas: 327630
2026-02-05 21:57:55 +08:00: \n📊 Total sessions in contract: 5
2026-02-05 21:57:55 +08:00: 🦞 Active nodes: 20
2026-02-05 21:57:56 +08:00: 📋 Active sessions: 3
2026-02-05 21:57:56 +08:00: \n🚀 Processing 3 sessions in 1 batches
2026-02-05 21:58:07 +08:00: \n📊 Total sessions in contract: 5
2026-02-05 21:58:07 +08:00: 🦞 Active nodes: 20
2026-02-05 21:58:08 +08:00: 📋 Active sessions: 3
2026-02-05 21:58:08 +08:00: \n🚀 Processing 3 sessions in 1 batches
2026-02-05 21:58:20 +08:00: \n📊 Total sessions in contract: 5
2026-02-05 21:58:20 +08:00: 🦞 Active nodes: 20
2026-02-05 21:58:21 +08:00: 📋 Active sessions: 3
2026-02-05 21:58:21 +08:00: \n🚀 Processing 3 sessions in 1 batches
2026-02-05 21:58:22 +08:00: 
📦 Batch 6955893: Pulsing 2 sessions [USDC] (D→E) [nonce: 2320]
2026-02-05 21:58:23 +08:00: 📤 Tx sent: 0xe28137b05915dbc10ec14eaf46302bf2c38a0e76c404ddcf37b8fb9a0d57b437
2026-02-05 21:58:28 +08:00: ✅ Batch confirmed in block 33332253! Gas: 316376
2026-02-05 21:58:38 +08:00: \n📊 Total sessions in contract: 5
2026-02-05 21:58:38 +08:00: 🦞 Active nodes: 20
2026-02-05 21:58:39 +08:00: 📋 Active sessions: 3
2026-02-05 21:58:39 +08:00: \n🚀 Processing 3 sessions in 1 batches
2026-02-05 21:58:50 +08:00: \n📊 Total sessions in contract: 5
2026-02-05 21:58:51 +08:00: 🦞 Active nodes: 20
2026-02-05 21:58:52 +08:00: 📋 Active sessions: 3
2026-02-05 21:58:52 +08:00: \n🚀 Processing 3 sessions in 1 batches
2026-02-05 21:59:03 +08:00: \n📊 Total sessions in contract: 5
2026-02-05 21:59:03 +08:00: 🦞 Active nodes: 20
2026-02-05 21:59:04 +08:00: 📋 Active sessions: 3
2026-02-05 21:59:04 +08:00: \n🚀 Processing 3 sessions in 1 batches
2026-02-05 21:59:05 +08:00: 
📦 Batch 2397660: Pulsing 2 sessions [USDC] (E→Recipient) [nonce: 2321]
2026-02-05 21:59:06 +08:00: 📤 Tx sent: 0x635d6d52e9d2221f7e27f0ce5fe9345d6d924b5bdccd5c25eb4d18b65857f83c
2026-02-05 21:59:11 +08:00: ✅ Batch confirmed in block 33332274! Gas: 262221
2026-02-05 21:59:21 +08:00: \n📊 Total sessions in contract: 5
2026-02-05 21:59:22 +08:00: 🦞 Active nodes: 20
2026-02-05 21:59:23 +08:00: 📋 Active sessions: 3
2026-02-05 21:59:23 +08:00: \n🚀 Processing 3 sessions in 1 batches
2026-02-05 21:59:34 +08:00: \n📊 Total sessions in contract: 5
2026-02-05 21:59:34 +08:00: 🦞 Active nodes: 20
2026-02-05 21:59:35 +08:00: 📋 Active sessions: 3
2026-02-05 21:59:35 +08:00: \n🚀 Processing 3 sessions in 1 batches
2026-02-05 21:59:46 +08:00: \n📊 Total sessions in contract: 5
2026-02-05 21:59:46 +08:00: 🦞 Active nodes: 20
2026-02-05 21:59:48 +08:00: 📋 Active sessions: 3
2026-02-05 21:59:48 +08:00: \n🚀 Processing 3 sessions in 1 batches
2026-02-05 21:59:48 +08:00: 
📦 Batch 2304383: Pulsing 2 sessions [USDC] (Wave Complete) [nonce: 2322]
2026-02-05 21:59:49 +08:00: 📤 Tx sent: 0xedec58c13eeb41a238e39cf8fffc2c74374010d79e0c541f977a0c9f31874ccf
2026-02-05 21:59:54 +08:00: ✅ Batch confirmed in block 33332296! Gas: 79314
2026-02-05 22:00:05 +08:00: \n📊 Total sessions in contract: 5
2026-02-05 22:00:05 +08:00: 🦞 Active nodes: 20
2026-02-05 22:00:06 +08:00: 📋 Active sessions: 3
2026-02-05 22:00:06 +08:00: \n🚀 Processing 3 sessions in 1 batches
2026-02-05 22:00:17 +08:00: \n📊 Total sessions in contract: 5
2026-02-05 22:00:17 +08:00: 🦞 Active nodes: 20
2026-02-05 22:00:18 +08:00: 📋 Active sessions: 3
2026-02-05 22:00:18 +08:00: \n🚀 Processing 3 sessions in 1 batches
2026-02-05 22:00:29 +08:00: \n📊 Total sessions in contract: 5
2026-02-05 22:00:30 +08:00: 🦞 Active nodes: 20
2026-02-05 22:00:31 +08:00: 📋 Active sessions: 3
2026-02-05 22:00:31 +08:00: \n🚀 Processing 3 sessions in 1 batches
2026-02-05 22:00:32 +08:00: 
📦 Batch 1733523: Pulsing 2 sessions [USDC] (Mixer→A) [nonce: 2323]
2026-02-05 22:00:33 +08:00: 📤 Tx sent: 0x62ebecb8242b5449125e8007f2bd95ebaeab9832387da847a00698512f52fb3c
2026-02-05 22:00:38 +08:00: ✅ Batch confirmed in block 33332318! Gas: 259327
2026-02-05 22:00:48 +08:00: \n📊 Total sessions in contract: 5
2026-02-05 22:00:48 +08:00: 🦞 Active nodes: 20
2026-02-05 22:00:49 +08:00: 📋 Active sessions: 3
2026-02-05 22:00:49 +08:00: \n🚀 Processing 3 sessions in 1 batches
2026-02-05 22:01:00 +08:00: \n📊 Total sessions in contract: 5
2026-02-05 22:01:01 +08:00: 🦞 Active nodes: 20
2026-02-05 22:01:02 +08:00: 📋 Active sessions: 3
2026-02-05 22:01:02 +08:00: \n🚀 Processing 3 sessions in 1 batches
2026-02-05 22:01:13 +08:00: \n📊 Total sessions in contract: 5
2026-02-05 22:01:13 +08:00: 🦞 Active nodes: 20
2026-02-05 22:01:14 +08:00: 📋 Active sessions: 3
2026-02-05 22:01:14 +08:00: \n🚀 Processing 3 sessions in 1 batches
2026-02-05 22:01:15 +08:00: 
📦 Batch 7675341: Pulsing 2 sessions [USDC] (A→B) [nonce: 2324]
2026-02-05 22:01:16 +08:00: 📤 Tx sent: 0xea6495e014d0369ecf709c13556366bb814a3a4226576d0efe2a3bc695abeeac
2026-02-05 22:01:21 +08:00: ✅ Batch confirmed in block 33332339! Gas: 317293
2026-02-05 22:01:31 +08:00: \n📊 Total sessions in contract: 5
2026-02-05 22:01:32 +08:00: 🦞 Active nodes: 20
2026-02-05 22:01:33 +08:00: 📋 Active sessions: 3
2026-02-05 22:01:33 +08:00: \n🚀 Processing 3 sessions in 1 batches
2026-02-05 22:01:44 +08:00: \n📊 Total sessions in contract: 5
2026-02-05 22:01:44 +08:00: 🦞 Active nodes: 20
2026-02-05 22:01:45 +08:00: 📋 Active sessions: 3
2026-02-05 22:01:45 +08:00: \n🚀 Processing 3 sessions in 1 batches
2026-02-05 22:01:56 +08:00: \n📊 Total sessions in contract: 5
2026-02-05 22:01:56 +08:00: 🦞 Active nodes: 20
2026-02-05 22:01:57 +08:00: 📋 Active sessions: 3
2026-02-05 22:01:57 +08:00: \n🚀 Processing 3 sessions in 1 batches
2026-02-05 22:01:58 +08:00: 
📦 Batch 9815327: Pulsing 2 sessions [USDC] (B→C) [nonce: 2325]
2026-02-05 22:01:59 +08:00: 📤 Tx sent: 0x51e82176640449be13ae06f51c446cf931e7212f6e821ae882ff443e61f7e9df
2026-02-05 22:02:04 +08:00: ✅ Batch confirmed in block 33332361! Gas: 303785
2026-02-05 22:02:15 +08:00: \n📊 Total sessions in contract: 5
2026-02-05 22:02:15 +08:00: 🦞 Active nodes: 20
2026-02-05 22:02:16 +08:00: 📋 Active sessions: 3
2026-02-05 22:02:16 +08:00: \n🚀 Processing 3 sessions in 1 batches
2026-02-05 22:02:27 +08:00: \n📊 Total sessions in contract: 5
2026-02-05 22:02:27 +08:00: 🦞 Active nodes: 20
2026-02-05 22:02:28 +08:00: 📋 Active sessions: 3
2026-02-05 22:02:28 +08:00: \n🚀 Processing 3 sessions in 1 batches
2026-02-05 22:02:39 +08:00: \n📊 Total sessions in contract: 5
2026-02-05 22:02:40 +08:00: 🦞 Active nodes: 20
2026-02-05 22:02:41 +08:00: 📋 Active sessions: 3
2026-02-05 22:02:41 +08:00: \n🚀 Processing 3 sessions in 1 batches
2026-02-05 22:02:42 +08:00: 
📦 Batch 9845700: Pulsing 2 sessions [USDC] (C→D) [nonce: 2326]
2026-02-05 22:02:43 +08:00: 📤 Tx sent: 0x91b9a94bdcd07fcfa9732b812ebe1ed1b89f7eb29be76cd218b338c525126553
2026-02-05 22:02:48 +08:00: ✅ Batch confirmed in block 33332383! Gas: 327645
2026-02-05 22:02:58 +08:00: \n📊 Total sessions in contract: 5
2026-02-05 22:02:58 +08:00: 🦞 Active nodes: 20
2026-02-05 22:02:59 +08:00: 📋 Active sessions: 3
2026-02-05 22:02:59 +08:00: \n🚀 Processing 3 sessions in 1 batches
2026-02-05 22:03:10 +08:00: \n📊 Total sessions in contract: 5
2026-02-05 22:03:11 +08:00: 🦞 Active nodes: 20
2026-02-05 22:03:12 +08:00: 📋 Active sessions: 3
2026-02-05 22:03:12 +08:00: \n🚀 Processing 3 sessions in 1 batches
2026-02-05 22:03:23 +08:00: \n📊 Total sessions in contract: 5
2026-02-05 22:03:23 +08:00: 🦞 Active nodes: 20
2026-02-05 22:03:24 +08:00: 📋 Active sessions: 3
2026-02-05 22:03:24 +08:00: \n🚀 Processing 3 sessions in 1 batches
2026-02-05 22:03:25 +08:00: 
📦 Batch 7286401: Pulsing 2 sessions [USDC] (D→E) [nonce: 2327]
2026-02-05 22:03:26 +08:00: 📤 Tx sent: 0x4e4f37bf188ee5b6ebb62901d586abd57ddd6562f9e916095dc5e40dcfb0b5ab
2026-02-05 22:03:31 +08:00: ✅ Batch confirmed in block 33332404! Gas: 316391
2026-02-05 22:03:41 +08:00: \n📊 Total sessions in contract: 5
2026-02-05 22:03:42 +08:00: 🦞 Active nodes: 20
2026-02-05 22:03:43 +08:00: 📋 Active sessions: 3
2026-02-05 22:03:43 +08:00: \n🚀 Processing 3 sessions in 1 batches
2026-02-05 22:03:54 +08:00: \n📊 Total sessions in contract: 5
2026-02-05 22:03:54 +08:00: 🦞 Active nodes: 20
2026-02-05 22:03:55 +08:00: 📋 Active sessions: 3
2026-02-05 22:03:55 +08:00: \n🚀 Processing 3 sessions in 1 batches
2026-02-05 22:04:06 +08:00: \n📊 Total sessions in contract: 5
2026-02-05 22:04:06 +08:00: 🦞 Active nodes: 20
2026-02-05 22:04:07 +08:00: 📋 Active sessions: 3
2026-02-05 22:04:08 +08:00: \n🚀 Processing 3 sessions in 1 batches
2026-02-05 22:04:09 +08:00: 
📦 Batch 3923147: Pulsing 2 sessions [USDC] (E→Recipient) [nonce: 2328]
2026-02-05 22:04:09 +08:00: 📤 Tx sent: 0xc91d5649b572e9dd6043cdff573ea595c10af450dec3451b528325dfa5928422
2026-02-05 22:04:14 +08:00: ✅ Batch confirmed in block 33332426! Gas: 262236
2026-02-05 22:04:25 +08:00: \n📊 Total sessions in contract: 5
2026-02-05 22:04:25 +08:00: 🦞 Active nodes: 20
2026-02-05 22:04:26 +08:00: 📋 Active sessions: 3
2026-02-05 22:04:26 +08:00: \n🚀 Processing 3 sessions in 1 batches
2026-02-05 22:04:37 +08:00: \n📊 Total sessions in contract: 5
2026-02-05 22:04:37 +08:00: 🦞 Active nodes: 20
2026-02-05 22:04:38 +08:00: 📋 Active sessions: 3
2026-02-05 22:04:38 +08:00: \n🚀 Processing 3 sessions in 1 batches
2026-02-05 22:04:49 +08:00: \n📊 Total sessions in contract: 5
2026-02-05 22:04:50 +08:00: 🦞 Active nodes: 20
2026-02-05 22:04:51 +08:00: 📋 Active sessions: 3
2026-02-05 22:04:51 +08:00: \n🚀 Processing 3 sessions in 1 batches
2026-02-05 22:04:52 +08:00: 
📦 Batch 7925155: Pulsing 2 sessions [USDC] (Wave Complete) [nonce: 2329]
2026-02-05 22:04:53 +08:00: 📤 Tx sent: 0x0f874c048a06458016922e53168bbe48e66f650c75f7cb2e75245e69f5980809
2026-02-05 22:04:58 +08:00: ✅ Batch confirmed in block 33332448! Gas: 664450
2026-02-05 22:05:08 +08:00: \n📊 Total sessions in contract: 5
2026-02-05 22:05:08 +08:00: 🦞 Active nodes: 20
2026-02-05 22:05:09 +08:00: 📋 Active sessions: 3
2026-02-05 22:05:09 +08:00: \n🚀 Processing 3 sessions in 1 batches
2026-02-05 22:05:20 +08:00: \n📊 Total sessions in contract: 5
2026-02-05 22:05:21 +08:00: 🦞 Active nodes: 20
2026-02-05 22:05:22 +08:00: 📋 Active sessions: 3
2026-02-05 22:05:22 +08:00: \n🚀 Processing 3 sessions in 1 batches
2026-02-05 22:05:33 +08:00: \n📊 Total sessions in contract: 5
2026-02-05 22:05:33 +08:00: 🦞 Active nodes: 20
2026-02-05 22:05:34 +08:00: 📋 Active sessions: 3
2026-02-05 22:05:34 +08:00: \n🚀 Processing 3 sessions in 1 batches
2026-02-05 22:05:35 +08:00: 
📦 Batch 6583233: Pulsing 1 sessions [USDC] (Mixer→A) [nonce: 2330]
2026-02-05 22:05:36 +08:00: 📤 Tx sent: 0x14b7537c57f0cde9f27c9966f8e05314ee535885608fac5b346e925c86b97003
2026-02-05 22:05:41 +08:00: ✅ Batch confirmed in block 33332469! Gas: 150916
2026-02-05 22:05:51 +08:00: \n📊 Total sessions in contract: 5
2026-02-05 22:05:51 +08:00: 🦞 Active nodes: 20
2026-02-05 22:05:53 +08:00: 📋 Active sessions: 3
2026-02-05 22:05:53 +08:00: \n🚀 Processing 3 sessions in 1 batches
2026-02-05 22:06:04 +08:00: \n📊 Total sessions in contract: 5
2026-02-05 22:06:04 +08:00: 🦞 Active nodes: 20
2026-02-05 22:06:05 +08:00: 📋 Active sessions: 3
2026-02-05 22:06:05 +08:00: \n🚀 Processing 3 sessions in 1 batches
2026-02-05 22:06:16 +08:00: \n📊 Total sessions in contract: 5
2026-02-05 22:06:16 +08:00: 🦞 Active nodes: 20
2026-02-05 22:06:17 +08:00: 📋 Active sessions: 3
2026-02-05 22:06:17 +08:00: \n🚀 Processing 3 sessions in 1 batches
2026-02-05 22:06:18 +08:00: 
📦 Batch 2221005: Pulsing 1 sessions [USDC] (A→B) [nonce: 2331]
2026-02-05 22:06:19 +08:00: 📤 Tx sent: 0x4b03ed58047f747984d19c0421dfb013bcdb30f3805eef834475021772db3b2d
2026-02-05 22:06:24 +08:00: ✅ Batch confirmed in block 33332491! Gas: 190500
2026-02-05 22:06:35 +08:00: \n📊 Total sessions in contract: 5
2026-02-05 22:06:35 +08:00: 🦞 Active nodes: 20
2026-02-05 22:06:36 +08:00: 📋 Active sessions: 3
2026-02-05 22:06:36 +08:00: \n🚀 Processing 3 sessions in 1 batches
2026-02-05 22:06:47 +08:00: \n📊 Total sessions in contract: 5
2026-02-05 22:06:48 +08:00: 🦞 Active nodes: 20
2026-02-05 22:06:49 +08:00: 📋 Active sessions: 3
2026-02-05 22:06:49 +08:00: \n🚀 Processing 3 sessions in 1 batches
2026-02-05 22:07:00 +08:00: \n📊 Total sessions in contract: 5
2026-02-05 22:07:00 +08:00: 🦞 Active nodes: 20
2026-02-05 22:07:01 +08:00: 📋 Active sessions: 3
2026-02-05 22:07:01 +08:00: \n🚀 Processing 3 sessions in 1 batches
2026-02-05 22:07:02 +08:00: 
📦 Batch 1732917: Pulsing 1 sessions [USDC] (B→C) [nonce: 2332]
2026-02-05 22:07:03 +08:00: 📤 Tx sent: 0xe2e9e8739175c0b3e9f3a53e7c7c905c44ff908fee52e92d0a3452cd4c4f5df2
2026-02-05 22:07:08 +08:00: ✅ Batch confirmed in block 33332513! Gas: 190796
2026-02-05 22:07:18 +08:00: \n📊 Total sessions in contract: 5
2026-02-05 22:07:18 +08:00: 🦞 Active nodes: 20
2026-02-05 22:07:19 +08:00: 📋 Active sessions: 3
2026-02-05 22:07:19 +08:00: \n🚀 Processing 3 sessions in 1 batches
2026-02-05 22:07:30 +08:00: \n📊 Total sessions in contract: 5
2026-02-05 22:07:31 +08:00: 🦞 Active nodes: 20
2026-02-05 22:07:32 +08:00: 📋 Active sessions: 3
2026-02-05 22:07:32 +08:00: \n🚀 Processing 3 sessions in 1 batches
2026-02-05 22:07:43 +08:00: \n📊 Total sessions in contract: 5
2026-02-05 22:07:43 +08:00: 🦞 Active nodes: 20
2026-02-05 22:07:44 +08:00: 📋 Active sessions: 3
2026-02-05 22:07:44 +08:00: \n🚀 Processing 3 sessions in 1 batches
2026-02-05 22:07:45 +08:00: 
📦 Batch 8015106: Pulsing 1 sessions [USDC] (C→D) [nonce: 2333]
2026-02-05 22:07:46 +08:00: 📤 Tx sent: 0x132d28f4ba4dc47d313251ebdb424cb33d06fae62f46799f42251c4c9f7a17e8
2026-02-05 22:07:51 +08:00: ✅ Batch confirmed in block 33332534! Gas: 190876
2026-02-05 22:08:02 +08:00: \n📊 Total sessions in contract: 5
2026-02-05 22:08:02 +08:00: 🦞 Active nodes: 20
2026-02-05 22:08:03 +08:00: 📋 Active sessions: 3
2026-02-05 22:08:03 +08:00: \n🚀 Processing 3 sessions in 1 batches
2026-02-05 22:08:14 +08:00: \n📊 Total sessions in contract: 5
2026-02-05 22:08:14 +08:00: 🦞 Active nodes: 20
2026-02-05 22:08:15 +08:00: 📋 Active sessions: 3
2026-02-05 22:08:15 +08:00: \n🚀 Processing 3 sessions in 1 batches
2026-02-05 22:08:26 +08:00: \n📊 Total sessions in contract: 5
2026-02-05 22:08:26 +08:00: 🦞 Active nodes: 20
2026-02-05 22:08:28 +08:00: 📋 Active sessions: 3
2026-02-05 22:08:28 +08:00: \n🚀 Processing 3 sessions in 1 batches
2026-02-05 22:08:28 +08:00: 
📦 Batch 7625329: Pulsing 1 sessions [USDC] (D→E) [nonce: 2334]
2026-02-05 22:08:29 +08:00: 📤 Tx sent: 0x2a53574544989ccd8d304e17765588d259063b46169e0d20fcaa17d8adde8957
2026-02-05 22:08:34 +08:00: ✅ Batch confirmed in block 33332556! Gas: 190899
2026-02-05 22:08:45 +08:00: \n📊 Total sessions in contract: 5
2026-02-05 22:08:45 +08:00: 🦞 Active nodes: 20
2026-02-05 22:08:46 +08:00: 📋 Active sessions: 3
2026-02-05 22:08:46 +08:00: \n🚀 Processing 3 sessions in 1 batches
2026-02-05 22:08:57 +08:00: \n📊 Total sessions in contract: 5
2026-02-05 22:08:57 +08:00: 🦞 Active nodes: 20
2026-02-05 22:08:58 +08:00: 📋 Active sessions: 3
2026-02-05 22:08:58 +08:00: \n🚀 Processing 3 sessions in 1 batches
2026-02-05 22:09:09 +08:00: \n📊 Total sessions in contract: 5
2026-02-05 22:09:10 +08:00: 🦞 Active nodes: 20
2026-02-05 22:09:11 +08:00: 📋 Active sessions: 3
2026-02-05 22:09:11 +08:00: \n🚀 Processing 3 sessions in 1 batches
2026-02-05 22:09:12 +08:00: 
📦 Batch 7309572: Pulsing 1 sessions [USDC] (E→Recipient) [nonce: 2335]
2026-02-05 22:09:13 +08:00: 📤 Tx sent: 0x61d67a79edc5448f4dd904ce4b6339d1ff17848c7e023c334cb83b8427214199
2026-02-05 22:09:17 +08:00: ✅ Batch confirmed in block 33332577! Gas: 158021
2026-02-05 22:09:28 +08:00: \n📊 Total sessions in contract: 5
2026-02-05 22:09:28 +08:00: 🦞 Active nodes: 20
2026-02-05 22:09:29 +08:00: 📋 Active sessions: 3
2026-02-05 22:09:29 +08:00: \n🚀 Processing 3 sessions in 1 batches
2026-02-05 22:09:40 +08:00: \n📊 Total sessions in contract: 5
2026-02-05 22:09:40 +08:00: 🦞 Active nodes: 20
2026-02-05 22:09:42 +08:00: 📋 Active sessions: 3
2026-02-05 22:09:42 +08:00: \n🚀 Processing 3 sessions in 1 batches
2026-02-05 22:09:53 +08:00: \n📊 Total sessions in contract: 5
2026-02-05 22:09:53 +08:00: 🦞 Active nodes: 20
2026-02-05 22:09:54 +08:00: 📋 Active sessions: 3
2026-02-05 22:09:54 +08:00: \n🚀 Processing 3 sessions in 1 batches
2026-02-05 22:09:55 +08:00: 
📦 Batch 5916444: Pulsing 1 sessions [USDC] (Wave Complete) [nonce: 2336]
2026-02-05 22:09:56 +08:00: 📤 Tx sent: 0x7cf141d05f033e3c9313303e70e121308e158cab3a7c571f19a1a2b18e0dfa58
2026-02-05 22:10:01 +08:00: ✅ Batch confirmed in block 33332599! Gas: 52018
2026-02-05 22:10:11 +08:00: \n📊 Total sessions in contract: 5
2026-02-05 22:10:11 +08:00: 🦞 Active nodes: 20
2026-02-05 22:10:12 +08:00: 📋 Active sessions: 3
2026-02-05 22:10:12 +08:00: \n🚀 Processing 3 sessions in 1 batches
2026-02-05 22:10:24 +08:00: \n📊 Total sessions in contract: 5
2026-02-05 22:10:24 +08:00: 🦞 Active nodes: 20
2026-02-05 22:10:25 +08:00: 📋 Active sessions: 3
2026-02-05 22:10:25 +08:00: \n🚀 Processing 3 sessions in 1 batches
2026-02-05 22:10:36 +08:00: \n📊 Total sessions in contract: 5
2026-02-05 22:10:36 +08:00: 🦞 Active nodes: 20
2026-02-05 22:10:37 +08:00: 📋 Active sessions: 3
2026-02-05 22:10:37 +08:00: \n🚀 Processing 3 sessions in 1 batches
2026-02-05 22:10:38 +08:00: 
📦 Batch 2106042: Pulsing 1 sessions [USDC] (Mixer→A) [nonce: 2337]
2026-02-05 22:10:39 +08:00: 📤 Tx sent: 0xf6075347d2a61c37794220144d2c6bac4231a0d0da4af168c77cd70500174bdc
2026-02-05 22:10:44 +08:00: ✅ Batch confirmed in block 33332621! Gas: 150916
2026-02-05 22:10:54 +08:00: \n📊 Total sessions in contract: 5
2026-02-05 22:10:54 +08:00: 🦞 Active nodes: 20
2026-02-05 22:10:56 +08:00: 📋 Active sessions: 3
2026-02-05 22:10:56 +08:00: \n🚀 Processing 3 sessions in 1 batches
2026-02-05 22:11:07 +08:00: \n📊 Total sessions in contract: 5
2026-02-05 22:11:07 +08:00: 🦞 Active nodes: 20
2026-02-05 22:11:08 +08:00: 📋 Active sessions: 3
2026-02-05 22:11:08 +08:00: \n🚀 Processing 3 sessions in 1 batches
2026-02-05 22:11:19 +08:00: \n📊 Total sessions in contract: 5
2026-02-05 22:11:19 +08:00: 🦞 Active nodes: 20
2026-02-05 22:11:20 +08:00: 📋 Active sessions: 3
2026-02-05 22:11:20 +08:00: \n🚀 Processing 3 sessions in 1 batches
2026-02-05 22:11:21 +08:00: 
📦 Batch 8522171: Pulsing 1 sessions [USDC] (A→B) [nonce: 2338]
2026-02-05 22:11:22 +08:00: 📤 Tx sent: 0x7129357b4cd99be7d5f04ea23c1f0a40b23be2276a25b22aaf488f72c4a447be
2026-02-05 22:11:27 +08:00: ✅ Batch confirmed in block 33332642! Gas: 190500
2026-02-05 22:11:37 +08:00: \n📊 Total sessions in contract: 5
2026-02-05 22:11:38 +08:00: 🦞 Active nodes: 20
2026-02-05 22:11:39 +08:00: 📋 Active sessions: 3
2026-02-05 22:11:39 +08:00: \n🚀 Processing 3 sessions in 1 batches
2026-02-05 22:11:50 +08:00: \n📊 Total sessions in contract: 5
2026-02-05 22:11:50 +08:00: 🦞 Active nodes: 20
2026-02-05 22:11:51 +08:00: 📋 Active sessions: 3
2026-02-05 22:11:51 +08:00: \n🚀 Processing 3 sessions in 1 batches
2026-02-05 22:12:02 +08:00: \n📊 Total sessions in contract: 5
2026-02-05 22:12:02 +08:00: 🦞 Active nodes: 20
2026-02-05 22:12:04 +08:00: 📋 Active sessions: 3
2026-02-05 22:12:04 +08:00: \n🚀 Processing 3 sessions in 1 batches
2026-02-05 22:12:05 +08:00: 
📦 Batch 6405304: Pulsing 1 sessions [USDC] (B→C) [nonce: 2339]
2026-02-05 22:12:05 +08:00: 📤 Tx sent: 0x75a13c6f69c84d295d7e6e3d715bc9f1e7d1a73018bfa35156f3308606911f6d
2026-02-05 22:12:10 +08:00: ✅ Batch confirmed in block 33332664! Gas: 190796
2026-02-05 22:12:21 +08:00: \n📊 Total sessions in contract: 5
2026-02-05 22:12:21 +08:00: 🦞 Active nodes: 20
2026-02-05 22:12:22 +08:00: 📋 Active sessions: 3
2026-02-05 22:12:22 +08:00: \n🚀 Processing 3 sessions in 1 batches
2026-02-05 22:25:27 +08:00: \n📊 Total sessions in contract: 5
2026-02-05 22:25:27 +08:00: 🦞 Active nodes: 20
2026-02-05 22:25:28 +08:00: 📋 Active sessions: 3
2026-02-05 22:25:28 +08:00: \n🚀 Processing 3 sessions in 1 batches
2026-02-05 22:25:29 +08:00: 
📦 Batch 2466284: Pulsing 1 sessions [USDC] (C→D) [nonce: 2340]
2026-02-05 22:25:30 +08:00: 📤 Tx sent: 0xc92ee28303f00d30312ca369bf9fe8c914e9a9e8785fde985492e00c88c52167
2026-02-05 22:25:35 +08:00: ✅ Batch confirmed in block 33333066! Gas: 190876
2026-02-05 22:25:45 +08:00: \n📊 Total sessions in contract: 5
2026-02-05 22:25:45 +08:00: 🦞 Active nodes: 20
2026-02-05 22:25:47 +08:00: 📋 Active sessions: 3
2026-02-05 22:25:47 +08:00: \n🚀 Processing 3 sessions in 1 batches
2026-02-05 22:25:58 +08:00: \n📊 Total sessions in contract: 5
2026-02-05 22:25:58 +08:00: 🦞 Active nodes: 20
2026-02-05 22:25:59 +08:00: 📋 Active sessions: 3
2026-02-05 22:25:59 +08:00: \n🚀 Processing 3 sessions in 1 batches
2026-02-05 22:26:10 +08:00: \n📊 Total sessions in contract: 5
2026-02-05 22:26:11 +08:00: 🦞 Active nodes: 20
2026-02-05 22:26:12 +08:00: 📋 Active sessions: 3
2026-02-05 22:26:12 +08:00: \n🚀 Processing 3 sessions in 1 batches
2026-02-05 22:26:13 +08:00: 
📦 Batch 5574795: Pulsing 1 sessions [USDC] (D→E) [nonce: 2341]
2026-02-05 22:26:14 +08:00: 📤 Tx sent: 0x3359461d27381b88071c4c048b188e9e7f7fe323df6bdcc64fa5323b3db8b838
2026-02-05 22:26:18 +08:00: ✅ Batch confirmed in block 33333088! Gas: 190899
2026-02-05 22:26:29 +08:00: \n📊 Total sessions in contract: 5
2026-02-05 22:26:29 +08:00: 🦞 Active nodes: 20
2026-02-05 22:26:30 +08:00: 📋 Active sessions: 3
2026-02-05 22:26:30 +08:00: \n🚀 Processing 3 sessions in 1 batches
2026-02-05 22:26:41 +08:00: \n📊 Total sessions in contract: 5
2026-02-05 22:26:41 +08:00: 🦞 Active nodes: 20
2026-02-05 22:26:43 +08:00: 📋 Active sessions: 3
2026-02-05 22:26:43 +08:00: \n🚀 Processing 3 sessions in 1 batches
2026-02-05 22:26:54 +08:00: \n📊 Total sessions in contract: 5
2026-02-05 22:26:54 +08:00: 🦞 Active nodes: 20
2026-02-05 22:26:55 +08:00: 📋 Active sessions: 3
2026-02-05 22:26:55 +08:00: \n🚀 Processing 3 sessions in 1 batches
2026-02-05 22:26:56 +08:00: 
📦 Batch 3140595: Pulsing 1 sessions [USDC] (E→Recipient) [nonce: 2342]
2026-02-05 22:26:57 +08:00: 📤 Tx sent: 0x9a78bafab0c0b8a8a675ff26a43b8f9d82b38f1fa61a62d75dc06e97744cfd20
2026-02-05 22:27:02 +08:00: ✅ Batch confirmed in block 33333110! Gas: 158021
2026-02-05 22:27:12 +08:00: \n📊 Total sessions in contract: 5
2026-02-05 22:27:12 +08:00: 🦞 Active nodes: 20
2026-02-05 22:27:13 +08:00: 📋 Active sessions: 3
2026-02-05 22:27:13 +08:00: \n🚀 Processing 3 sessions in 1 batches
2026-02-05 22:27:24 +08:00: \n📊 Total sessions in contract: 5
2026-02-05 22:27:25 +08:00: 🦞 Active nodes: 20
2026-02-05 22:27:26 +08:00: 📋 Active sessions: 3
2026-02-05 22:27:26 +08:00: \n🚀 Processing 3 sessions in 1 batches
2026-02-05 22:27:37 +08:00: \n📊 Total sessions in contract: 5
2026-02-05 22:27:37 +08:00: 🦞 Active nodes: 20
2026-02-05 22:27:38 +08:00: 📋 Active sessions: 3
2026-02-05 22:27:38 +08:00: \n🚀 Processing 3 sessions in 1 batches
2026-02-05 22:27:39 +08:00: 
📦 Batch 9434868: Pulsing 1 sessions [USDC] (Wave Complete) [nonce: 2343]
2026-02-05 22:27:40 +08:00: 📤 Tx sent: 0x8da14f246657a36803e129f62a4d95d1242c3d8c7ee5458425d60824deeae532
2026-02-05 22:27:45 +08:00: ✅ Batch confirmed in block 33333131! Gas: 52018
2026-02-05 22:27:55 +08:00: \n📊 Total sessions in contract: 5
2026-02-05 22:27:56 +08:00: 🦞 Active nodes: 20
2026-02-05 22:27:57 +08:00: 📋 Active sessions: 3
2026-02-05 22:27:57 +08:00: \n🚀 Processing 3 sessions in 1 batches
2026-02-05 22:28:08 +08:00: \n📊 Total sessions in contract: 5
2026-02-05 22:28:08 +08:00: 🦞 Active nodes: 20
2026-02-05 22:28:09 +08:00: 📋 Active sessions: 3
2026-02-05 22:28:09 +08:00: \n🚀 Processing 3 sessions in 1 batches
2026-02-05 22:28:20 +08:00: \n📊 Total sessions in contract: 5
2026-02-05 22:28:20 +08:00: 🦞 Active nodes: 20
2026-02-05 22:28:21 +08:00: 📋 Active sessions: 3
2026-02-05 22:28:21 +08:00: \n🚀 Processing 3 sessions in 1 batches
2026-02-05 22:28:22 +08:00: 
📦 Batch 7288552: Pulsing 1 sessions [USDC] (Mixer→A) [nonce: 2344]
2026-02-05 22:28:23 +08:00: 📤 Tx sent: 0xa9457167346e7cc08d0f7f56defc24790870bd4e659036ce8d795e1f6fc68289
2026-02-05 22:28:28 +08:00: ✅ Batch confirmed in block 33333153! Gas: 123961
2026-02-05 22:28:39 +08:00: \n📊 Total sessions in contract: 5
2026-02-05 22:28:39 +08:00: 🦞 Active nodes: 20
2026-02-05 22:28:40 +08:00: 📋 Active sessions: 3
2026-02-05 22:28:40 +08:00: \n🚀 Processing 3 sessions in 1 batches
2026-02-05 22:28:51 +08:00: \n📊 Total sessions in contract: 5
2026-02-05 22:28:51 +08:00: 🦞 Active nodes: 20
2026-02-05 22:28:52 +08:00: 📋 Active sessions: 3
2026-02-05 22:28:52 +08:00: \n🚀 Processing 3 sessions in 1 batches
2026-02-05 22:29:03 +08:00: \n📊 Total sessions in contract: 5
2026-02-05 22:29:03 +08:00: 🦞 Active nodes: 20
2026-02-05 22:29:05 +08:00: 📋 Active sessions: 3
2026-02-05 22:29:05 +08:00: \n🚀 Processing 3 sessions in 1 batches
2026-02-05 22:29:06 +08:00: 
📦 Batch 5374820: Pulsing 1 sessions [USDC] (A→B) [nonce: 2345]
2026-02-05 22:29:06 +08:00: 📤 Tx sent: 0xa1027e62638ad1be409943e6f24ca325cf54b9a77a57f8abee1fc4cd9264b935
2026-02-05 22:29:11 +08:00: ✅ Batch confirmed in block 33333174! Gas: 147797
2026-02-05 22:29:22 +08:00: \n📊 Total sessions in contract: 5
2026-02-05 22:29:22 +08:00: 🦞 Active nodes: 20
2026-02-05 22:29:23 +08:00: 📋 Active sessions: 3
2026-02-05 22:29:23 +08:00: \n🚀 Processing 3 sessions in 1 batches
2026-02-05 22:29:34 +08:00: \n📊 Total sessions in contract: 5
2026-02-05 22:29:34 +08:00: 🦞 Active nodes: 20
2026-02-05 22:29:35 +08:00: 📋 Active sessions: 3
2026-02-05 22:29:35 +08:00: \n🚀 Processing 3 sessions in 1 batches
2026-02-05 22:29:46 +08:00: \n📊 Total sessions in contract: 5
2026-02-05 22:29:47 +08:00: 🦞 Active nodes: 20
2026-02-05 22:29:48 +08:00: 📋 Active sessions: 3
2026-02-05 22:29:48 +08:00: \n🚀 Processing 3 sessions in 1 batches
2026-02-05 22:29:49 +08:00: 
📦 Batch 3578885: Pulsing 1 sessions [USDC] (B→C) [nonce: 2346]
2026-02-05 22:29:50 +08:00: 📤 Tx sent: 0x7c9db3f52b423ba27e90281c463bce3f3f7c9b2ca53c1b4d322756627bf99f33
2026-02-05 22:29:55 +08:00: ✅ Batch confirmed in block 33333196! Gas: 148093
2026-02-05 22:30:05 +08:00: \n📊 Total sessions in contract: 5
2026-02-05 22:30:05 +08:00: 🦞 Active nodes: 20
2026-02-05 22:30:06 +08:00: 📋 Active sessions: 3
2026-02-05 22:30:06 +08:00: \n🚀 Processing 3 sessions in 1 batches
2026-02-05 22:30:17 +08:00: \n📊 Total sessions in contract: 5
2026-02-05 22:30:18 +08:00: 🦞 Active nodes: 20
2026-02-05 22:30:19 +08:00: 📋 Active sessions: 3
2026-02-05 22:30:19 +08:00: \n🚀 Processing 3 sessions in 1 batches
2026-02-05 22:30:30 +08:00: \n📊 Total sessions in contract: 5
2026-02-05 22:30:30 +08:00: 🦞 Active nodes: 20
2026-02-05 22:30:31 +08:00: 📋 Active sessions: 3
2026-02-05 22:30:31 +08:00: \n🚀 Processing 3 sessions in 1 batches
2026-02-05 22:30:32 +08:00: 
📦 Batch 9519628: Pulsing 1 sessions [USDC] (C→D) [nonce: 2347]
2026-02-05 22:30:33 +08:00: 📤 Tx sent: 0x3dfecb7e7e62c407c044e74e7770eac9deba6d1b36c67681297f174247c883dd
2026-02-05 22:30:38 +08:00: ✅ Batch confirmed in block 33333218! Gas: 148173
2026-02-05 22:30:48 +08:00: \n📊 Total sessions in contract: 5
2026-02-05 22:30:48 +08:00: 🦞 Active nodes: 20
2026-02-05 22:30:49 +08:00: 📋 Active sessions: 3
2026-02-05 22:30:49 +08:00: \n🚀 Processing 3 sessions in 1 batches
2026-02-05 22:31:00 +08:00: \n📊 Total sessions in contract: 5
2026-02-05 22:31:01 +08:00: 🦞 Active nodes: 20
2026-02-05 22:31:02 +08:00: 📋 Active sessions: 3
2026-02-05 22:31:02 +08:00: \n🚀 Processing 3 sessions in 1 batches
2026-02-05 22:31:13 +08:00: \n📊 Total sessions in contract: 5
2026-02-05 22:31:13 +08:00: 🦞 Active nodes: 20
2026-02-05 22:31:14 +08:00: 📋 Active sessions: 3
2026-02-05 22:31:14 +08:00: \n🚀 Processing 3 sessions in 1 batches
2026-02-05 22:31:15 +08:00: 
📦 Batch 6912651: Pulsing 1 sessions [USDC] (D→E) [nonce: 2348]
2026-02-05 22:31:16 +08:00: 📤 Tx sent: 0x4df28f6cc6050bbcea5ac637b2a197a644510132646959c55a803abe097a29ef
2026-02-05 22:31:21 +08:00: ✅ Batch confirmed in block 33333239! Gas: 148196
2026-02-05 22:31:31 +08:00: \n📊 Total sessions in contract: 5
2026-02-05 22:31:32 +08:00: 🦞 Active nodes: 20
2026-02-05 22:31:33 +08:00: 📋 Active sessions: 3
2026-02-05 22:31:33 +08:00: \n🚀 Processing 3 sessions in 1 batches
2026-02-05 22:31:44 +08:00: \n📊 Total sessions in contract: 5
2026-02-05 22:31:44 +08:00: 🦞 Active nodes: 20
2026-02-05 22:31:45 +08:00: 📋 Active sessions: 3
2026-02-05 22:31:45 +08:00: \n🚀 Processing 3 sessions in 1 batches
2026-02-05 22:31:56 +08:00: \n📊 Total sessions in contract: 5
2026-02-05 22:31:56 +08:00: 🦞 Active nodes: 20
2026-02-05 22:31:58 +08:00: 📋 Active sessions: 3
2026-02-05 22:31:58 +08:00: \n🚀 Processing 3 sessions in 1 batches
2026-02-05 22:31:58 +08:00: 
📦 Batch 6525124: Pulsing 1 sessions [USDC] (E→Recipient) [nonce: 2349]
2026-02-05 22:31:59 +08:00: 📤 Tx sent: 0xf1fcc86df559d5a22389fa9a61b7e1f2436b116f2437037c963c7a3941ee9ff8
2026-02-05 22:32:04 +08:00: ✅ Batch confirmed in block 33333261! Gas: 124972
2026-02-05 22:32:15 +08:00: \n📊 Total sessions in contract: 5
2026-02-05 22:32:15 +08:00: 🦞 Active nodes: 20
2026-02-05 22:32:16 +08:00: 📋 Active sessions: 3
2026-02-05 22:32:16 +08:00: \n🚀 Processing 3 sessions in 1 batches
2026-02-05 22:32:27 +08:00: \n📊 Total sessions in contract: 5
2026-02-05 22:32:27 +08:00: 🦞 Active nodes: 20
2026-02-05 22:32:28 +08:00: 📋 Active sessions: 3
2026-02-05 22:32:28 +08:00: \n🚀 Processing 3 sessions in 1 batches
2026-02-05 22:32:39 +08:00: \n📊 Total sessions in contract: 5
2026-02-05 22:32:40 +08:00: 🦞 Active nodes: 20
2026-02-05 22:32:41 +08:00: 📋 Active sessions: 3
2026-02-05 22:32:41 +08:00: \n🚀 Processing 3 sessions in 1 batches
2026-02-05 22:32:42 +08:00: 
📦 Batch 5532982: Pulsing 1 sessions [USDC] (Wave Complete) [nonce: 2350]
2026-02-05 22:32:43 +08:00: 📤 Tx sent: 0x4e9cbf23d6a184acf147b95a60895d0b50498df2a7d4fa6f2d004a3cd5eceace
2026-02-05 22:32:48 +08:00: ✅ Batch confirmed in block 33333283! Gas: 632721
2026-02-05 22:32:58 +08:00: \n📊 Total sessions in contract: 5
2026-02-05 22:32:58 +08:00: 🦞 Active nodes: 20
2026-02-05 22:32:59 +08:00: 📋 Active sessions: 3
2026-02-05 22:32:59 +08:00: \n🚀 Processing 3 sessions in 1 batches
2026-02-05 22:33:09 +08:00: 🦞 Lobster Mixer Multi-Threaded Orchestrator Starting...
2026-02-05 22:33:09 +08:00: 📋 Contract: 0x70Da0050Ac783967cB21e4b53311B4060279a76B
2026-02-05 22:33:09 +08:00: 💼 Operator: 0x93DF27665990aB68e9fc5CB7B7b6602F6757d3fA
2026-02-05 22:33:09 +08:00: 📊 Health server running on :3000
2026-02-05 22:33:09 +08:00: 💰 Operator balance: 462.262799317622272689 POL
2026-02-05 22:33:10 +08:00: 🔢 Nonce initialized: 2351
2026-02-05 22:33:10 +08:00: \n🔄 Starting batch orchestrator (40 sessions/batch, 3 concurrent batches)...\n
2026-02-05 22:33:10 +08:00: \n📊 Total sessions in contract: 5
2026-02-05 22:33:10 +08:00: 🦞 Active nodes: 20
2026-02-05 22:33:11 +08:00: 📋 Active sessions: 0
2026-02-05 22:33:11 +08:00: 💤 No active sessions, waiting...
2026-02-05 22:33:22 +08:00: \n📊 Total sessions in contract: 5
2026-02-05 22:33:22 +08:00: 🦞 Active nodes: 20
2026-02-05 22:33:23 +08:00: 📋 Active sessions: 0
2026-02-05 22:33:23 +08:00: 💤 No active sessions, waiting...
2026-02-05 22:33:33 +08:00: \n📊 Total sessions in contract: 5
2026-02-05 22:33:34 +08:00: 🦞 Active nodes: 20
2026-02-05 22:33:35 +08:00: 📋 Active sessions: 0
2026-02-05 22:33:35 +08:00: 💤 No active sessions, waiting...
2026-02-05 22:33:45 +08:00: \n📊 Total sessions in contract: 5
2026-02-05 22:33:45 +08:00: 🦞 Active nodes: 20
2026-02-05 22:33:46 +08:00: 📋 Active sessions: 0
2026-02-05 22:33:46 +08:00: 💤 No active sessions, waiting...
2026-02-05 22:33:57 +08:00: \n📊 Total sessions in contract: 5
2026-02-05 22:33:57 +08:00: 🦞 Active nodes: 20
2026-02-05 22:33:58 +08:00: 📋 Active sessions: 0
2026-02-05 22:33:58 +08:00: 💤 No active sessions, waiting...
2026-02-05 22:34:08 +08:00: \n📊 Total sessions in contract: 5
2026-02-05 22:34:09 +08:00: 🦞 Active nodes: 20
2026-02-05 22:34:10 +08:00: 📋 Active sessions: 0
2026-02-05 22:34:10 +08:00: 💤 No active sessions, waiting...
2026-02-05 22:34:20 +08:00: \n📊 Total sessions in contract: 5
2026-02-05 22:34:20 +08:00: 🦞 Active nodes: 20
2026-02-05 22:34:22 +08:00: 📋 Active sessions: 0
2026-02-05 22:34:22 +08:00: 💤 No active sessions, waiting...
2026-02-05 22:34:32 +08:00: \n📊 Total sessions in contract: 5
2026-02-05 22:34:32 +08:00: 🦞 Active nodes: 20
2026-02-05 22:34:34 +08:00: 📋 Active sessions: 0
2026-02-05 22:34:34 +08:00: 💤 No active sessions, waiting...
2026-02-05 22:34:44 +08:00: \n📊 Total sessions in contract: 5
2026-02-05 22:34:44 +08:00: 🦞 Active nodes: 20
2026-02-05 22:34:45 +08:00: 📋 Active sessions: 0
2026-02-05 22:34:45 +08:00: 💤 No active sessions, waiting...
2026-02-05 22:34:56 +08:00: \n📊 Total sessions in contract: 5
2026-02-05 22:34:56 +08:00: 🦞 Active nodes: 20
2026-02-05 22:34:57 +08:00: 📋 Active sessions: 0
2026-02-05 22:34:57 +08:00: 💤 No active sessions, waiting...
2026-02-05 22:35:07 +08:00: 🦞 Lobster Mixer Multi-Threaded Orchestrator Starting...
2026-02-05 22:35:07 +08:00: 📋 Contract: 0x70Da0050Ac783967cB21e4b53311B4060279a76B
2026-02-05 22:35:07 +08:00: 💼 Operator: 0x93DF27665990aB68e9fc5CB7B7b6602F6757d3fA
2026-02-05 22:35:07 +08:00: 📊 Health server running on :3000
2026-02-05 22:35:08 +08:00: 💰 Operator balance: 462.262799317622272689 POL
2026-02-05 22:35:08 +08:00: 🔢 Nonce initialized: 2351
2026-02-05 22:35:08 +08:00: \n🔄 Starting batch orchestrator (40 sessions/batch, 3 concurrent batches)...\n
2026-02-05 22:35:08 +08:00: \n📊 Total sessions in contract: 5
2026-02-05 22:35:08 +08:00: 🦞 Active nodes: 20
2026-02-05 22:35:09 +08:00: 📋 Total tracked active sessions: 0
2026-02-05 22:35:09 +08:00: 💤 No active sessions, waiting...
2026-02-05 22:35:20 +08:00: \n📊 Total sessions in contract: 5
2026-02-05 22:35:20 +08:00: 🦞 Active nodes: 20
2026-02-05 22:35:21 +08:00: 📋 Total tracked active sessions: 0
2026-02-05 22:35:21 +08:00: 💤 No active sessions, waiting...
2026-02-05 22:35:32 +08:00: \n📊 Total sessions in contract: 5
2026-02-05 22:35:32 +08:00: 🦞 Active nodes: 20
2026-02-05 22:35:33 +08:00: 📋 Total tracked active sessions: 0
2026-02-05 22:35:33 +08:00: 💤 No active sessions, waiting...
2026-02-05 22:35:43 +08:00: \n📊 Total sessions in contract: 5
2026-02-05 22:35:44 +08:00: 🦞 Active nodes: 20
2026-02-05 22:35:45 +08:00: 📋 Total tracked active sessions: 0
2026-02-05 22:35:45 +08:00: 💤 No active sessions, waiting...
2026-02-05 22:35:55 +08:00: \n📊 Total sessions in contract: 5
2026-02-05 22:35:55 +08:00: 🦞 Active nodes: 20
2026-02-05 22:35:57 +08:00: 📋 Total tracked active sessions: 0
2026-02-05 22:35:57 +08:00: 💤 No active sessions, waiting...
2026-02-05 22:36:07 +08:00: \n📊 Total sessions in contract: 5
2026-02-05 22:36:07 +08:00: 🦞 Active nodes: 20
2026-02-05 22:36:08 +08:00: 📋 Total tracked active sessions: 0
2026-02-05 22:36:08 +08:00: 💤 No active sessions, waiting...
2026-02-05 22:36:19 +08:00: \n📊 Total sessions in contract: 5
2026-02-05 22:36:19 +08:00: 🦞 Active nodes: 20
2026-02-05 22:36:20 +08:00: 📋 Total tracked active sessions: 0
2026-02-05 22:36:20 +08:00: 💤 No active sessions, waiting...
2026-02-05 22:36:30 +08:00: \n📊 Total sessions in contract: 5
2026-02-05 22:36:31 +08:00: 🦞 Active nodes: 20
2026-02-05 22:36:32 +08:00: 📋 Total tracked active sessions: 0
2026-02-05 22:36:32 +08:00: 💤 No active sessions, waiting...
2026-02-05 22:36:42 +08:00: \n📊 Total sessions in contract: 5
2026-02-05 22:36:42 +08:00: 🦞 Active nodes: 20
2026-02-05 22:36:43 +08:00: 📋 Total tracked active sessions: 0
2026-02-05 22:36:43 +08:00: 💤 No active sessions, waiting...
2026-02-05 22:36:54 +08:00: \n📊 Total sessions in contract: 5
2026-02-05 22:36:54 +08:00: 🦞 Active nodes: 20
2026-02-05 22:36:55 +08:00: 📋 Total tracked active sessions: 0
2026-02-05 22:36:55 +08:00: 💤 No active sessions, waiting...
2026-02-05 22:37:05 +08:00: \n📊 Total sessions in contract: 5
2026-02-05 22:37:06 +08:00: 🦞 Active nodes: 20
2026-02-05 22:37:07 +08:00: 📋 Total tracked active sessions: 0
2026-02-05 22:37:07 +08:00: 💤 No active sessions, waiting...
2026-02-05 22:37:17 +08:00: \n📊 Total sessions in contract: 5
2026-02-05 22:37:17 +08:00: 🦞 Active nodes: 20
2026-02-05 22:37:19 +08:00: 📋 Total tracked active sessions: 0
2026-02-05 22:37:19 +08:00: 💤 No active sessions, waiting...
2026-02-05 22:37:29 +08:00: \n📊 Total sessions in contract: 5
2026-02-05 22:37:29 +08:00: 🦞 Active nodes: 20
2026-02-05 22:37:30 +08:00: 📋 Total tracked active sessions: 0
2026-02-05 22:37:30 +08:00: 💤 No active sessions, waiting...
2026-02-05 22:37:41 +08:00: \n📊 Total sessions in contract: 5
2026-02-05 22:37:41 +08:00: 🦞 Active nodes: 20
2026-02-05 22:37:42 +08:00: 📋 Total tracked active sessions: 0
2026-02-05 22:37:42 +08:00: 💤 No active sessions, waiting...
2026-02-05 22:37:52 +08:00: \n📊 Total sessions in contract: 5
2026-02-05 22:37:53 +08:00: 🦞 Active nodes: 20
2026-02-05 22:37:54 +08:00: 📋 Total tracked active sessions: 0
2026-02-05 22:37:54 +08:00: 💤 No active sessions, waiting...
2026-02-05 22:38:04 +08:00: \n📊 Total sessions in contract: 5
2026-02-05 22:38:04 +08:00: 🦞 Active nodes: 20
2026-02-05 22:38:05 +08:00: 📋 Total tracked active sessions: 0
2026-02-05 22:38:05 +08:00: 💤 No active sessions, waiting...
2026-02-05 22:38:16 +08:00: \n📊 Total sessions in contract: 5
2026-02-05 22:38:16 +08:00: 🦞 Active nodes: 20
2026-02-05 22:38:17 +08:00: 📋 Total tracked active sessions: 0
2026-02-05 22:38:17 +08:00: 💤 No active sessions, waiting...
2026-02-05 22:38:28 +08:00: \n📊 Total sessions in contract: 5
2026-02-05 22:38:28 +08:00: 🦞 Active nodes: 20
2026-02-05 22:38:29 +08:00: 📋 Total tracked active sessions: 0
2026-02-05 22:38:29 +08:00: 💤 No active sessions, waiting...
2026-02-05 22:38:39 +08:00: \n📊 Total sessions in contract: 5
2026-02-05 22:38:39 +08:00: 🦞 Active nodes: 20
2026-02-05 22:38:41 +08:00: 📋 Total tracked active sessions: 0
2026-02-05 22:38:41 +08:00: 💤 No active sessions, waiting...
2026-02-05 22:38:51 +08:00: \n📊 Total sessions in contract: 5
2026-02-05 22:38:51 +08:00: 🦞 Active nodes: 20
2026-02-05 22:38:52 +08:00: 📋 Total tracked active sessions: 0
2026-02-05 22:38:52 +08:00: 💤 No active sessions, waiting...
2026-02-05 22:39:03 +08:00: \n📊 Total sessions in contract: 5
2026-02-05 22:39:03 +08:00: 🦞 Active nodes: 20
2026-02-05 22:39:04 +08:00: 📋 Total tracked active sessions: 0
2026-02-05 22:39:04 +08:00: 💤 No active sessions, waiting...
2026-02-05 22:39:14 +08:00: \n📊 Total sessions in contract: 5
2026-02-05 22:39:15 +08:00: 🦞 Active nodes: 20
2026-02-05 22:39:16 +08:00: 📋 Total tracked active sessions: 0
2026-02-05 22:39:16 +08:00: 💤 No active sessions, waiting...
2026-02-05 22:39:26 +08:00: \n📊 Total sessions in contract: 5
2026-02-05 22:39:26 +08:00: 🦞 Active nodes: 20
2026-02-05 22:39:28 +08:00: 📋 Total tracked active sessions: 0
2026-02-05 22:39:28 +08:00: 💤 No active sessions, waiting...
2026-02-05 22:39:38 +08:00: \n📊 Total sessions in contract: 5
2026-02-05 22:39:38 +08:00: 🦞 Active nodes: 20
2026-02-05 22:39:39 +08:00: 📋 Total tracked active sessions: 0
2026-02-05 22:39:39 +08:00: 💤 No active sessions, waiting...
2026-02-05 22:39:50 +08:00: \n📊 Total sessions in contract: 5
2026-02-05 22:39:50 +08:00: 🦞 Active nodes: 20
2026-02-05 22:39:51 +08:00: 📋 Total tracked active sessions: 0
2026-02-05 22:39:51 +08:00: 💤 No active sessions, waiting...
2026-02-05 22:40:01 +08:00: \n📊 Total sessions in contract: 5
2026-02-05 22:40:02 +08:00: 🦞 Active nodes: 20
2026-02-05 22:40:03 +08:00: 📋 Total tracked active sessions: 0
2026-02-05 22:40:03 +08:00: 💤 No active sessions, waiting...
2026-02-05 22:40:13 +08:00: \n📊 Total sessions in contract: 5
2026-02-05 22:40:13 +08:00: 🦞 Active nodes: 20
2026-02-05 22:40:14 +08:00: 📋 Total tracked active sessions: 0
2026-02-05 22:40:14 +08:00: 💤 No active sessions, waiting...
2026-02-05 22:40:25 +08:00: \n📊 Total sessions in contract: 5
2026-02-05 22:40:25 +08:00: 🦞 Active nodes: 20
2026-02-05 22:40:27 +08:00: 📋 Total tracked active sessions: 0
2026-02-05 22:40:27 +08:00: 💤 No active sessions, waiting...
2026-02-05 22:40:37 +08:00: \n📊 Total sessions in contract: 5
2026-02-05 22:40:37 +08:00: 🦞 Active nodes: 20
2026-02-05 22:40:38 +08:00: 📋 Total tracked active sessions: 0
2026-02-05 22:40:38 +08:00: 💤 No active sessions, waiting...
2026-02-05 22:40:49 +08:00: \n📊 Total sessions in contract: 5
2026-02-05 22:40:49 +08:00: 🦞 Active nodes: 20
2026-02-05 22:40:51 +08:00: 📋 Total tracked active sessions: 0
2026-02-05 22:40:51 +08:00: 💤 No active sessions, waiting...
2026-02-05 22:41:01 +08:00: \n📊 Total sessions in contract: 5
2026-02-05 22:41:01 +08:00: 🦞 Active nodes: 20
2026-02-05 22:41:02 +08:00: 📋 Total tracked active sessions: 0
2026-02-05 22:41:02 +08:00: 💤 No active sessions, waiting...
2026-02-05 22:41:13 +08:00: \n📊 Total sessions in contract: 5
2026-02-05 22:41:13 +08:00: 🦞 Active nodes: 20
2026-02-05 22:41:14 +08:00: 📋 Total tracked active sessions: 0
2026-02-05 22:41:14 +08:00: 💤 No active sessions, waiting...
2026-02-05 22:41:24 +08:00: \n📊 Total sessions in contract: 5
2026-02-05 22:41:25 +08:00: 🦞 Active nodes: 20
2026-02-05 22:41:26 +08:00: 📋 Total tracked active sessions: 0
2026-02-05 22:41:26 +08:00: 💤 No active sessions, waiting...
2026-02-05 22:41:36 +08:00: \n📊 Total sessions in contract: 5
2026-02-05 22:41:37 +08:00: 🦞 Active nodes: 20
2026-02-05 22:41:38 +08:00: 📋 Total tracked active sessions: 0
2026-02-05 22:41:38 +08:00: 💤 No active sessions, waiting...
2026-02-05 22:41:48 +08:00: \n📊 Total sessions in contract: 5
2026-02-05 22:41:48 +08:00: 🦞 Active nodes: 20
2026-02-05 22:41:49 +08:00: 📋 Total tracked active sessions: 0
2026-02-05 22:41:49 +08:00: 💤 No active sessions, waiting...
2026-02-05 22:42:00 +08:00: \n📊 Total sessions in contract: 5
2026-02-05 22:42:00 +08:00: 🦞 Active nodes: 20
2026-02-05 22:42:01 +08:00: 📋 Total tracked active sessions: 0
2026-02-05 22:42:01 +08:00: 💤 No active sessions, waiting...
2026-02-05 22:42:11 +08:00: \n📊 Total sessions in contract: 5
2026-02-05 22:42:12 +08:00: 🦞 Active nodes: 20
2026-02-05 22:42:13 +08:00: 📋 Total tracked active sessions: 0
2026-02-05 22:42:13 +08:00: 💤 No active sessions, waiting...
2026-02-05 22:42:23 +08:00: \n📊 Total sessions in contract: 5
2026-02-05 22:42:23 +08:00: 🦞 Active nodes: 20
2026-02-05 22:42:24 +08:00: 📋 Total tracked active sessions: 0
2026-02-05 22:42:24 +08:00: 💤 No active sessions, waiting...
2026-02-05 22:42:35 +08:00: \n📊 Total sessions in contract: 5
2026-02-05 22:42:35 +08:00: 🦞 Active nodes: 22
2026-02-05 22:42:36 +08:00: 📋 Total tracked active sessions: 0
2026-02-05 22:42:36 +08:00: 💤 No active sessions, waiting...
2026-02-05 22:42:46 +08:00: \n📊 Total sessions in contract: 5
2026-02-05 22:42:47 +08:00: 🦞 Active nodes: 24
2026-02-05 22:42:48 +08:00: 📋 Total tracked active sessions: 0
2026-02-05 22:42:48 +08:00: 💤 No active sessions, waiting...
2026-02-05 22:42:58 +08:00: \n📊 Total sessions in contract: 5
2026-02-05 22:42:58 +08:00: 🦞 Active nodes: 26
2026-02-05 22:43:00 +08:00: 📋 Total tracked active sessions: 0
2026-02-05 22:43:00 +08:00: 💤 No active sessions, waiting...
2026-02-05 22:43:10 +08:00: \n📊 Total sessions in contract: 5
2026-02-05 22:43:10 +08:00: 🦞 Active nodes: 28
2026-02-05 22:43:11 +08:00: 📋 Total tracked active sessions: 0
2026-02-05 22:43:11 +08:00: 💤 No active sessions, waiting...
2026-02-05 22:43:22 +08:00: \n📊 Total sessions in contract: 5
2026-02-05 22:43:22 +08:00: 🦞 Active nodes: 30
2026-02-05 22:43:23 +08:00: 📋 Total tracked active sessions: 0
2026-02-05 22:43:23 +08:00: 💤 No active sessions, waiting...
2026-02-05 22:43:34 +08:00: \n📊 Total sessions in contract: 5
2026-02-05 22:43:34 +08:00: 🦞 Active nodes: 32
2026-02-05 22:43:35 +08:00: 📋 Total tracked active sessions: 0
2026-02-05 22:43:35 +08:00: 💤 No active sessions, waiting...
2026-02-05 22:43:45 +08:00: \n📊 Total sessions in contract: 5
2026-02-05 22:43:45 +08:00: 🦞 Active nodes: 34
2026-02-05 22:43:47 +08:00: 📋 Total tracked active sessions: 0
2026-02-05 22:43:47 +08:00: 💤 No active sessions, waiting...
2026-02-05 22:43:57 +08:00: \n📊 Total sessions in contract: 5
2026-02-05 22:43:57 +08:00: 🦞 Active nodes: 36
2026-02-05 22:43:58 +08:00: 📋 Total tracked active sessions: 0
2026-02-05 22:43:58 +08:00: 💤 No active sessions, waiting...
2026-02-05 22:44:09 +08:00: \n📊 Total sessions in contract: 5
2026-02-05 22:44:09 +08:00: 🦞 Active nodes: 38
2026-02-05 22:44:10 +08:00: 📋 Total tracked active sessions: 0
2026-02-05 22:44:10 +08:00: 💤 No active sessions, waiting...
2026-02-05 22:44:20 +08:00: \n📊 Total sessions in contract: 5
2026-02-05 22:44:21 +08:00: 🦞 Active nodes: 39
2026-02-05 22:44:22 +08:00: 📋 Total tracked active sessions: 0
2026-02-05 22:44:22 +08:00: 💤 No active sessions, waiting...
2026-02-05 22:44:32 +08:00: \n📊 Total sessions in contract: 5
2026-02-05 22:44:32 +08:00: 🦞 Active nodes: 41
2026-02-05 22:44:33 +08:00: 📋 Total tracked active sessions: 0
2026-02-05 22:44:33 +08:00: 💤 No active sessions, waiting...
2026-02-05 22:44:44 +08:00: \n📊 Total sessions in contract: 5
2026-02-05 22:44:44 +08:00: 🦞 Active nodes: 43
2026-02-05 22:44:45 +08:00: 📋 Total tracked active sessions: 0
2026-02-05 22:44:45 +08:00: 💤 No active sessions, waiting...
2026-02-05 22:44:56 +08:00: \n📊 Total sessions in contract: 5
2026-02-05 22:44:56 +08:00: 🦞 Active nodes: 45
2026-02-05 22:44:57 +08:00: 📋 Total tracked active sessions: 0
2026-02-05 22:44:57 +08:00: 💤 No active sessions, waiting...
2026-02-05 22:45:07 +08:00: \n📊 Total sessions in contract: 5
2026-02-05 22:45:08 +08:00: 🦞 Active nodes: 47
2026-02-05 22:45:09 +08:00: 📋 Total tracked active sessions: 0
2026-02-05 22:45:09 +08:00: 💤 No active sessions, waiting...
2026-02-05 22:45:19 +08:00: \n📊 Total sessions in contract: 5
2026-02-05 22:45:19 +08:00: 🦞 Active nodes: 49
2026-02-05 22:45:20 +08:00: 📋 Total tracked active sessions: 0
2026-02-05 22:45:20 +08:00: 💤 No active sessions, waiting...
2026-02-05 22:45:31 +08:00: \n📊 Total sessions in contract: 5
2026-02-05 22:45:31 +08:00: 🦞 Active nodes: 50
2026-02-05 22:45:32 +08:00: 📋 Total tracked active sessions: 0
2026-02-05 22:45:32 +08:00: 💤 No active sessions, waiting...
2026-02-05 22:45:43 +08:00: \n📊 Total sessions in contract: 5
2026-02-05 22:45:43 +08:00: 🦞 Active nodes: 50
2026-02-05 22:45:44 +08:00: 📋 Total tracked active sessions: 0
2026-02-05 22:45:44 +08:00: 💤 No active sessions, waiting...
2026-02-05 22:45:54 +08:00: \n📊 Total sessions in contract: 5
2026-02-05 22:45:54 +08:00: 🦞 Active nodes: 50
2026-02-05 22:45:56 +08:00: 📋 Total tracked active sessions: 0
2026-02-05 22:45:56 +08:00: 💤 No active sessions, waiting...
2026-02-05 22:46:06 +08:00: \n📊 Total sessions in contract: 5
2026-02-05 22:46:06 +08:00: 🦞 Active nodes: 50
2026-02-05 22:46:07 +08:00: 📋 Total tracked active sessions: 0
2026-02-05 22:46:07 +08:00: 💤 No active sessions, waiting...
2026-02-05 22:46:18 +08:00: \n📊 Total sessions in contract: 5
2026-02-05 22:46:18 +08:00: 🦞 Active nodes: 50
2026-02-05 22:46:19 +08:00: 📋 Total tracked active sessions: 0
2026-02-05 22:46:19 +08:00: 💤 No active sessions, waiting...
2026-02-05 22:46:29 +08:00: \n📊 Total sessions in contract: 5
2026-02-05 22:46:30 +08:00: 🦞 Active nodes: 50
2026-02-05 22:46:31 +08:00: 📋 Total tracked active sessions: 0
2026-02-05 22:46:31 +08:00: 💤 No active sessions, waiting...
2026-02-05 22:46:41 +08:00: \n📊 Total sessions in contract: 5
2026-02-05 22:46:41 +08:00: 🦞 Active nodes: 50
2026-02-05 22:46:43 +08:00: 📋 Total tracked active sessions: 0
2026-02-05 22:46:43 +08:00: 💤 No active sessions, waiting...
2026-02-05 22:46:53 +08:00: \n📊 Total sessions in contract: 5
2026-02-05 22:46:53 +08:00: 🦞 Active nodes: 50
2026-02-05 22:46:54 +08:00: 📋 Total tracked active sessions: 0
2026-02-05 22:46:54 +08:00: 💤 No active sessions, waiting...
2026-02-05 22:47:05 +08:00: \n📊 Total sessions in contract: 5
2026-02-05 22:47:05 +08:00: 🦞 Active nodes: 50
2026-02-05 22:47:06 +08:00: 📋 Total tracked active sessions: 0
2026-02-05 22:47:06 +08:00: 💤 No active sessions, waiting...
2026-02-05 22:47:16 +08:00: \n📊 Total sessions in contract: 5
2026-02-05 22:47:17 +08:00: 🦞 Active nodes: 50
2026-02-05 22:47:18 +08:00: 📋 Total tracked active sessions: 0
2026-02-05 22:47:18 +08:00: 💤 No active sessions, waiting...
2026-02-05 22:47:28 +08:00: \n📊 Total sessions in contract: 6
2026-02-05 22:47:28 +08:00: 🦞 Active nodes: 50
2026-02-05 22:47:30 +08:00: 🔍 Session 6 Status: NaN/10 shards [USDC] - Wave 1, Step 0
2026-02-05 22:47:30 +08:00: 📋 Total tracked active sessions: 1
2026-02-05 22:47:30 +08:00: \n🚀 Processing 1 sessions in 1 batches
2026-02-05 22:47:41 +08:00: \n📊 Total sessions in contract: 6
2026-02-05 22:47:41 +08:00: 🦞 Active nodes: 50
2026-02-05 22:47:43 +08:00: 🔍 Session 6 Status: NaN/10 shards [USDC] - Wave 1, Step 0
2026-02-05 22:47:43 +08:00: 📋 Total tracked active sessions: 1
2026-02-05 22:47:43 +08:00: \n🚀 Processing 1 sessions in 1 batches
2026-02-05 22:47:53 +08:00: \n📊 Total sessions in contract: 6
2026-02-05 22:47:53 +08:00: 🦞 Active nodes: 50
2026-02-05 22:47:55 +08:00: 🔍 Session 6 Status: NaN/10 shards [USDC] - Wave 1, Step 0
2026-02-05 22:47:55 +08:00: 📋 Total tracked active sessions: 1
2026-02-05 22:47:55 +08:00: \n🚀 Processing 1 sessions in 1 batches
2026-02-05 22:48:06 +08:00: \n📊 Total sessions in contract: 6
2026-02-05 22:48:06 +08:00: 🦞 Active nodes: 50
2026-02-05 22:48:08 +08:00: 🔍 Session 6 Status: NaN/10 shards [USDC] - Wave 1, Step 0
2026-02-05 22:48:08 +08:00: 📋 Total tracked active sessions: 1
2026-02-05 22:48:08 +08:00: \n🚀 Processing 1 sessions in 1 batches
2026-02-05 22:48:08 +08:00: 
📦 Batch 4408637: Pulsing 1 sessions [USDC] (Mixer→A) [nonce: 2351]
2026-02-05 22:48:09 +08:00: 🔄 Recovering nonce from chain...
2026-02-05 22:48:09 +08:00: ✅ Nonce recovered: 2383
2026-02-05 22:48:20 +08:00: \n📊 Total sessions in contract: 6
2026-02-05 22:48:20 +08:00: 🦞 Active nodes: 50
2026-02-05 22:48:21 +08:00: 🔍 Session 6 Status: NaN/10 shards [USDC] - Wave 1, Step 0
2026-02-05 22:48:21 +08:00: 📋 Total tracked active sessions: 1
2026-02-05 22:48:21 +08:00: \n🚀 Processing 1 sessions in 1 batches
2026-02-05 22:48:22 +08:00: 
📦 Batch 4236127: Pulsing 1 sessions [USDC] (Mixer→A) [nonce: 2383]
2026-02-05 22:48:23 +08:00: 📤 Tx sent: 0x4514ddb06e9fc4e55c56ace6fa2bc7d92398a1a33ac1f8ce8dd93704bffad997
2026-02-05 22:48:28 +08:00: ✅ Batch confirmed in block 33333753! Gas: 310203
2026-02-05 22:48:38 +08:00: \n📊 Total sessions in contract: 6
2026-02-05 22:48:38 +08:00: 🦞 Active nodes: 50
2026-02-05 22:48:40 +08:00: 🔍 Session 6 Status: NaN/10 shards [USDC] - Wave 1, Step 1
2026-02-05 22:48:40 +08:00: 📋 Total tracked active sessions: 1
2026-02-05 22:48:40 +08:00: \n🚀 Processing 1 sessions in 1 batches
2026-02-05 22:48:51 +08:00: \n📊 Total sessions in contract: 6
2026-02-05 22:48:51 +08:00: 🦞 Active nodes: 50
2026-02-05 22:48:53 +08:00: 🔍 Session 6 Status: NaN/10 shards [USDC] - Wave 1, Step 1
2026-02-05 22:48:53 +08:00: 📋 Total tracked active sessions: 1
2026-02-05 22:48:53 +08:00: \n🚀 Processing 1 sessions in 1 batches
2026-02-05 22:49:03 +08:00: \n📊 Total sessions in contract: 6
2026-02-05 22:49:04 +08:00: 🦞 Active nodes: 50
2026-02-05 22:49:06 +08:00: 🔍 Session 6 Status: NaN/10 shards [USDC] - Wave 1, Step 1
2026-02-05 22:49:06 +08:00: 📋 Total tracked active sessions: 1
2026-02-05 22:49:06 +08:00: \n🚀 Processing 1 sessions in 1 batches
2026-02-05 22:49:06 +08:00: 
📦 Batch 2910038: Pulsing 1 sessions [USDC] (A→B) [nonce: 2384]
2026-02-05 22:49:07 +08:00: 📤 Tx sent: 0x217797e27e97bdd624985429ab9b1ca9cf03314019f6542905ecd17e3ade1e68
2026-02-05 22:49:12 +08:00: ✅ Batch confirmed in block 33333775! Gas: 426556
2026-02-05 22:49:22 +08:00: \n📊 Total sessions in contract: 6
2026-02-05 22:49:23 +08:00: 🦞 Active nodes: 50
2026-02-05 22:49:24 +08:00: 🔍 Session 6 Status: NaN/10 shards [USDC] - Wave 1, Step 2
2026-02-05 22:49:24 +08:00: 📋 Total tracked active sessions: 1
2026-02-05 22:49:24 +08:00: \n🚀 Processing 1 sessions in 1 batches
2026-02-05 22:49:35 +08:00: \n📊 Total sessions in contract: 6
2026-02-05 22:49:35 +08:00: 🦞 Active nodes: 50
2026-02-05 22:49:37 +08:00: 🔍 Session 6 Status: NaN/10 shards [USDC] - Wave 1, Step 2
2026-02-05 22:49:37 +08:00: 📋 Total tracked active sessions: 1
2026-02-05 22:49:37 +08:00: \n🚀 Processing 1 sessions in 1 batches
2026-02-05 22:49:47 +08:00: \n📊 Total sessions in contract: 6
2026-02-05 22:49:48 +08:00: 🦞 Active nodes: 50
2026-02-05 22:49:49 +08:00: 🔍 Session 6 Status: NaN/10 shards [USDC] - Wave 1, Step 2
2026-02-05 22:49:49 +08:00: 📋 Total tracked active sessions: 1
2026-02-05 22:49:49 +08:00: \n🚀 Processing 1 sessions in 1 batches
2026-02-05 22:49:50 +08:00: 
📦 Batch 5521265: Pulsing 1 sessions [USDC] (B→C) [nonce: 2385]
2026-02-05 22:49:50 +08:00: 📤 Tx sent: 0x9ea423aa7a284dc7aef35570d260c605db01c0ffafdf310608be8b68cc9eac33
2026-02-05 22:49:55 +08:00: ✅ Batch confirmed in block 33333796! Gas: 529818
2026-02-05 22:50:06 +08:00: \n📊 Total sessions in contract: 6
2026-02-05 22:50:06 +08:00: 🦞 Active nodes: 50
2026-02-05 22:50:08 +08:00: 🔍 Session 6 Status: NaN/10 shards [USDC] - Wave 1, Step 3
2026-02-05 22:50:08 +08:00: 📋 Total tracked active sessions: 1
2026-02-05 22:50:08 +08:00: \n🚀 Processing 1 sessions in 1 batches
2026-02-05 22:50:19 +08:00: \n📊 Total sessions in contract: 6
2026-02-05 22:50:19 +08:00: 🦞 Active nodes: 50
2026-02-05 22:50:20 +08:00: 🔍 Session 6 Status: NaN/10 shards [USDC] - Wave 1, Step 3
2026-02-05 22:50:20 +08:00: 📋 Total tracked active sessions: 1
2026-02-05 22:50:20 +08:00: \n🚀 Processing 1 sessions in 1 batches
2026-02-05 22:50:31 +08:00: \n📊 Total sessions in contract: 6
2026-02-05 22:50:31 +08:00: 🦞 Active nodes: 50
2026-02-05 22:50:33 +08:00: 🔍 Session 6 Status: NaN/10 shards [USDC] - Wave 1, Step 3
2026-02-05 22:50:33 +08:00: 📋 Total tracked active sessions: 1
2026-02-05 22:50:33 +08:00: \n🚀 Processing 1 sessions in 1 batches
2026-02-05 22:50:33 +08:00: 
📦 Batch 6241677: Pulsing 1 sessions [USDC] (C→D) [nonce: 2386]
2026-02-05 22:50:34 +08:00: 📤 Tx sent: 0x0b2636b63cb9f6ff135f66ca3f1eafe3f7135b094fa45bb2f2ef636996013639
2026-02-05 22:50:39 +08:00: ✅ Batch confirmed in block 33333818! Gas: 449798
2026-02-05 22:50:50 +08:00: \n📊 Total sessions in contract: 6
2026-02-05 22:50:50 +08:00: 🦞 Active nodes: 50
2026-02-05 22:50:51 +08:00: 🔍 Session 6 Status: NaN/10 shards [USDC] - Wave 1, Step 4
2026-02-05 22:50:51 +08:00: 📋 Total tracked active sessions: 1
2026-02-05 22:50:51 +08:00: \n🚀 Processing 1 sessions in 1 batches
2026-02-05 22:51:02 +08:00: \n📊 Total sessions in contract: 6
2026-02-05 22:51:02 +08:00: 🦞 Active nodes: 50
2026-02-05 22:51:04 +08:00: 🔍 Session 6 Status: NaN/10 shards [USDC] - Wave 1, Step 4
2026-02-05 22:51:04 +08:00: 📋 Total tracked active sessions: 1
2026-02-05 22:51:04 +08:00: \n🚀 Processing 1 sessions in 1 batches
2026-02-05 22:51:14 +08:00: \n📊 Total sessions in contract: 6
2026-02-05 22:51:15 +08:00: 🦞 Active nodes: 50
2026-02-05 22:51:16 +08:00: 🔍 Session 6 Status: NaN/10 shards [USDC] - Wave 1, Step 4
2026-02-05 22:51:16 +08:00: 📋 Total tracked active sessions: 1
2026-02-05 22:51:16 +08:00: \n🚀 Processing 1 sessions in 1 batches
2026-02-05 22:51:17 +08:00: 
📦 Batch 8042717: Pulsing 1 sessions [USDC] (D→E) [nonce: 2387]
2026-02-05 22:51:18 +08:00: 📤 Tx sent: 0x16fa1acbdeeeed47573fe4f047c03bf496e360513ac7e430ee8bc6759691e233
2026-02-05 22:51:23 +08:00: ✅ Batch confirmed in block 33333840! Gas: 430021
2026-02-05 22:51:33 +08:00: \n📊 Total sessions in contract: 6
2026-02-05 22:51:33 +08:00: 🦞 Active nodes: 50
2026-02-05 22:51:35 +08:00: 🔍 Session 6 Status: NaN/10 shards [USDC] - Wave 1, Step 5
2026-02-05 22:51:35 +08:00: 📋 Total tracked active sessions: 1
2026-02-05 22:51:35 +08:00: \n🚀 Processing 1 sessions in 1 batches
2026-02-05 22:51:45 +08:00: \n📊 Total sessions in contract: 6
2026-02-05 22:51:45 +08:00: 🦞 Active nodes: 50
2026-02-05 22:51:47 +08:00: 🔍 Session 6 Status: NaN/10 shards [USDC] - Wave 1, Step 5
2026-02-05 22:51:47 +08:00: 📋 Total tracked active sessions: 1
2026-02-05 22:51:47 +08:00: \n🚀 Processing 1 sessions in 1 batches
2026-02-05 22:51:58 +08:00: \n📊 Total sessions in contract: 6
2026-02-05 22:51:58 +08:00: 🦞 Active nodes: 50
2026-02-05 22:51:59 +08:00: 🔍 Session 6 Status: NaN/10 shards [USDC] - Wave 1, Step 5
2026-02-05 22:51:59 +08:00: 📋 Total tracked active sessions: 1
2026-02-05 22:51:59 +08:00: \n🚀 Processing 1 sessions in 1 batches
2026-02-05 22:52:00 +08:00: 
📦 Batch 7372654: Pulsing 1 sessions [USDC] (E→Recipient) [nonce: 2388]
2026-02-05 22:52:01 +08:00: 📤 Tx sent: 0x87cbe0c400a267aa320c0f3819e1ee9964b43b54ceb820ef7b3916c7aedf45f4
2026-02-05 22:52:06 +08:00: ✅ Batch confirmed in block 33333862! Gas: 279855
2026-02-05 22:52:16 +08:00: \n📊 Total sessions in contract: 6
2026-02-05 22:52:16 +08:00: 🦞 Active nodes: 50
2026-02-05 22:52:19 +08:00: 🔍 Session 6 Status: NaN/10 shards [USDC] - Wave 1, Step 6
2026-02-05 22:52:19 +08:00: 📋 Total tracked active sessions: 1
2026-02-05 22:52:19 +08:00: \n🚀 Processing 1 sessions in 1 batches
2026-02-05 22:52:29 +08:00: \n📊 Total sessions in contract: 6
2026-02-05 22:52:29 +08:00: 🦞 Active nodes: 50
2026-02-05 22:52:31 +08:00: 🔍 Session 6 Status: NaN/10 shards [USDC] - Wave 1, Step 6
2026-02-05 22:52:31 +08:00: 📋 Total tracked active sessions: 1
2026-02-05 22:52:31 +08:00: \n🚀 Processing 1 sessions in 1 batches
2026-02-05 22:52:42 +08:00: \n📊 Total sessions in contract: 6
2026-02-05 22:52:42 +08:00: 🦞 Active nodes: 50
2026-02-05 22:52:43 +08:00: 🔍 Session 6 Status: NaN/10 shards [USDC] - Wave 1, Step 6
2026-02-05 22:52:43 +08:00: 📋 Total tracked active sessions: 1
2026-02-05 22:52:43 +08:00: \n🚀 Processing 1 sessions in 1 batches
2026-02-05 22:52:44 +08:00: 
📦 Batch 6249559: Pulsing 1 sessions [USDC] (Wave Complete) [nonce: 2389]
2026-02-05 22:52:45 +08:00: 📤 Tx sent: 0x3bbce6700980fd70fe873f7364674c1d978a36bcb2351eb2e20274dbf59cb5e6
2026-02-05 22:52:50 +08:00: ✅ Batch confirmed in block 33333884! Gas: 2999167
2026-02-05 22:53:00 +08:00: \n📊 Total sessions in contract: 6
2026-02-05 22:53:00 +08:00: 🦞 Active nodes: 50
2026-02-05 22:53:02 +08:00: ✅ Session 6 completed, removing from orchestrator.
2026-02-05 22:53:02 +08:00: 📋 Total tracked active sessions: 0
2026-02-05 22:53:02 +08:00: 💤 No active sessions, waiting...
2026-02-05 22:53:10 +08:00: 🦞 Lobster Mixer Multi-Threaded Orchestrator Starting...
2026-02-05 22:53:10 +08:00: 📋 Contract: 0x70Da0050Ac783967cB21e4b53311B4060279a76B
2026-02-05 22:53:10 +08:00: 💼 Operator: 0x93DF27665990aB68e9fc5CB7B7b6602F6757d3fA
2026-02-05 22:53:10 +08:00: 📊 Health server running on :3000
2026-02-05 22:53:10 +08:00: 💰 Operator balance: 460.87658209807646378 POL
2026-02-05 22:53:11 +08:00: 🔢 Nonce initialized: 2390
2026-02-05 22:53:11 +08:00: \n🔄 Starting batch orchestrator (40 sessions/batch, 3 concurrent batches)...\n
2026-02-05 22:53:11 +08:00: \n📊 Total sessions in contract: 6
2026-02-05 22:53:11 +08:00: 🦞 Active nodes: 50
2026-02-05 22:53:12 +08:00: 📋 Total tracked active sessions: 0
2026-02-05 22:53:12 +08:00: 💤 No active sessions, waiting...
2026-02-05 22:53:23 +08:00: \n📊 Total sessions in contract: 6
2026-02-05 22:53:23 +08:00: 🦞 Active nodes: 50
2026-02-05 22:53:24 +08:00: 📋 Total tracked active sessions: 0
2026-02-05 22:53:24 +08:00: 💤 No active sessions, waiting...
2026-02-05 22:53:35 +08:00: \n📊 Total sessions in contract: 6
2026-02-05 22:53:35 +08:00: 🦞 Active nodes: 50
2026-02-05 22:53:36 +08:00: 📋 Total tracked active sessions: 0
2026-02-05 22:53:36 +08:00: 💤 No active sessions, waiting...
2026-02-05 22:53:47 +08:00: \n📊 Total sessions in contract: 6
2026-02-05 22:53:47 +08:00: 🦞 Active nodes: 50
2026-02-05 22:53:48 +08:00: 📋 Total tracked active sessions: 0
2026-02-05 22:53:48 +08:00: 💤 No active sessions, waiting...
2026-02-05 22:53:59 +08:00: \n📊 Total sessions in contract: 7
2026-02-05 22:53:59 +08:00: 🦞 Active nodes: 50
2026-02-05 22:54:01 +08:00: 🔍 Session 7 Status: 0/10 shards [USDC] - Wave 1, Step 0
2026-02-05 22:54:01 +08:00: 📋 Total tracked active sessions: 1
2026-02-05 22:54:01 +08:00: \n🚀 Processing 1 sessions in 1 batches
2026-02-05 22:54:11 +08:00: \n📊 Total sessions in contract: 7
2026-02-05 22:54:12 +08:00: 🦞 Active nodes: 50
2026-02-05 22:54:13 +08:00: 🔍 Session 7 Status: 0/10 shards [USDC] - Wave 1, Step 0
2026-02-05 22:54:13 +08:00: 📋 Total tracked active sessions: 1
2026-02-05 22:54:13 +08:00: \n🚀 Processing 1 sessions in 1 batches
2026-02-05 22:54:24 +08:00: \n📊 Total sessions in contract: 7
2026-02-05 22:54:24 +08:00: 🦞 Active nodes: 50
2026-02-05 22:54:26 +08:00: 🔍 Session 7 Status: 0/10 shards [USDC] - Wave 1, Step 0
2026-02-05 22:54:26 +08:00: 📋 Total tracked active sessions: 1
2026-02-05 22:54:26 +08:00: \n🚀 Processing 1 sessions in 1 batches
2026-02-05 22:54:27 +08:00: 
📦 Batch 8006001: Pulsing 1 sessions [USDC] (Mixer→A) [nonce: 2390]
2026-02-05 22:54:27 +08:00: 🔄 Recovering nonce from chain...
2026-02-05 22:54:28 +08:00: ✅ Nonce recovered: 2392
2026-02-05 22:54:38 +08:00: \n📊 Total sessions in contract: 7
2026-02-05 22:54:38 +08:00: 🦞 Active nodes: 50
2026-02-05 22:54:40 +08:00: 🔍 Session 7 Status: 0/10 shards [USDC] - Wave 1, Step 0
2026-02-05 22:54:40 +08:00: 📋 Total tracked active sessions: 1
2026-02-05 22:54:40 +08:00: \n🚀 Processing 1 sessions in 1 batches
2026-02-05 22:54:41 +08:00: 
📦 Batch 4639650: Pulsing 1 sessions [USDC] (Mixer→A) [nonce: 2392]
2026-02-05 22:54:42 +08:00: 📤 Tx sent: 0x3644a2278397321ebff3728a6d426adb3ec34760ac86c27ea784923f8f4fef57
2026-02-05 22:54:46 +08:00: ✅ Batch confirmed in block 33333942! Gas: 241803
2026-02-05 22:54:57 +08:00: \n📊 Total sessions in contract: 7
2026-02-05 22:54:57 +08:00: 🦞 Active nodes: 50
2026-02-05 22:54:59 +08:00: 🔍 Session 7 Status: 0/10 shards [USDC] - Wave 1, Step 1
2026-02-05 22:54:59 +08:00: 📋 Total tracked active sessions: 1
2026-02-05 22:54:59 +08:00: \n🚀 Processing 1 sessions in 1 batches
2026-02-05 22:55:09 +08:00: \n📊 Total sessions in contract: 7
2026-02-05 22:55:10 +08:00: 🦞 Active nodes: 50
2026-02-05 22:55:11 +08:00: 🔍 Session 7 Status: 0/10 shards [USDC] - Wave 1, Step 1
2026-02-05 22:55:11 +08:00: 📋 Total tracked active sessions: 1
2026-02-05 22:55:11 +08:00: \n🚀 Processing 1 sessions in 1 batches
2026-02-05 22:55:22 +08:00: \n📊 Total sessions in contract: 7
2026-02-05 22:55:22 +08:00: 🦞 Active nodes: 50
2026-02-05 22:55:24 +08:00: 🔍 Session 7 Status: 0/10 shards [USDC] - Wave 1, Step 1
2026-02-05 22:55:24 +08:00: 📋 Total tracked active sessions: 1
2026-02-05 22:55:24 +08:00: \n🚀 Processing 1 sessions in 1 batches
2026-02-05 22:55:25 +08:00: 
📦 Batch 2255947: Pulsing 1 sessions [USDC] (A→B) [nonce: 2393]
2026-02-05 22:55:26 +08:00: 📤 Tx sent: 0xb7dce40c491e3f2b69a0638f0718697f1a429772b8e2e7f5de54899d55073795
2026-02-05 22:55:31 +08:00: ✅ Batch confirmed in block 33333964! Gas: 377356
2026-02-05 22:55:41 +08:00: \n📊 Total sessions in contract: 7
2026-02-05 22:55:41 +08:00: 🦞 Active nodes: 50
2026-02-05 22:55:43 +08:00: 🔍 Session 7 Status: 0/10 shards [USDC] - Wave 1, Step 2
2026-02-05 22:55:43 +08:00: 📋 Total tracked active sessions: 1
2026-02-05 22:55:43 +08:00: \n🚀 Processing 1 sessions in 1 batches
2026-02-05 22:55:53 +08:00: \n📊 Total sessions in contract: 7
2026-02-05 22:55:54 +08:00: 🦞 Active nodes: 50
2026-02-05 22:55:56 +08:00: 🔍 Session 7 Status: 0/10 shards [USDC] - Wave 1, Step 2
2026-02-05 22:55:56 +08:00: 📋 Total tracked active sessions: 1
2026-02-05 22:55:56 +08:00: \n🚀 Processing 1 sessions in 1 batches
2026-02-05 22:56:06 +08:00: \n📊 Total sessions in contract: 7
2026-02-05 22:56:06 +08:00: 🦞 Active nodes: 50
2026-02-05 22:56:08 +08:00: 🔍 Session 7 Status: 0/10 shards [USDC] - Wave 1, Step 2
2026-02-05 22:56:08 +08:00: 📋 Total tracked active sessions: 1
2026-02-05 22:56:08 +08:00: \n🚀 Processing 1 sessions in 1 batches
2026-02-05 22:56:09 +08:00: 
📦 Batch 1237079: Pulsing 1 sessions [USDC] (B→C) [nonce: 2394]
2026-02-05 22:56:10 +08:00: 📤 Tx sent: 0x1376cb6f0f1aea85e949318fe9156c49bb1ba49b8fbc308f822c9f7f91e22f51
2026-02-05 22:56:15 +08:00: ✅ Batch confirmed in block 33333986! Gas: 378018
2026-02-05 22:56:25 +08:00: \n📊 Total sessions in contract: 7
2026-02-05 22:56:25 +08:00: 🦞 Active nodes: 50
2026-02-05 22:56:27 +08:00: 🔍 Session 7 Status: 0/10 shards [USDC] - Wave 1, Step 3
2026-02-05 22:56:27 +08:00: 📋 Total tracked active sessions: 1
2026-02-05 22:56:27 +08:00: \n🚀 Processing 1 sessions in 1 batches
2026-02-05 22:56:38 +08:00: \n📊 Total sessions in contract: 7
2026-02-05 22:56:38 +08:00: 🦞 Active nodes: 50
2026-02-05 22:56:40 +08:00: 🔍 Session 7 Status: 0/10 shards [USDC] - Wave 1, Step 3
2026-02-05 22:56:40 +08:00: 📋 Total tracked active sessions: 1
2026-02-05 22:56:40 +08:00: \n🚀 Processing 1 sessions in 1 batches
2026-02-05 22:56:50 +08:00: \n📊 Total sessions in contract: 7
2026-02-05 22:56:50 +08:00: 🦞 Active nodes: 50
2026-02-05 22:56:52 +08:00: 🔍 Session 7 Status: 0/10 shards [USDC] - Wave 1, Step 3
2026-02-05 22:56:52 +08:00: 📋 Total tracked active sessions: 1
2026-02-05 22:56:52 +08:00: \n🚀 Processing 1 sessions in 1 batches
2026-02-05 22:56:53 +08:00: 
📦 Batch 7411575: Pulsing 1 sessions [USDC] (C→D) [nonce: 2395]
2026-02-05 22:56:54 +08:00: 📤 Tx sent: 0xcd06ee090de4cb1a523efcd6d6bf7142272b5b2694541ddc594e42a8dffa5593
2026-02-05 22:56:58 +08:00: ✅ Batch confirmed in block 33334008! Gas: 378098
2026-02-05 22:57:09 +08:00: \n📊 Total sessions in contract: 7
2026-02-05 22:57:09 +08:00: 🦞 Active nodes: 50
2026-02-05 22:57:11 +08:00: 🔍 Session 7 Status: 0/10 shards [USDC] - Wave 1, Step 4
2026-02-05 22:57:11 +08:00: 📋 Total tracked active sessions: 1
2026-02-05 22:57:11 +08:00: \n🚀 Processing 1 sessions in 1 batches
2026-02-05 22:57:22 +08:00: \n📊 Total sessions in contract: 7
2026-02-05 22:57:22 +08:00: 🦞 Active nodes: 50
2026-02-05 22:57:24 +08:00: 🔍 Session 7 Status: 0/10 shards [USDC] - Wave 1, Step 4
2026-02-05 22:57:24 +08:00: 📋 Total tracked active sessions: 1
2026-02-05 22:57:24 +08:00: \n🚀 Processing 1 sessions in 1 batches
2026-02-05 22:57:34 +08:00: \n📊 Total sessions in contract: 7
2026-02-05 22:57:34 +08:00: 🦞 Active nodes: 50
2026-02-05 22:57:36 +08:00: 🔍 Session 7 Status: 0/10 shards [USDC] - Wave 1, Step 4
2026-02-05 22:57:36 +08:00: 📋 Total tracked active sessions: 1
2026-02-05 22:57:36 +08:00: \n🚀 Processing 1 sessions in 1 batches
2026-02-05 22:57:37 +08:00: 
📦 Batch 4169770: Pulsing 1 sessions [USDC] (D→E) [nonce: 2396]
2026-02-05 22:57:38 +08:00: 📤 Tx sent: 0x516cb7c704c7181f88025735be35bdcceea0967388b8dcc9ed341651b6251bf8
2026-02-05 22:57:43 +08:00: ✅ Batch confirmed in block 33334030! Gas: 378121
2026-02-05 22:57:53 +08:00: \n📊 Total sessions in contract: 7
2026-02-05 22:57:53 +08:00: 🦞 Active nodes: 50
2026-02-05 22:57:55 +08:00: 🔍 Session 7 Status: 0/10 shards [USDC] - Wave 1, Step 5
2026-02-05 22:57:55 +08:00: 📋 Total tracked active sessions: 1
2026-02-05 22:57:55 +08:00: \n🚀 Processing 1 sessions in 1 batches
2026-02-05 22:58:06 +08:00: \n📊 Total sessions in contract: 7
2026-02-05 22:58:06 +08:00: 🦞 Active nodes: 50
2026-02-05 22:58:08 +08:00: 🔍 Session 7 Status: 0/10 shards [USDC] - Wave 1, Step 5
2026-02-05 22:58:08 +08:00: 📋 Total tracked active sessions: 1
2026-02-05 22:58:08 +08:00: \n🚀 Processing 1 sessions in 1 batches
2026-02-05 22:58:18 +08:00: \n📊 Total sessions in contract: 7
2026-02-05 22:58:18 +08:00: 🦞 Active nodes: 50
2026-02-05 22:58:20 +08:00: 🔍 Session 7 Status: 0/10 shards [USDC] - Wave 1, Step 5
2026-02-05 22:58:20 +08:00: 📋 Total tracked active sessions: 1
2026-02-05 22:58:20 +08:00: \n🚀 Processing 1 sessions in 1 batches
2026-02-05 22:58:21 +08:00: 
📦 Batch 2683211: Pulsing 1 sessions [USDC] (E→Recipient) [nonce: 2397]
2026-02-05 22:58:22 +08:00: 📤 Tx sent: 0xda60d7f2ca59eba46c3ee9bdef236d647324bc4fcf71b6407c7dadc56feffed1
2026-02-05 22:58:27 +08:00: ✅ Batch confirmed in block 33334052! Gas: 286755
2026-02-05 22:58:37 +08:00: \n📊 Total sessions in contract: 7
2026-02-05 22:58:37 +08:00: 🦞 Active nodes: 50
2026-02-05 22:58:39 +08:00: 🔍 Session 7 Status: 10/10 shards [USDC] - Wave 1, Step 6
2026-02-05 22:58:39 +08:00: 📋 Total tracked active sessions: 1
2026-02-05 22:58:39 +08:00: \n🚀 Processing 1 sessions in 1 batches
2026-02-05 22:58:50 +08:00: \n📊 Total sessions in contract: 7
2026-02-05 22:58:50 +08:00: 🦞 Active nodes: 50
2026-02-05 22:58:52 +08:00: 🔍 Session 7 Status: 10/10 shards [USDC] - Wave 1, Step 6
2026-02-05 22:58:52 +08:00: 📋 Total tracked active sessions: 1
2026-02-05 22:58:52 +08:00: \n🚀 Processing 1 sessions in 1 batches
2026-02-05 22:59:02 +08:00: \n📊 Total sessions in contract: 7
2026-02-05 22:59:02 +08:00: 🦞 Active nodes: 50
2026-02-05 22:59:04 +08:00: 🔍 Session 7 Status: 10/10 shards [USDC] - Wave 1, Step 6
2026-02-05 22:59:04 +08:00: 📋 Total tracked active sessions: 1
2026-02-05 22:59:04 +08:00: \n🚀 Processing 1 sessions in 1 batches
2026-02-05 22:59:05 +08:00: 
📦 Batch 9761003: Pulsing 1 sessions [USDC] (Wave Complete) [nonce: 2398]
2026-02-05 22:59:06 +08:00: 📤 Tx sent: 0x64f56483a3b9c3d4de369752dd95d1edd05a8ddff403479113c08a43c4825391
2026-02-05 22:59:11 +08:00: ✅ Batch confirmed in block 33334074! Gas: 1460167
2026-02-05 22:59:21 +08:00: \n📊 Total sessions in contract: 7
2026-02-05 22:59:21 +08:00: 🦞 Active nodes: 50
2026-02-05 22:59:23 +08:00: ✅ Session 7 completed, removing from orchestrator.
2026-02-05 22:59:23 +08:00: 📋 Total tracked active sessions: 0
2026-02-05 22:59:23 +08:00: 💤 No active sessions, waiting...
2026-02-05 22:59:33 +08:00: \n📊 Total sessions in contract: 7
2026-02-05 22:59:33 +08:00: 🦞 Active nodes: 50
2026-02-05 22:59:35 +08:00: 📋 Total tracked active sessions: 0
2026-02-05 22:59:35 +08:00: 💤 No active sessions, waiting...
2026-02-05 22:59:46 +08:00: \n📊 Total sessions in contract: 7
2026-02-05 22:59:46 +08:00: 🦞 Active nodes: 50
2026-02-05 22:59:48 +08:00: 📋 Total tracked active sessions: 0
2026-02-05 22:59:48 +08:00: 💤 No active sessions, waiting...
2026-02-05 22:59:58 +08:00: \n📊 Total sessions in contract: 7
2026-02-05 22:59:58 +08:00: 🦞 Active nodes: 50
2026-02-05 23:00:00 +08:00: 📋 Total tracked active sessions: 0
2026-02-05 23:00:00 +08:00: 💤 No active sessions, waiting...
2026-02-05 23:00:10 +08:00: \n📊 Total sessions in contract: 7
2026-02-05 23:00:10 +08:00: 🦞 Active nodes: 50
2026-02-05 23:00:12 +08:00: 📋 Total tracked active sessions: 0
2026-02-05 23:00:12 +08:00: 💤 No active sessions, waiting...
2026-02-05 23:00:22 +08:00: \n📊 Total sessions in contract: 7
2026-02-05 23:00:23 +08:00: 🦞 Active nodes: 50
2026-02-05 23:00:24 +08:00: 📋 Total tracked active sessions: 0
2026-02-05 23:00:24 +08:00: 💤 No active sessions, waiting...
2026-02-05 23:00:34 +08:00: \n📊 Total sessions in contract: 7
2026-02-05 23:00:35 +08:00: 🦞 Active nodes: 50
2026-02-05 23:00:36 +08:00: 📋 Total tracked active sessions: 0
2026-02-05 23:00:36 +08:00: 💤 No active sessions, waiting...
2026-02-05 23:00:47 +08:00: \n📊 Total sessions in contract: 7
2026-02-05 23:00:47 +08:00: 🦞 Active nodes: 50
2026-02-05 23:00:49 +08:00: 📋 Total tracked active sessions: 0
2026-02-05 23:00:49 +08:00: 💤 No active sessions, waiting...
2026-02-05 23:00:59 +08:00: \n📊 Total sessions in contract: 7
2026-02-05 23:00:59 +08:00: 🦞 Active nodes: 50
2026-02-05 23:01:01 +08:00: 📋 Total tracked active sessions: 0
2026-02-05 23:01:01 +08:00: 💤 No active sessions, waiting...
2026-02-05 23:01:11 +08:00: \n📊 Total sessions in contract: 7
2026-02-05 23:01:11 +08:00: 🦞 Active nodes: 50
2026-02-05 23:01:13 +08:00: 📋 Total tracked active sessions: 0
2026-02-05 23:01:13 +08:00: 💤 No active sessions, waiting...
2026-02-05 23:01:23 +08:00: \n📊 Total sessions in contract: 7
2026-02-05 23:01:23 +08:00: 🦞 Active nodes: 50
2026-02-05 23:01:25 +08:00: 📋 Total tracked active sessions: 0
2026-02-05 23:01:25 +08:00: 💤 No active sessions, waiting...
2026-02-05 23:01:35 +08:00: \n📊 Total sessions in contract: 7
2026-02-05 23:01:36 +08:00: 🦞 Active nodes: 50
2026-02-05 23:01:37 +08:00: 📋 Total tracked active sessions: 0
2026-02-05 23:01:37 +08:00: 💤 No active sessions, waiting...
2026-02-05 23:01:48 +08:00: \n📊 Total sessions in contract: 7
2026-02-05 23:01:48 +08:00: 🦞 Active nodes: 50
2026-02-05 23:01:50 +08:00: 📋 Total tracked active sessions: 0
2026-02-05 23:01:50 +08:00: 💤 No active sessions, waiting...
2026-02-05 23:02:00 +08:00: \n📊 Total sessions in contract: 7
2026-02-05 23:02:00 +08:00: 🦞 Active nodes: 50
2026-02-05 23:02:02 +08:00: 📋 Total tracked active sessions: 0
2026-02-05 23:02:02 +08:00: 💤 No active sessions, waiting...
2026-02-05 23:02:12 +08:00: \n📊 Total sessions in contract: 7
2026-02-05 23:02:13 +08:00: 🦞 Active nodes: 50
2026-02-05 23:02:14 +08:00: 📋 Total tracked active sessions: 0
2026-02-05 23:02:14 +08:00: 💤 No active sessions, waiting...
2026-02-05 23:02:25 +08:00: \n📊 Total sessions in contract: 7
2026-02-05 23:02:25 +08:00: 🦞 Active nodes: 50
2026-02-05 23:02:26 +08:00: 📋 Total tracked active sessions: 0
2026-02-05 23:02:26 +08:00: 💤 No active sessions, waiting...
2026-02-05 23:02:37 +08:00: \n📊 Total sessions in contract: 7
2026-02-05 23:02:37 +08:00: 🦞 Active nodes: 50
2026-02-05 23:02:39 +08:00: 📋 Total tracked active sessions: 0
2026-02-05 23:02:39 +08:00: 💤 No active sessions, waiting...
2026-02-05 23:02:49 +08:00: \n📊 Total sessions in contract: 7
2026-02-05 23:02:49 +08:00: 🦞 Active nodes: 50
2026-02-05 23:02:51 +08:00: 📋 Total tracked active sessions: 0
2026-02-05 23:02:51 +08:00: 💤 No active sessions, waiting...
2026-02-05 23:03:01 +08:00: \n📊 Total sessions in contract: 7
2026-02-05 23:03:01 +08:00: 🦞 Active nodes: 50
2026-02-05 23:03:03 +08:00: 📋 Total tracked active sessions: 0
2026-02-05 23:03:03 +08:00: 💤 No active sessions, waiting...
2026-02-05 23:03:13 +08:00: \n📊 Total sessions in contract: 7
2026-02-05 23:03:14 +08:00: 🦞 Active nodes: 50
2026-02-05 23:03:16 +08:00: 📋 Total tracked active sessions: 0
2026-02-05 23:03:16 +08:00: 💤 No active sessions, waiting...
2026-02-05 23:03:26 +08:00: \n📊 Total sessions in contract: 7
2026-02-05 23:03:27 +08:00: 🦞 Active nodes: 50
2026-02-05 23:03:28 +08:00: 📋 Total tracked active sessions: 0
2026-02-05 23:03:28 +08:00: 💤 No active sessions, waiting...
2026-02-05 23:03:39 +08:00: \n📊 Total sessions in contract: 7
2026-02-05 23:03:39 +08:00: 🦞 Active nodes: 50
2026-02-05 23:03:40 +08:00: 📋 Total tracked active sessions: 0
2026-02-05 23:03:40 +08:00: 💤 No active sessions, waiting...
2026-02-05 23:03:51 +08:00: \n📊 Total sessions in contract: 7
2026-02-05 23:03:51 +08:00: 🦞 Active nodes: 50
2026-02-05 23:03:53 +08:00: 📋 Total tracked active sessions: 0
2026-02-05 23:03:53 +08:00: 💤 No active sessions, waiting...
2026-02-05 23:04:03 +08:00: \n📊 Total sessions in contract: 7
2026-02-05 23:04:03 +08:00: 🦞 Active nodes: 50
2026-02-05 23:04:05 +08:00: 📋 Total tracked active sessions: 0
2026-02-05 23:04:05 +08:00: 💤 No active sessions, waiting...
2026-02-05 23:04:15 +08:00: \n📊 Total sessions in contract: 7
2026-02-05 23:04:15 +08:00: 🦞 Active nodes: 50
2026-02-05 23:04:17 +08:00: 📋 Total tracked active sessions: 0
2026-02-05 23:04:17 +08:00: 💤 No active sessions, waiting...
2026-02-05 23:04:27 +08:00: \n📊 Total sessions in contract: 7
2026-02-05 23:04:28 +08:00: 🦞 Active nodes: 50
2026-02-05 23:04:29 +08:00: 📋 Total tracked active sessions: 0
2026-02-05 23:04:29 +08:00: 💤 No active sessions, waiting...
2026-02-05 23:04:40 +08:00: \n📊 Total sessions in contract: 7
2026-02-05 23:04:40 +08:00: 🦞 Active nodes: 50
2026-02-05 23:04:41 +08:00: 📋 Total tracked active sessions: 0
2026-02-05 23:04:41 +08:00: 💤 No active sessions, waiting...
2026-02-05 23:04:52 +08:00: \n📊 Total sessions in contract: 7
2026-02-05 23:04:52 +08:00: 🦞 Active nodes: 50
2026-02-05 23:04:54 +08:00: 📋 Total tracked active sessions: 0
2026-02-05 23:04:54 +08:00: 💤 No active sessions, waiting...
2026-02-05 23:05:04 +08:00: \n📊 Total sessions in contract: 7
2026-02-05 23:05:04 +08:00: 🦞 Active nodes: 50
2026-02-05 23:05:06 +08:00: 📋 Total tracked active sessions: 0
2026-02-05 23:05:06 +08:00: 💤 No active sessions, waiting...
2026-02-05 23:05:16 +08:00: \n📊 Total sessions in contract: 7
2026-02-05 23:05:16 +08:00: 🦞 Active nodes: 50
2026-02-05 23:05:18 +08:00: 📋 Total tracked active sessions: 0
2026-02-05 23:05:18 +08:00: 💤 No active sessions, waiting...
2026-02-05 23:05:28 +08:00: \n📊 Total sessions in contract: 7
2026-02-05 23:05:29 +08:00: 🦞 Active nodes: 50
2026-02-05 23:05:30 +08:00: 📋 Total tracked active sessions: 0
2026-02-05 23:05:30 +08:00: 💤 No active sessions, waiting...
2026-02-05 23:05:41 +08:00: \n📊 Total sessions in contract: 7
2026-02-05 23:05:41 +08:00: 🦞 Active nodes: 50
2026-02-05 23:05:42 +08:00: 📋 Total tracked active sessions: 0
2026-02-05 23:05:42 +08:00: 💤 No active sessions, waiting...
2026-02-05 23:05:53 +08:00: \n📊 Total sessions in contract: 7
2026-02-05 23:05:53 +08:00: 🦞 Active nodes: 50
2026-02-05 23:05:55 +08:00: 📋 Total tracked active sessions: 0
2026-02-05 23:05:55 +08:00: 💤 No active sessions, waiting...
2026-02-05 23:06:05 +08:00: \n📊 Total sessions in contract: 7
2026-02-05 23:06:05 +08:00: 🦞 Active nodes: 50
2026-02-05 23:06:07 +08:00: 📋 Total tracked active sessions: 0
2026-02-05 23:06:07 +08:00: 💤 No active sessions, waiting...
2026-02-05 23:06:17 +08:00: \n📊 Total sessions in contract: 7
2026-02-05 23:06:17 +08:00: 🦞 Active nodes: 50
2026-02-05 23:06:19 +08:00: 📋 Total tracked active sessions: 0
2026-02-05 23:06:19 +08:00: 💤 No active sessions, waiting...
2026-02-05 23:06:29 +08:00: \n📊 Total sessions in contract: 7
2026-02-05 23:06:30 +08:00: 🦞 Active nodes: 50
2026-02-05 23:06:31 +08:00: 📋 Total tracked active sessions: 0
2026-02-05 23:06:31 +08:00: 💤 No active sessions, waiting...
2026-02-05 23:06:42 +08:00: \n📊 Total sessions in contract: 7
2026-02-05 23:06:42 +08:00: 🦞 Active nodes: 50
2026-02-05 23:06:43 +08:00: 📋 Total tracked active sessions: 0
2026-02-05 23:06:43 +08:00: 💤 No active sessions, waiting...
2026-02-05 23:06:54 +08:00: \n📊 Total sessions in contract: 7
2026-02-05 23:06:54 +08:00: 🦞 Active nodes: 50
2026-02-05 23:06:56 +08:00: 📋 Total tracked active sessions: 0
2026-02-05 23:06:56 +08:00: 💤 No active sessions, waiting...
2026-02-05 23:07:06 +08:00: \n📊 Total sessions in contract: 7
2026-02-05 23:07:06 +08:00: 🦞 Active nodes: 50
2026-02-05 23:07:08 +08:00: 📋 Total tracked active sessions: 0
2026-02-05 23:07:08 +08:00: 💤 No active sessions, waiting...
2026-02-05 23:07:18 +08:00: \n📊 Total sessions in contract: 7
2026-02-05 23:07:18 +08:00: 🦞 Active nodes: 50
2026-02-05 23:07:20 +08:00: 📋 Total tracked active sessions: 0
2026-02-05 23:07:20 +08:00: 💤 No active sessions, waiting...
2026-02-05 23:07:31 +08:00: \n📊 Total sessions in contract: 7
2026-02-05 23:07:31 +08:00: 🦞 Active nodes: 50
2026-02-05 23:07:33 +08:00: 📋 Total tracked active sessions: 0
2026-02-05 23:07:33 +08:00: 💤 No active sessions, waiting...
2026-02-05 23:07:43 +08:00: \n📊 Total sessions in contract: 7
2026-02-05 23:07:43 +08:00: 🦞 Active nodes: 50
2026-02-05 23:07:45 +08:00: 📋 Total tracked active sessions: 0
2026-02-05 23:07:45 +08:00: 💤 No active sessions, waiting...
2026-02-05 23:07:55 +08:00: \n📊 Total sessions in contract: 7
2026-02-05 23:07:55 +08:00: 🦞 Active nodes: 50
2026-02-05 23:07:57 +08:00: 📋 Total tracked active sessions: 0
2026-02-05 23:07:57 +08:00: 💤 No active sessions, waiting...
2026-02-05 23:08:07 +08:00: \n📊 Total sessions in contract: 7
2026-02-05 23:08:08 +08:00: 🦞 Active nodes: 50
2026-02-05 23:08:09 +08:00: 📋 Total tracked active sessions: 0
2026-02-05 23:08:09 +08:00: 💤 No active sessions, waiting...
2026-02-05 23:08:19 +08:00: \n📊 Total sessions in contract: 7
2026-02-05 23:08:20 +08:00: 🦞 Active nodes: 50
2026-02-05 23:08:21 +08:00: 📋 Total tracked active sessions: 0
2026-02-05 23:08:21 +08:00: 💤 No active sessions, waiting...
2026-02-05 23:08:32 +08:00: \n📊 Total sessions in contract: 7
2026-02-05 23:08:32 +08:00: 🦞 Active nodes: 50
2026-02-05 23:08:33 +08:00: 📋 Total tracked active sessions: 0
2026-02-05 23:08:33 +08:00: 💤 No active sessions, waiting...
2026-02-05 23:08:44 +08:00: \n📊 Total sessions in contract: 7
2026-02-05 23:08:44 +08:00: 🦞 Active nodes: 50
2026-02-05 23:08:46 +08:00: 📋 Total tracked active sessions: 0
2026-02-05 23:08:46 +08:00: 💤 No active sessions, waiting...
2026-02-05 23:08:56 +08:00: \n📊 Total sessions in contract: 7
2026-02-05 23:08:56 +08:00: 🦞 Active nodes: 50
2026-02-05 23:08:58 +08:00: 📋 Total tracked active sessions: 0
2026-02-05 23:08:58 +08:00: 💤 No active sessions, waiting...
2026-02-05 23:09:08 +08:00: \n📊 Total sessions in contract: 7
2026-02-05 23:09:08 +08:00: 🦞 Active nodes: 50
2026-02-05 23:09:10 +08:00: 📋 Total tracked active sessions: 0
2026-02-05 23:09:10 +08:00: 💤 No active sessions, waiting...
2026-02-05 23:09:20 +08:00: \n📊 Total sessions in contract: 7
2026-02-05 23:09:21 +08:00: 🦞 Active nodes: 50
2026-02-05 23:09:22 +08:00: 📋 Total tracked active sessions: 0
2026-02-05 23:09:22 +08:00: 💤 No active sessions, waiting...
2026-02-05 23:09:32 +08:00: \n📊 Total sessions in contract: 7
2026-02-05 23:09:33 +08:00: 🦞 Active nodes: 50
2026-02-05 23:09:34 +08:00: 📋 Total tracked active sessions: 0
2026-02-05 23:09:34 +08:00: 💤 No active sessions, waiting...
2026-02-05 23:09:45 +08:00: \n📊 Total sessions in contract: 7
2026-02-05 23:09:45 +08:00: 🦞 Active nodes: 50
2026-02-05 23:09:47 +08:00: 📋 Total tracked active sessions: 0
2026-02-05 23:09:47 +08:00: 💤 No active sessions, waiting...
2026-02-05 23:09:57 +08:00: \n📊 Total sessions in contract: 7
2026-02-05 23:09:57 +08:00: 🦞 Active nodes: 50
2026-02-05 23:09:59 +08:00: 📋 Total tracked active sessions: 0
2026-02-05 23:09:59 +08:00: 💤 No active sessions, waiting...
2026-02-05 23:10:09 +08:00: \n📊 Total sessions in contract: 7
2026-02-05 23:10:09 +08:00: 🦞 Active nodes: 50
2026-02-05 23:10:11 +08:00: 📋 Total tracked active sessions: 0
2026-02-05 23:10:11 +08:00: 💤 No active sessions, waiting...
2026-02-05 23:10:21 +08:00: \n📊 Total sessions in contract: 7
2026-02-05 23:10:22 +08:00: 🦞 Active nodes: 50
2026-02-05 23:10:23 +08:00: 📋 Total tracked active sessions: 0
2026-02-05 23:10:23 +08:00: 💤 No active sessions, waiting...
2026-02-05 23:10:34 +08:00: \n📊 Total sessions in contract: 7
2026-02-05 23:10:34 +08:00: 🦞 Active nodes: 50
2026-02-05 23:10:35 +08:00: 📋 Total tracked active sessions: 0
2026-02-05 23:10:35 +08:00: 💤 No active sessions, waiting...
2026-02-05 23:10:46 +08:00: \n📊 Total sessions in contract: 7
2026-02-05 23:10:46 +08:00: 🦞 Active nodes: 50
2026-02-05 23:10:48 +08:00: 📋 Total tracked active sessions: 0
2026-02-05 23:10:48 +08:00: 💤 No active sessions, waiting...
2026-02-05 23:10:58 +08:00: \n📊 Total sessions in contract: 7
2026-02-05 23:10:58 +08:00: 🦞 Active nodes: 50
2026-02-05 23:11:00 +08:00: 📋 Total tracked active sessions: 0
2026-02-05 23:11:00 +08:00: 💤 No active sessions, waiting...
2026-02-05 23:11:10 +08:00: \n📊 Total sessions in contract: 7
2026-02-05 23:11:11 +08:00: 🦞 Active nodes: 50
2026-02-05 23:11:12 +08:00: 📋 Total tracked active sessions: 0
2026-02-05 23:11:12 +08:00: 💤 No active sessions, waiting...
2026-02-05 23:11:23 +08:00: \n📊 Total sessions in contract: 7
2026-02-05 23:11:23 +08:00: 🦞 Active nodes: 50
2026-02-05 23:11:25 +08:00: 📋 Total tracked active sessions: 0
2026-02-05 23:11:25 +08:00: 💤 No active sessions, waiting...
2026-02-05 23:11:35 +08:00: \n📊 Total sessions in contract: 7
2026-02-05 23:11:35 +08:00: 🦞 Active nodes: 50
2026-02-05 23:11:37 +08:00: 📋 Total tracked active sessions: 0
2026-02-05 23:11:37 +08:00: 💤 No active sessions, waiting...
2026-02-05 23:11:47 +08:00: \n📊 Total sessions in contract: 7
2026-02-05 23:11:47 +08:00: 🦞 Active nodes: 50
2026-02-05 23:11:50 +08:00: 📋 Total tracked active sessions: 0
2026-02-05 23:11:50 +08:00: 💤 No active sessions, waiting...
2026-02-05 23:12:00 +08:00: \n📊 Total sessions in contract: 7
2026-02-05 23:12:00 +08:00: 🦞 Active nodes: 50
2026-02-05 23:12:02 +08:00: 📋 Total tracked active sessions: 0
2026-02-05 23:12:02 +08:00: 💤 No active sessions, waiting...
2026-02-05 23:12:12 +08:00: \n📊 Total sessions in contract: 7
2026-02-05 23:12:12 +08:00: 🦞 Active nodes: 50
2026-02-05 23:12:14 +08:00: 📋 Total tracked active sessions: 0
2026-02-05 23:12:14 +08:00: 💤 No active sessions, waiting...
2026-02-05 23:12:24 +08:00: \n📊 Total sessions in contract: 7
2026-02-05 23:12:24 +08:00: 🦞 Active nodes: 50
2026-02-05 23:12:26 +08:00: 📋 Total tracked active sessions: 0
2026-02-05 23:12:26 +08:00: 💤 No active sessions, waiting...
2026-02-05 23:12:36 +08:00: \n📊 Total sessions in contract: 7
2026-02-05 23:12:37 +08:00: 🦞 Active nodes: 50
2026-02-05 23:12:38 +08:00: 📋 Total tracked active sessions: 0
2026-02-05 23:12:38 +08:00: 💤 No active sessions, waiting...
2026-02-05 23:12:49 +08:00: \n📊 Total sessions in contract: 7
2026-02-05 23:12:49 +08:00: 🦞 Active nodes: 50
2026-02-05 23:12:50 +08:00: 📋 Total tracked active sessions: 0
2026-02-05 23:12:50 +08:00: 💤 No active sessions, waiting...
2026-02-05 23:13:01 +08:00: \n📊 Total sessions in contract: 7
2026-02-05 23:13:01 +08:00: 🦞 Active nodes: 50
2026-02-05 23:13:03 +08:00: 📋 Total tracked active sessions: 0
2026-02-05 23:13:03 +08:00: 💤 No active sessions, waiting...
2026-02-05 23:13:13 +08:00: \n📊 Total sessions in contract: 7
2026-02-05 23:13:13 +08:00: 🦞 Active nodes: 50
2026-02-05 23:13:15 +08:00: 📋 Total tracked active sessions: 0
2026-02-05 23:13:15 +08:00: 💤 No active sessions, waiting...
2026-02-05 23:13:25 +08:00: \n📊 Total sessions in contract: 7
2026-02-05 23:13:25 +08:00: 🦞 Active nodes: 50
2026-02-05 23:13:27 +08:00: 📋 Total tracked active sessions: 0
2026-02-05 23:13:27 +08:00: 💤 No active sessions, waiting...
2026-02-05 23:13:38 +08:00: \n📊 Total sessions in contract: 7
2026-02-05 23:13:38 +08:00: 🦞 Active nodes: 50
2026-02-05 23:13:40 +08:00: 📋 Total tracked active sessions: 0
2026-02-05 23:13:40 +08:00: 💤 No active sessions, waiting...
2026-02-05 23:13:50 +08:00: \n📊 Total sessions in contract: 7
2026-02-05 23:13:50 +08:00: 🦞 Active nodes: 50
2026-02-05 23:13:52 +08:00: 📋 Total tracked active sessions: 0
2026-02-05 23:13:52 +08:00: 💤 No active sessions, waiting...
2026-02-05 23:14:02 +08:00: \n📊 Total sessions in contract: 7
2026-02-05 23:14:02 +08:00: 🦞 Active nodes: 50
2026-02-05 23:14:04 +08:00: 📋 Total tracked active sessions: 0
2026-02-05 23:14:04 +08:00: 💤 No active sessions, waiting...
2026-02-05 23:14:14 +08:00: \n📊 Total sessions in contract: 7
2026-02-05 23:14:15 +08:00: 🦞 Active nodes: 50
2026-02-05 23:14:16 +08:00: 📋 Total tracked active sessions: 0
2026-02-05 23:14:16 +08:00: 💤 No active sessions, waiting...
2026-02-05 23:14:27 +08:00: \n📊 Total sessions in contract: 7
2026-02-05 23:14:27 +08:00: 🦞 Active nodes: 50
2026-02-05 23:14:28 +08:00: 📋 Total tracked active sessions: 0
2026-02-05 23:14:28 +08:00: 💤 No active sessions, waiting...
2026-02-05 23:14:39 +08:00: \n📊 Total sessions in contract: 7
2026-02-05 23:14:39 +08:00: 🦞 Active nodes: 50
2026-02-05 23:14:40 +08:00: 📋 Total tracked active sessions: 0
2026-02-05 23:14:40 +08:00: 💤 No active sessions, waiting...
2026-02-05 23:14:51 +08:00: \n📊 Total sessions in contract: 7
2026-02-05 23:14:51 +08:00: 🦞 Active nodes: 50
2026-02-05 23:14:53 +08:00: 📋 Total tracked active sessions: 0
2026-02-05 23:14:53 +08:00: 💤 No active sessions, waiting...
2026-02-05 23:15:03 +08:00: \n📊 Total sessions in contract: 7
2026-02-05 23:15:03 +08:00: 🦞 Active nodes: 50
2026-02-05 23:15:05 +08:00: 📋 Total tracked active sessions: 0
2026-02-05 23:15:05 +08:00: 💤 No active sessions, waiting...
2026-02-05 23:15:15 +08:00: \n📊 Total sessions in contract: 7
2026-02-05 23:15:15 +08:00: 🦞 Active nodes: 50
2026-02-05 23:15:17 +08:00: 📋 Total tracked active sessions: 0
2026-02-05 23:15:17 +08:00: 💤 No active sessions, waiting...
2026-02-05 23:15:27 +08:00: \n📊 Total sessions in contract: 7
2026-02-05 23:15:28 +08:00: 🦞 Active nodes: 50
2026-02-05 23:15:29 +08:00: 📋 Total tracked active sessions: 0
2026-02-05 23:15:29 +08:00: 💤 No active sessions, waiting...
2026-02-05 23:15:40 +08:00: \n📊 Total sessions in contract: 7
2026-02-05 23:15:40 +08:00: 🦞 Active nodes: 50
2026-02-05 23:15:41 +08:00: 📋 Total tracked active sessions: 0
2026-02-05 23:15:41 +08:00: 💤 No active sessions, waiting...
2026-02-05 23:15:52 +08:00: \n📊 Total sessions in contract: 7
2026-02-05 23:15:52 +08:00: 🦞 Active nodes: 50
2026-02-05 23:15:54 +08:00: 📋 Total tracked active sessions: 0
2026-02-05 23:15:54 +08:00: 💤 No active sessions, waiting...
2026-02-05 23:16:04 +08:00: \n📊 Total sessions in contract: 7
2026-02-05 23:16:04 +08:00: 🦞 Active nodes: 50
2026-02-05 23:16:06 +08:00: 📋 Total tracked active sessions: 0
2026-02-05 23:16:06 +08:00: 💤 No active sessions, waiting...
2026-02-05 23:16:16 +08:00: \n📊 Total sessions in contract: 7
2026-02-05 23:16:16 +08:00: 🦞 Active nodes: 50
2026-02-05 23:16:18 +08:00: 📋 Total tracked active sessions: 0
2026-02-05 23:16:18 +08:00: 💤 No active sessions, waiting...
2026-02-05 23:16:28 +08:00: \n📊 Total sessions in contract: 7
2026-02-05 23:16:28 +08:00: 🦞 Active nodes: 50
2026-02-05 23:16:30 +08:00: 📋 Total tracked active sessions: 0
2026-02-05 23:16:30 +08:00: 💤 No active sessions, waiting...
2026-02-05 23:16:40 +08:00: \n📊 Total sessions in contract: 7
2026-02-05 23:16:41 +08:00: 🦞 Active nodes: 50
2026-02-05 23:16:42 +08:00: 📋 Total tracked active sessions: 0
2026-02-05 23:16:42 +08:00: 💤 No active sessions, waiting...
2026-02-05 23:16:53 +08:00: \n📊 Total sessions in contract: 7
2026-02-05 23:16:53 +08:00: 🦞 Active nodes: 50
2026-02-05 23:16:54 +08:00: 📋 Total tracked active sessions: 0
2026-02-05 23:16:54 +08:00: 💤 No active sessions, waiting...
2026-02-05 23:17:05 +08:00: \n📊 Total sessions in contract: 7
2026-02-05 23:17:05 +08:00: 🦞 Active nodes: 50
2026-02-05 23:17:07 +08:00: 📋 Total tracked active sessions: 0
2026-02-05 23:17:07 +08:00: 💤 No active sessions, waiting...
2026-02-05 23:17:17 +08:00: \n📊 Total sessions in contract: 7
2026-02-05 23:17:17 +08:00: 🦞 Active nodes: 50
2026-02-05 23:17:19 +08:00: 📋 Total tracked active sessions: 0
2026-02-05 23:17:19 +08:00: 💤 No active sessions, waiting...
2026-02-05 23:17:29 +08:00: \n📊 Total sessions in contract: 7
2026-02-05 23:17:29 +08:00: 🦞 Active nodes: 50
2026-02-05 23:17:31 +08:00: 📋 Total tracked active sessions: 0
2026-02-05 23:17:31 +08:00: 💤 No active sessions, waiting...
2026-02-05 23:17:41 +08:00: \n📊 Total sessions in contract: 7
2026-02-05 23:17:41 +08:00: 🦞 Active nodes: 50
2026-02-05 23:17:43 +08:00: 📋 Total tracked active sessions: 0
2026-02-05 23:17:43 +08:00: 💤 No active sessions, waiting...
2026-02-05 23:17:53 +08:00: \n📊 Total sessions in contract: 7
2026-02-05 23:17:54 +08:00: 🦞 Active nodes: 50
2026-02-05 23:17:55 +08:00: 📋 Total tracked active sessions: 0
2026-02-05 23:17:55 +08:00: 💤 No active sessions, waiting...
2026-02-05 23:18:06 +08:00: \n📊 Total sessions in contract: 7
2026-02-05 23:18:06 +08:00: 🦞 Active nodes: 50
2026-02-05 23:18:07 +08:00: 📋 Total tracked active sessions: 0
2026-02-05 23:18:07 +08:00: 💤 No active sessions, waiting...
2026-02-05 23:18:18 +08:00: \n📊 Total sessions in contract: 7
2026-02-05 23:18:18 +08:00: 🦞 Active nodes: 50
2026-02-05 23:18:19 +08:00: 📋 Total tracked active sessions: 0
2026-02-05 23:18:19 +08:00: 💤 No active sessions, waiting...
2026-02-05 23:18:30 +08:00: \n📊 Total sessions in contract: 7
2026-02-05 23:18:30 +08:00: 🦞 Active nodes: 50
2026-02-05 23:18:32 +08:00: 📋 Total tracked active sessions: 0
2026-02-05 23:18:32 +08:00: 💤 No active sessions, waiting...
2026-02-05 23:18:42 +08:00: \n📊 Total sessions in contract: 7
2026-02-05 23:18:42 +08:00: 🦞 Active nodes: 50
2026-02-05 23:18:44 +08:00: 📋 Total tracked active sessions: 0
2026-02-05 23:18:44 +08:00: 💤 No active sessions, waiting...
2026-02-05 23:18:54 +08:00: \n📊 Total sessions in contract: 7
2026-02-05 23:18:54 +08:00: 🦞 Active nodes: 50
2026-02-05 23:18:56 +08:00: 📋 Total tracked active sessions: 0
2026-02-05 23:18:56 +08:00: 💤 No active sessions, waiting...
2026-02-05 23:19:06 +08:00: \n📊 Total sessions in contract: 7
2026-02-05 23:19:07 +08:00: 🦞 Active nodes: 50
2026-02-05 23:19:08 +08:00: 📋 Total tracked active sessions: 0
2026-02-05 23:19:08 +08:00: 💤 No active sessions, waiting...
2026-02-05 23:19:18 +08:00: \n📊 Total sessions in contract: 7
2026-02-05 23:19:19 +08:00: 🦞 Active nodes: 50
2026-02-05 23:19:20 +08:00: 📋 Total tracked active sessions: 0
2026-02-05 23:19:20 +08:00: 💤 No active sessions, waiting...
2026-02-05 23:19:31 +08:00: \n📊 Total sessions in contract: 7
2026-02-05 23:19:31 +08:00: 🦞 Active nodes: 50
2026-02-05 23:19:32 +08:00: 📋 Total tracked active sessions: 0
2026-02-05 23:19:32 +08:00: 💤 No active sessions, waiting...
2026-02-05 23:19:43 +08:00: \n📊 Total sessions in contract: 7
2026-02-05 23:19:43 +08:00: 🦞 Active nodes: 50
2026-02-05 23:19:45 +08:00: 📋 Total tracked active sessions: 0
2026-02-05 23:19:45 +08:00: 💤 No active sessions, waiting...
2026-02-05 23:19:55 +08:00: \n📊 Total sessions in contract: 7
2026-02-05 23:19:55 +08:00: 🦞 Active nodes: 50
2026-02-05 23:19:57 +08:00: 📋 Total tracked active sessions: 0
2026-02-05 23:19:57 +08:00: 💤 No active sessions, waiting...
2026-02-05 23:20:07 +08:00: \n📊 Total sessions in contract: 7
2026-02-05 23:20:07 +08:00: 🦞 Active nodes: 50
2026-02-05 23:20:09 +08:00: 📋 Total tracked active sessions: 0
2026-02-05 23:20:09 +08:00: 💤 No active sessions, waiting...
2026-02-05 23:20:19 +08:00: \n📊 Total sessions in contract: 7
2026-02-05 23:20:19 +08:00: 🦞 Active nodes: 50
2026-02-05 23:20:21 +08:00: 📋 Total tracked active sessions: 0
2026-02-05 23:20:21 +08:00: 💤 No active sessions, waiting...
2026-02-05 23:20:32 +08:00: \n📊 Total sessions in contract: 7
2026-02-05 23:20:32 +08:00: 🦞 Active nodes: 50
2026-02-05 23:20:33 +08:00: 📋 Total tracked active sessions: 0
2026-02-05 23:20:33 +08:00: 💤 No active sessions, waiting...
2026-02-05 23:20:44 +08:00: \n📊 Total sessions in contract: 7
2026-02-05 23:20:44 +08:00: 🦞 Active nodes: 50
2026-02-05 23:20:46 +08:00: 📋 Total tracked active sessions: 0
2026-02-05 23:20:46 +08:00: 💤 No active sessions, waiting...
2026-02-05 23:20:56 +08:00: \n📊 Total sessions in contract: 7
2026-02-05 23:20:56 +08:00: 🦞 Active nodes: 50
2026-02-05 23:20:58 +08:00: 📋 Total tracked active sessions: 0
2026-02-05 23:20:58 +08:00: 💤 No active sessions, waiting...
2026-02-05 23:21:08 +08:00: \n📊 Total sessions in contract: 7
2026-02-05 23:21:08 +08:00: 🦞 Active nodes: 50
2026-02-05 23:21:10 +08:00: 📋 Total tracked active sessions: 0
2026-02-05 23:21:10 +08:00: 💤 No active sessions, waiting...
2026-02-05 23:21:20 +08:00: \n📊 Total sessions in contract: 7
2026-02-05 23:21:20 +08:00: 🦞 Active nodes: 50
2026-02-05 23:21:22 +08:00: 📋 Total tracked active sessions: 0
2026-02-05 23:21:22 +08:00: 💤 No active sessions, waiting...
2026-02-05 23:21:33 +08:00: \n📊 Total sessions in contract: 7
2026-02-05 23:21:33 +08:00: 🦞 Active nodes: 50
2026-02-05 23:21:34 +08:00: 📋 Total tracked active sessions: 0
2026-02-05 23:21:34 +08:00: 💤 No active sessions, waiting...
2026-02-05 23:21:45 +08:00: \n📊 Total sessions in contract: 7
2026-02-05 23:21:45 +08:00: 🦞 Active nodes: 50
2026-02-05 23:21:47 +08:00: 📋 Total tracked active sessions: 0
2026-02-05 23:21:47 +08:00: 💤 No active sessions, waiting...
2026-02-05 23:21:57 +08:00: \n📊 Total sessions in contract: 7
2026-02-05 23:21:58 +08:00: 🦞 Active nodes: 50
2026-02-05 23:21:59 +08:00: 📋 Total tracked active sessions: 0
2026-02-05 23:21:59 +08:00: 💤 No active sessions, waiting...
2026-02-05 23:22:10 +08:00: \n📊 Total sessions in contract: 7
2026-02-05 23:22:10 +08:00: 🦞 Active nodes: 50
2026-02-05 23:22:11 +08:00: 📋 Total tracked active sessions: 0
2026-02-05 23:22:11 +08:00: 💤 No active sessions, waiting...
2026-02-05 23:22:22 +08:00: \n📊 Total sessions in contract: 7
2026-02-05 23:22:22 +08:00: 🦞 Active nodes: 50
2026-02-05 23:22:24 +08:00: 📋 Total tracked active sessions: 0
2026-02-05 23:22:24 +08:00: 💤 No active sessions, waiting...
2026-02-05 23:22:34 +08:00: \n📊 Total sessions in contract: 7
2026-02-05 23:22:34 +08:00: 🦞 Active nodes: 50
2026-02-05 23:22:36 +08:00: 📋 Total tracked active sessions: 0
2026-02-05 23:22:36 +08:00: 💤 No active sessions, waiting...
2026-02-05 23:22:46 +08:00: \n📊 Total sessions in contract: 7
2026-02-05 23:22:46 +08:00: 🦞 Active nodes: 50
2026-02-05 23:22:48 +08:00: 📋 Total tracked active sessions: 0
2026-02-05 23:22:48 +08:00: 💤 No active sessions, waiting...
2026-02-05 23:22:58 +08:00: \n📊 Total sessions in contract: 7
2026-02-05 23:22:58 +08:00: 🦞 Active nodes: 50
2026-02-05 23:23:00 +08:00: 📋 Total tracked active sessions: 0
2026-02-05 23:23:00 +08:00: 💤 No active sessions, waiting...
2026-02-05 23:23:10 +08:00: \n📊 Total sessions in contract: 7
2026-02-05 23:23:11 +08:00: 🦞 Active nodes: 50
2026-02-05 23:23:12 +08:00: 📋 Total tracked active sessions: 0
2026-02-05 23:23:12 +08:00: 💤 No active sessions, waiting...
2026-02-05 23:23:23 +08:00: \n📊 Total sessions in contract: 7
2026-02-05 23:23:23 +08:00: 🦞 Active nodes: 50
2026-02-05 23:23:25 +08:00: 📋 Total tracked active sessions: 0
2026-02-05 23:23:25 +08:00: 💤 No active sessions, waiting...
2026-02-05 23:23:35 +08:00: \n📊 Total sessions in contract: 7
2026-02-05 23:23:35 +08:00: 🦞 Active nodes: 50
2026-02-05 23:23:37 +08:00: 📋 Total tracked active sessions: 0
2026-02-05 23:23:37 +08:00: 💤 No active sessions, waiting...
2026-02-05 23:23:47 +08:00: \n📊 Total sessions in contract: 7
2026-02-05 23:23:47 +08:00: 🦞 Active nodes: 50
2026-02-05 23:23:49 +08:00: 📋 Total tracked active sessions: 0
2026-02-05 23:23:49 +08:00: 💤 No active sessions, waiting...
2026-02-05 23:23:59 +08:00: \n📊 Total sessions in contract: 7
2026-02-05 23:24:00 +08:00: 🦞 Active nodes: 50
2026-02-05 23:24:01 +08:00: 📋 Total tracked active sessions: 0
2026-02-05 23:24:01 +08:00: 💤 No active sessions, waiting...
2026-02-05 23:24:11 +08:00: \n📊 Total sessions in contract: 7
2026-02-05 23:24:12 +08:00: 🦞 Active nodes: 50
2026-02-05 23:24:13 +08:00: 📋 Total tracked active sessions: 0
2026-02-05 23:24:13 +08:00: 💤 No active sessions, waiting...
2026-02-05 23:24:24 +08:00: \n📊 Total sessions in contract: 7
2026-02-05 23:24:24 +08:00: 🦞 Active nodes: 50
2026-02-05 23:24:26 +08:00: 📋 Total tracked active sessions: 0
2026-02-05 23:24:26 +08:00: 💤 No active sessions, waiting...
2026-02-05 23:24:36 +08:00: \n📊 Total sessions in contract: 7
2026-02-05 23:24:36 +08:00: 🦞 Active nodes: 50
2026-02-05 23:24:38 +08:00: 📋 Total tracked active sessions: 0
2026-02-05 23:24:38 +08:00: 💤 No active sessions, waiting...
2026-02-05 23:24:48 +08:00: \n📊 Total sessions in contract: 7
2026-02-05 23:24:49 +08:00: 🦞 Active nodes: 50
2026-02-05 23:24:50 +08:00: 📋 Total tracked active sessions: 0
2026-02-05 23:24:50 +08:00: 💤 No active sessions, waiting...
2026-02-05 23:25:01 +08:00: \n📊 Total sessions in contract: 7
2026-02-05 23:25:01 +08:00: 🦞 Active nodes: 50
2026-02-05 23:25:02 +08:00: 📋 Total tracked active sessions: 0
2026-02-05 23:25:02 +08:00: 💤 No active sessions, waiting...
2026-02-05 23:25:13 +08:00: \n📊 Total sessions in contract: 7
2026-02-05 23:25:13 +08:00: 🦞 Active nodes: 50
2026-02-05 23:25:15 +08:00: 📋 Total tracked active sessions: 0
2026-02-05 23:25:15 +08:00: 💤 No active sessions, waiting...
2026-02-05 23:25:25 +08:00: \n📊 Total sessions in contract: 7
2026-02-05 23:25:25 +08:00: 🦞 Active nodes: 50
2026-02-05 23:25:27 +08:00: 📋 Total tracked active sessions: 0
2026-02-05 23:25:27 +08:00: 💤 No active sessions, waiting...
2026-02-05 23:25:37 +08:00: \n📊 Total sessions in contract: 7
2026-02-05 23:25:37 +08:00: 🦞 Active nodes: 50
2026-02-05 23:25:39 +08:00: 📋 Total tracked active sessions: 0
2026-02-05 23:25:39 +08:00: 💤 No active sessions, waiting...
2026-02-05 23:25:49 +08:00: \n📊 Total sessions in contract: 7
2026-02-05 23:25:50 +08:00: 🦞 Active nodes: 50
2026-02-05 23:25:51 +08:00: 📋 Total tracked active sessions: 0
2026-02-05 23:25:51 +08:00: 💤 No active sessions, waiting...
2026-02-05 23:26:01 +08:00: \n📊 Total sessions in contract: 7
2026-02-05 23:26:02 +08:00: 🦞 Active nodes: 50
2026-02-05 23:26:03 +08:00: 📋 Total tracked active sessions: 0
2026-02-05 23:26:03 +08:00: 💤 No active sessions, waiting...
2026-02-05 23:26:14 +08:00: \n📊 Total sessions in contract: 7
2026-02-05 23:26:14 +08:00: 🦞 Active nodes: 50
2026-02-05 23:26:16 +08:00: 📋 Total tracked active sessions: 0
2026-02-05 23:26:16 +08:00: 💤 No active sessions, waiting...
2026-02-05 23:26:26 +08:00: \n📊 Total sessions in contract: 7
2026-02-05 23:26:26 +08:00: 🦞 Active nodes: 50
2026-02-05 23:26:28 +08:00: 📋 Total tracked active sessions: 0
2026-02-05 23:26:28 +08:00: 💤 No active sessions, waiting...
2026-02-05 23:26:38 +08:00: \n📊 Total sessions in contract: 7
2026-02-05 23:26:38 +08:00: 🦞 Active nodes: 50
2026-02-05 23:26:40 +08:00: 📋 Total tracked active sessions: 0
2026-02-05 23:26:40 +08:00: 💤 No active sessions, waiting...
2026-02-05 23:26:50 +08:00: \n📊 Total sessions in contract: 7
2026-02-05 23:26:50 +08:00: 🦞 Active nodes: 50
2026-02-05 23:26:53 +08:00: 📋 Total tracked active sessions: 0
2026-02-05 23:26:53 +08:00: 💤 No active sessions, waiting...
2026-02-05 23:27:03 +08:00: \n📊 Total sessions in contract: 7
2026-02-05 23:27:03 +08:00: 🦞 Active nodes: 50
2026-02-05 23:27:05 +08:00: 📋 Total tracked active sessions: 0
2026-02-05 23:27:05 +08:00: 💤 No active sessions, waiting...
2026-02-05 23:27:15 +08:00: \n📊 Total sessions in contract: 7
2026-02-05 23:27:16 +08:00: 🦞 Active nodes: 50
2026-02-05 23:27:17 +08:00: 📋 Total tracked active sessions: 0
2026-02-05 23:27:17 +08:00: 💤 No active sessions, waiting...
2026-02-05 23:27:28 +08:00: \n📊 Total sessions in contract: 7
2026-02-05 23:27:28 +08:00: 🦞 Active nodes: 50
2026-02-05 23:27:29 +08:00: 📋 Total tracked active sessions: 0
2026-02-05 23:27:29 +08:00: 💤 No active sessions, waiting...
2026-02-05 23:27:40 +08:00: \n📊 Total sessions in contract: 7
2026-02-05 23:27:40 +08:00: 🦞 Active nodes: 50
2026-02-05 23:27:42 +08:00: 📋 Total tracked active sessions: 0
2026-02-05 23:27:42 +08:00: 💤 No active sessions, waiting...
2026-02-05 23:27:52 +08:00: \n📊 Total sessions in contract: 7
2026-02-05 23:27:52 +08:00: 🦞 Active nodes: 50
2026-02-05 23:27:54 +08:00: 📋 Total tracked active sessions: 0
2026-02-05 23:27:54 +08:00: 💤 No active sessions, waiting...
2026-02-05 23:28:04 +08:00: \n📊 Total sessions in contract: 7
2026-02-05 23:28:04 +08:00: 🦞 Active nodes: 50
2026-02-05 23:28:06 +08:00: 📋 Total tracked active sessions: 0
2026-02-05 23:28:06 +08:00: 💤 No active sessions, waiting...
2026-02-05 23:28:16 +08:00: \n📊 Total sessions in contract: 7
2026-02-05 23:28:16 +08:00: 🦞 Active nodes: 50
2026-02-05 23:28:18 +08:00: 📋 Total tracked active sessions: 0
2026-02-05 23:28:18 +08:00: 💤 No active sessions, waiting...
2026-02-05 23:28:28 +08:00: \n📊 Total sessions in contract: 7
2026-02-05 23:28:29 +08:00: 🦞 Active nodes: 50
2026-02-05 23:28:30 +08:00: 📋 Total tracked active sessions: 0
2026-02-05 23:28:30 +08:00: 💤 No active sessions, waiting...
2026-02-05 23:28:40 +08:00: \n📊 Total sessions in contract: 7
2026-02-05 23:28:41 +08:00: 🦞 Active nodes: 50
2026-02-05 23:28:42 +08:00: 📋 Total tracked active sessions: 0
2026-02-05 23:28:42 +08:00: 💤 No active sessions, waiting...
2026-02-05 23:28:53 +08:00: \n📊 Total sessions in contract: 7
2026-02-05 23:28:53 +08:00: 🦞 Active nodes: 50
2026-02-05 23:28:54 +08:00: 📋 Total tracked active sessions: 0
2026-02-05 23:28:54 +08:00: 💤 No active sessions, waiting...
2026-02-05 23:29:05 +08:00: \n📊 Total sessions in contract: 7
2026-02-05 23:29:05 +08:00: 🦞 Active nodes: 50
2026-02-05 23:29:07 +08:00: 📋 Total tracked active sessions: 0
2026-02-05 23:29:07 +08:00: 💤 No active sessions, waiting...
2026-02-05 23:29:17 +08:00: \n📊 Total sessions in contract: 7
2026-02-05 23:29:17 +08:00: 🦞 Active nodes: 50
2026-02-05 23:29:19 +08:00: 📋 Total tracked active sessions: 0
2026-02-05 23:29:19 +08:00: 💤 No active sessions, waiting...
2026-02-05 23:29:29 +08:00: \n📊 Total sessions in contract: 7
2026-02-05 23:29:29 +08:00: 🦞 Active nodes: 50
2026-02-05 23:29:31 +08:00: 📋 Total tracked active sessions: 0
2026-02-05 23:29:31 +08:00: 💤 No active sessions, waiting...
2026-02-05 23:29:41 +08:00: \n📊 Total sessions in contract: 7
2026-02-05 23:29:41 +08:00: 🦞 Active nodes: 50
2026-02-05 23:29:43 +08:00: 📋 Total tracked active sessions: 0
2026-02-05 23:29:43 +08:00: 💤 No active sessions, waiting...
2026-02-05 23:29:53 +08:00: \n📊 Total sessions in contract: 7
2026-02-05 23:29:54 +08:00: 🦞 Active nodes: 50
2026-02-05 23:29:55 +08:00: 📋 Total tracked active sessions: 0
2026-02-05 23:29:55 +08:00: 💤 No active sessions, waiting...
2026-02-05 23:30:06 +08:00: \n📊 Total sessions in contract: 7
2026-02-05 23:30:06 +08:00: 🦞 Active nodes: 50
2026-02-05 23:30:08 +08:00: 📋 Total tracked active sessions: 0
2026-02-05 23:30:08 +08:00: 💤 No active sessions, waiting...
2026-02-05 23:30:18 +08:00: \n📊 Total sessions in contract: 7
2026-02-05 23:30:18 +08:00: 🦞 Active nodes: 50
2026-02-05 23:30:20 +08:00: 📋 Total tracked active sessions: 0
2026-02-05 23:30:20 +08:00: 💤 No active sessions, waiting...
2026-02-05 23:30:30 +08:00: \n📊 Total sessions in contract: 7
2026-02-05 23:30:30 +08:00: 🦞 Active nodes: 50
2026-02-05 23:30:32 +08:00: 📋 Total tracked active sessions: 0
2026-02-05 23:30:32 +08:00: 💤 No active sessions, waiting...
2026-02-05 23:30:42 +08:00: \n📊 Total sessions in contract: 7
2026-02-05 23:30:43 +08:00: 🦞 Active nodes: 50
2026-02-05 23:30:44 +08:00: 📋 Total tracked active sessions: 0
2026-02-05 23:30:44 +08:00: 💤 No active sessions, waiting...
2026-02-05 23:30:55 +08:00: \n📊 Total sessions in contract: 7
2026-02-05 23:30:55 +08:00: 🦞 Active nodes: 50
2026-02-05 23:30:56 +08:00: 📋 Total tracked active sessions: 0
2026-02-05 23:30:56 +08:00: 💤 No active sessions, waiting...
2026-02-05 23:31:07 +08:00: \n📊 Total sessions in contract: 7
2026-02-05 23:31:07 +08:00: 🦞 Active nodes: 50
2026-02-05 23:31:09 +08:00: 📋 Total tracked active sessions: 0
2026-02-05 23:31:09 +08:00: 💤 No active sessions, waiting...
2026-02-05 23:31:19 +08:00: \n📊 Total sessions in contract: 7
2026-02-05 23:31:19 +08:00: 🦞 Active nodes: 50
2026-02-05 23:31:21 +08:00: 📋 Total tracked active sessions: 0
2026-02-05 23:31:21 +08:00: 💤 No active sessions, waiting...
2026-02-05 23:31:31 +08:00: \n📊 Total sessions in contract: 7
2026-02-05 23:31:31 +08:00: 🦞 Active nodes: 50
2026-02-05 23:31:33 +08:00: 📋 Total tracked active sessions: 0
2026-02-05 23:31:33 +08:00: 💤 No active sessions, waiting...
2026-02-05 23:31:43 +08:00: \n📊 Total sessions in contract: 7
2026-02-05 23:31:43 +08:00: 🦞 Active nodes: 50
2026-02-05 23:31:45 +08:00: 📋 Total tracked active sessions: 0
2026-02-05 23:31:45 +08:00: 💤 No active sessions, waiting...
2026-02-05 23:31:55 +08:00: \n📊 Total sessions in contract: 7
2026-02-05 23:31:56 +08:00: 🦞 Active nodes: 50
2026-02-05 23:31:57 +08:00: 📋 Total tracked active sessions: 0
2026-02-05 23:31:57 +08:00: 💤 No active sessions, waiting...
2026-02-05 23:32:07 +08:00: \n📊 Total sessions in contract: 7
2026-02-05 23:32:08 +08:00: 🦞 Active nodes: 50
2026-02-05 23:32:09 +08:00: 📋 Total tracked active sessions: 0
2026-02-05 23:32:09 +08:00: 💤 No active sessions, waiting...
2026-02-05 23:32:20 +08:00: \n📊 Total sessions in contract: 7
2026-02-05 23:32:20 +08:00: 🦞 Active nodes: 50
2026-02-05 23:32:21 +08:00: 📋 Total tracked active sessions: 0
2026-02-05 23:32:21 +08:00: 💤 No active sessions, waiting...
2026-02-05 23:32:32 +08:00: \n📊 Total sessions in contract: 7
2026-02-05 23:32:32 +08:00: 🦞 Active nodes: 50
2026-02-05 23:32:34 +08:00: 📋 Total tracked active sessions: 0
2026-02-05 23:32:34 +08:00: 💤 No active sessions, waiting...
2026-02-05 23:32:44 +08:00: \n📊 Total sessions in contract: 7
2026-02-05 23:32:44 +08:00: 🦞 Active nodes: 50
2026-02-05 23:32:46 +08:00: 📋 Total tracked active sessions: 0
2026-02-05 23:32:46 +08:00: 💤 No active sessions, waiting...
2026-02-05 23:32:57 +08:00: \n📊 Total sessions in contract: 7
2026-02-05 23:32:57 +08:00: 🦞 Active nodes: 50
2026-02-05 23:32:59 +08:00: 📋 Total tracked active sessions: 0
2026-02-05 23:32:59 +08:00: 💤 No active sessions, waiting...
2026-02-05 23:33:09 +08:00: \n📊 Total sessions in contract: 7
2026-02-05 23:33:09 +08:00: 🦞 Active nodes: 50
2026-02-05 23:33:11 +08:00: 📋 Total tracked active sessions: 0
2026-02-05 23:33:11 +08:00: 💤 No active sessions, waiting...
2026-02-05 23:33:21 +08:00: \n📊 Total sessions in contract: 7
2026-02-05 23:33:21 +08:00: 🦞 Active nodes: 50
2026-02-05 23:33:23 +08:00: 📋 Total tracked active sessions: 0
2026-02-05 23:33:23 +08:00: 💤 No active sessions, waiting...
2026-02-05 23:33:33 +08:00: \n📊 Total sessions in contract: 7
2026-02-05 23:33:34 +08:00: 🦞 Active nodes: 50
2026-02-05 23:33:35 +08:00: 📋 Total tracked active sessions: 0
2026-02-05 23:33:35 +08:00: 💤 No active sessions, waiting...
2026-02-05 23:33:45 +08:00: \n📊 Total sessions in contract: 7
2026-02-05 23:33:46 +08:00: 🦞 Active nodes: 50
2026-02-05 23:33:47 +08:00: 📋 Total tracked active sessions: 0
2026-02-05 23:33:47 +08:00: 💤 No active sessions, waiting...
2026-02-05 23:33:58 +08:00: \n📊 Total sessions in contract: 7
2026-02-05 23:33:58 +08:00: 🦞 Active nodes: 50
2026-02-05 23:34:00 +08:00: 📋 Total tracked active sessions: 0
2026-02-05 23:34:00 +08:00: 💤 No active sessions, waiting...
2026-02-05 23:34:10 +08:00: \n📊 Total sessions in contract: 7
2026-02-05 23:34:10 +08:00: 🦞 Active nodes: 50
2026-02-05 23:34:12 +08:00: 📋 Total tracked active sessions: 0
2026-02-05 23:34:12 +08:00: 💤 No active sessions, waiting...
2026-02-05 23:34:23 +08:00: \n📊 Total sessions in contract: 7
2026-02-05 23:34:23 +08:00: 🦞 Active nodes: 50
2026-02-05 23:34:24 +08:00: 📋 Total tracked active sessions: 0
2026-02-05 23:34:24 +08:00: 💤 No active sessions, waiting...
2026-02-05 23:34:35 +08:00: \n📊 Total sessions in contract: 7
2026-02-05 23:34:35 +08:00: 🦞 Active nodes: 50
2026-02-05 23:34:37 +08:00: 📋 Total tracked active sessions: 0
2026-02-05 23:34:37 +08:00: 💤 No active sessions, waiting...
2026-02-05 23:34:47 +08:00: \n📊 Total sessions in contract: 7
2026-02-05 23:34:47 +08:00: 🦞 Active nodes: 50
2026-02-05 23:34:49 +08:00: 📋 Total tracked active sessions: 0
2026-02-05 23:34:49 +08:00: 💤 No active sessions, waiting...
2026-02-05 23:34:59 +08:00: \n📊 Total sessions in contract: 7
2026-02-05 23:34:59 +08:00: 🦞 Active nodes: 50
2026-02-05 23:35:01 +08:00: 📋 Total tracked active sessions: 0
2026-02-05 23:35:01 +08:00: 💤 No active sessions, waiting...
2026-02-05 23:35:11 +08:00: \n📊 Total sessions in contract: 7
2026-02-05 23:35:11 +08:00: 🦞 Active nodes: 50
2026-02-05 23:35:13 +08:00: 📋 Total tracked active sessions: 0
2026-02-05 23:35:13 +08:00: 💤 No active sessions, waiting...
2026-02-05 23:35:23 +08:00: \n📊 Total sessions in contract: 7
2026-02-05 23:35:24 +08:00: 🦞 Active nodes: 50
2026-02-05 23:35:25 +08:00: 📋 Total tracked active sessions: 0
2026-02-05 23:35:25 +08:00: 💤 No active sessions, waiting...
2026-02-05 23:35:35 +08:00: \n📊 Total sessions in contract: 7
2026-02-05 23:35:36 +08:00: 🦞 Active nodes: 50
2026-02-05 23:35:37 +08:00: 📋 Total tracked active sessions: 0
2026-02-05 23:35:37 +08:00: 💤 No active sessions, waiting...
2026-02-05 23:35:48 +08:00: \n📊 Total sessions in contract: 7
2026-02-05 23:35:48 +08:00: 🦞 Active nodes: 50
2026-02-05 23:35:49 +08:00: 📋 Total tracked active sessions: 0
2026-02-05 23:35:49 +08:00: 💤 No active sessions, waiting...
2026-02-05 23:36:00 +08:00: \n📊 Total sessions in contract: 7
2026-02-05 23:36:00 +08:00: 🦞 Active nodes: 50
2026-02-05 23:36:02 +08:00: 📋 Total tracked active sessions: 0
2026-02-05 23:36:02 +08:00: 💤 No active sessions, waiting...
2026-02-05 23:36:12 +08:00: \n📊 Total sessions in contract: 7
2026-02-05 23:36:12 +08:00: 🦞 Active nodes: 50
2026-02-05 23:36:14 +08:00: 📋 Total tracked active sessions: 0
2026-02-05 23:36:14 +08:00: 💤 No active sessions, waiting...
2026-02-05 23:36:24 +08:00: \n📊 Total sessions in contract: 7
2026-02-05 23:36:24 +08:00: 🦞 Active nodes: 50
2026-02-05 23:36:26 +08:00: 📋 Total tracked active sessions: 0
2026-02-05 23:36:26 +08:00: 💤 No active sessions, waiting...
2026-02-05 23:36:36 +08:00: \n📊 Total sessions in contract: 7
2026-02-05 23:36:36 +08:00: 🦞 Active nodes: 50
2026-02-05 23:36:38 +08:00: 📋 Total tracked active sessions: 0
2026-02-05 23:36:38 +08:00: 💤 No active sessions, waiting...
2026-02-05 23:36:48 +08:00: \n📊 Total sessions in contract: 7
2026-02-05 23:36:49 +08:00: 🦞 Active nodes: 50
2026-02-05 23:36:50 +08:00: 📋 Total tracked active sessions: 0
2026-02-05 23:36:50 +08:00: 💤 No active sessions, waiting...
2026-02-05 23:37:00 +08:00: \n📊 Total sessions in contract: 7
2026-02-05 23:37:01 +08:00: 🦞 Active nodes: 50
2026-02-05 23:37:02 +08:00: 📋 Total tracked active sessions: 0
2026-02-05 23:37:02 +08:00: 💤 No active sessions, waiting...
2026-02-05 23:37:13 +08:00: \n📊 Total sessions in contract: 7
2026-02-05 23:37:13 +08:00: 🦞 Active nodes: 50
2026-02-05 23:37:15 +08:00: 📋 Total tracked active sessions: 0
2026-02-05 23:37:15 +08:00: 💤 No active sessions, waiting...
2026-02-05 23:37:25 +08:00: \n📊 Total sessions in contract: 7
2026-02-05 23:37:25 +08:00: 🦞 Active nodes: 50
2026-02-05 23:37:27 +08:00: 📋 Total tracked active sessions: 0
2026-02-05 23:37:27 +08:00: 💤 No active sessions, waiting...
2026-02-05 23:37:37 +08:00: \n📊 Total sessions in contract: 7
2026-02-05 23:37:37 +08:00: 🦞 Active nodes: 50
2026-02-05 23:37:39 +08:00: 📋 Total tracked active sessions: 0
2026-02-05 23:37:39 +08:00: 💤 No active sessions, waiting...
2026-02-05 23:37:49 +08:00: \n📊 Total sessions in contract: 7
2026-02-05 23:37:49 +08:00: 🦞 Active nodes: 50
2026-02-05 23:37:51 +08:00: 📋 Total tracked active sessions: 0
2026-02-05 23:37:51 +08:00: 💤 No active sessions, waiting...
2026-02-05 23:38:01 +08:00: \n📊 Total sessions in contract: 7
2026-02-05 23:38:02 +08:00: 🦞 Active nodes: 50
2026-02-05 23:38:03 +08:00: 📋 Total tracked active sessions: 0
2026-02-05 23:38:03 +08:00: 💤 No active sessions, waiting...
2026-02-05 23:38:13 +08:00: \n📊 Total sessions in contract: 7
2026-02-05 23:38:14 +08:00: 🦞 Active nodes: 50
2026-02-05 23:38:15 +08:00: 📋 Total tracked active sessions: 0
2026-02-05 23:38:15 +08:00: 💤 No active sessions, waiting...
2026-02-05 23:38:26 +08:00: \n📊 Total sessions in contract: 7
2026-02-05 23:38:26 +08:00: 🦞 Active nodes: 50
2026-02-05 23:38:27 +08:00: 📋 Total tracked active sessions: 0
2026-02-05 23:38:27 +08:00: 💤 No active sessions, waiting...
2026-02-05 23:38:38 +08:00: \n📊 Total sessions in contract: 7
2026-02-05 23:38:38 +08:00: 🦞 Active nodes: 50
2026-02-05 23:38:40 +08:00: 📋 Total tracked active sessions: 0
2026-02-05 23:38:40 +08:00: 💤 No active sessions, waiting...
2026-02-05 23:38:50 +08:00: \n📊 Total sessions in contract: 7
2026-02-05 23:38:50 +08:00: 🦞 Active nodes: 50
2026-02-05 23:38:52 +08:00: 📋 Total tracked active sessions: 0
2026-02-05 23:38:52 +08:00: 💤 No active sessions, waiting...
2026-02-05 23:39:02 +08:00: \n📊 Total sessions in contract: 7
2026-02-05 23:39:02 +08:00: 🦞 Active nodes: 50
2026-02-05 23:39:04 +08:00: 📋 Total tracked active sessions: 0
2026-02-05 23:39:04 +08:00: 💤 No active sessions, waiting...
2026-02-05 23:39:14 +08:00: \n📊 Total sessions in contract: 7
2026-02-05 23:39:14 +08:00: 🦞 Active nodes: 50
2026-02-05 23:39:16 +08:00: 📋 Total tracked active sessions: 0
2026-02-05 23:39:16 +08:00: 💤 No active sessions, waiting...
2026-02-05 23:39:26 +08:00: \n📊 Total sessions in contract: 7
2026-02-05 23:39:27 +08:00: 🦞 Active nodes: 50
2026-02-05 23:39:28 +08:00: 📋 Total tracked active sessions: 0
2026-02-05 23:39:28 +08:00: 💤 No active sessions, waiting...
2026-02-05 23:39:39 +08:00: \n📊 Total sessions in contract: 7
2026-02-05 23:39:39 +08:00: 🦞 Active nodes: 50
2026-02-05 23:39:40 +08:00: 📋 Total tracked active sessions: 0
2026-02-05 23:39:40 +08:00: 💤 No active sessions, waiting...
2026-02-05 23:39:51 +08:00: \n📊 Total sessions in contract: 7
2026-02-05 23:39:51 +08:00: 🦞 Active nodes: 50
2026-02-05 23:39:52 +08:00: 📋 Total tracked active sessions: 0
2026-02-05 23:39:52 +08:00: 💤 No active sessions, waiting...
2026-02-05 23:40:03 +08:00: \n📊 Total sessions in contract: 7
2026-02-05 23:40:03 +08:00: 🦞 Active nodes: 50
2026-02-05 23:40:05 +08:00: 📋 Total tracked active sessions: 0
2026-02-05 23:40:05 +08:00: 💤 No active sessions, waiting...
2026-02-05 23:40:15 +08:00: \n📊 Total sessions in contract: 7
2026-02-05 23:40:15 +08:00: 🦞 Active nodes: 50
2026-02-05 23:40:17 +08:00: 📋 Total tracked active sessions: 0
2026-02-05 23:40:17 +08:00: 💤 No active sessions, waiting...
2026-02-05 23:40:28 +08:00: \n📊 Total sessions in contract: 7
2026-02-05 23:40:28 +08:00: 🦞 Active nodes: 50
2026-02-05 23:40:29 +08:00: 📋 Total tracked active sessions: 0
2026-02-05 23:40:29 +08:00: 💤 No active sessions, waiting...
2026-02-05 23:40:40 +08:00: \n📊 Total sessions in contract: 7
2026-02-05 23:40:40 +08:00: 🦞 Active nodes: 50
2026-02-05 23:40:42 +08:00: 📋 Total tracked active sessions: 0
2026-02-05 23:40:42 +08:00: 💤 No active sessions, waiting...
2026-02-05 23:40:52 +08:00: \n📊 Total sessions in contract: 7
2026-02-05 23:40:52 +08:00: 🦞 Active nodes: 50
2026-02-05 23:40:54 +08:00: 📋 Total tracked active sessions: 0
2026-02-05 23:40:54 +08:00: 💤 No active sessions, waiting...
2026-02-05 23:41:04 +08:00: \n📊 Total sessions in contract: 7
2026-02-05 23:41:05 +08:00: 🦞 Active nodes: 50
2026-02-05 23:41:06 +08:00: 📋 Total tracked active sessions: 0
2026-02-05 23:41:06 +08:00: 💤 No active sessions, waiting...
2026-02-05 23:41:17 +08:00: \n📊 Total sessions in contract: 7
2026-02-05 23:41:17 +08:00: 🦞 Active nodes: 50
2026-02-05 23:41:18 +08:00: 📋 Total tracked active sessions: 0
2026-02-05 23:41:18 +08:00: 💤 No active sessions, waiting...
2026-02-05 23:41:29 +08:00: \n📊 Total sessions in contract: 7
2026-02-05 23:41:29 +08:00: 🦞 Active nodes: 50
2026-02-05 23:41:31 +08:00: 📋 Total tracked active sessions: 0
2026-02-05 23:41:31 +08:00: 💤 No active sessions, waiting...
2026-02-05 23:41:41 +08:00: \n📊 Total sessions in contract: 7
2026-02-05 23:41:41 +08:00: 🦞 Active nodes: 50
2026-02-05 23:41:43 +08:00: 📋 Total tracked active sessions: 0
2026-02-05 23:41:43 +08:00: 💤 No active sessions, waiting...
2026-02-05 23:41:53 +08:00: \n📊 Total sessions in contract: 7
2026-02-05 23:41:53 +08:00: 🦞 Active nodes: 50
2026-02-05 23:41:55 +08:00: 📋 Total tracked active sessions: 0
2026-02-05 23:41:55 +08:00: 💤 No active sessions, waiting...
2026-02-05 23:42:05 +08:00: \n📊 Total sessions in contract: 7
2026-02-05 23:42:05 +08:00: 🦞 Active nodes: 50
2026-02-05 23:42:07 +08:00: 📋 Total tracked active sessions: 0
2026-02-05 23:42:07 +08:00: 💤 No active sessions, waiting...
2026-02-05 23:42:17 +08:00: \n📊 Total sessions in contract: 7
2026-02-05 23:42:18 +08:00: 🦞 Active nodes: 50
2026-02-05 23:42:19 +08:00: 📋 Total tracked active sessions: 0
2026-02-05 23:42:19 +08:00: 💤 No active sessions, waiting...
2026-02-05 23:42:29 +08:00: \n📊 Total sessions in contract: 7
2026-02-05 23:42:30 +08:00: 🦞 Active nodes: 50
2026-02-05 23:42:31 +08:00: 📋 Total tracked active sessions: 0
2026-02-05 23:42:31 +08:00: 💤 No active sessions, waiting...
2026-02-05 23:42:42 +08:00: \n📊 Total sessions in contract: 7
2026-02-05 23:42:42 +08:00: 🦞 Active nodes: 50
2026-02-05 23:42:43 +08:00: 📋 Total tracked active sessions: 0
2026-02-05 23:42:43 +08:00: 💤 No active sessions, waiting...
2026-02-05 23:42:54 +08:00: \n📊 Total sessions in contract: 7
2026-02-05 23:42:54 +08:00: 🦞 Active nodes: 50
2026-02-05 23:42:56 +08:00: 📋 Total tracked active sessions: 0
2026-02-05 23:42:56 +08:00: 💤 No active sessions, waiting...
2026-02-05 23:43:06 +08:00: \n📊 Total sessions in contract: 7
2026-02-05 23:43:06 +08:00: 🦞 Active nodes: 50
2026-02-05 23:43:08 +08:00: 📋 Total tracked active sessions: 0
2026-02-05 23:43:08 +08:00: 💤 No active sessions, waiting...
2026-02-05 23:43:18 +08:00: \n📊 Total sessions in contract: 7
2026-02-05 23:43:18 +08:00: 🦞 Active nodes: 50
2026-02-05 23:43:20 +08:00: 📋 Total tracked active sessions: 0
2026-02-05 23:43:20 +08:00: 💤 No active sessions, waiting...
2026-02-05 23:43:30 +08:00: \n📊 Total sessions in contract: 7
2026-02-05 23:43:31 +08:00: 🦞 Active nodes: 50
2026-02-05 23:43:32 +08:00: 📋 Total tracked active sessions: 0
2026-02-05 23:43:32 +08:00: 💤 No active sessions, waiting...
2026-02-05 23:43:42 +08:00: \n📊 Total sessions in contract: 7
2026-02-05 23:43:43 +08:00: 🦞 Active nodes: 50
2026-02-05 23:43:44 +08:00: 📋 Total tracked active sessions: 0
2026-02-05 23:43:44 +08:00: 💤 No active sessions, waiting...
2026-02-05 23:43:55 +08:00: \n📊 Total sessions in contract: 7
2026-02-05 23:43:55 +08:00: 🦞 Active nodes: 50
2026-02-05 23:43:56 +08:00: 📋 Total tracked active sessions: 0
2026-02-05 23:43:56 +08:00: 💤 No active sessions, waiting...
2026-02-05 23:44:07 +08:00: \n📊 Total sessions in contract: 7
2026-02-05 23:44:07 +08:00: 🦞 Active nodes: 50
2026-02-05 23:44:09 +08:00: 📋 Total tracked active sessions: 0
2026-02-05 23:44:09 +08:00: 💤 No active sessions, waiting...
2026-02-05 23:44:19 +08:00: \n📊 Total sessions in contract: 7
2026-02-05 23:44:19 +08:00: 🦞 Active nodes: 50
2026-02-05 23:44:21 +08:00: 📋 Total tracked active sessions: 0
2026-02-05 23:44:21 +08:00: 💤 No active sessions, waiting...
2026-02-05 23:44:31 +08:00: \n📊 Total sessions in contract: 7
2026-02-05 23:44:31 +08:00: 🦞 Active nodes: 50
2026-02-05 23:44:33 +08:00: 📋 Total tracked active sessions: 0
2026-02-05 23:44:33 +08:00: 💤 No active sessions, waiting...
2026-02-05 23:44:43 +08:00: \n📊 Total sessions in contract: 7
2026-02-05 23:44:44 +08:00: 🦞 Active nodes: 50
2026-02-05 23:44:45 +08:00: 📋 Total tracked active sessions: 0
2026-02-05 23:44:45 +08:00: 💤 No active sessions, waiting...
2026-02-05 23:44:56 +08:00: \n📊 Total sessions in contract: 7
2026-02-05 23:44:56 +08:00: 🦞 Active nodes: 50
2026-02-05 23:44:57 +08:00: 📋 Total tracked active sessions: 0
2026-02-05 23:44:57 +08:00: 💤 No active sessions, waiting...
2026-02-05 23:45:08 +08:00: \n📊 Total sessions in contract: 7
2026-02-05 23:45:08 +08:00: 🦞 Active nodes: 50
2026-02-05 23:45:10 +08:00: 📋 Total tracked active sessions: 0
2026-02-05 23:45:10 +08:00: 💤 No active sessions, waiting...
2026-02-05 23:45:20 +08:00: \n📊 Total sessions in contract: 7
2026-02-05 23:45:20 +08:00: 🦞 Active nodes: 50
2026-02-05 23:45:22 +08:00: 📋 Total tracked active sessions: 0
2026-02-05 23:45:22 +08:00: 💤 No active sessions, waiting...
2026-02-05 23:45:32 +08:00: \n📊 Total sessions in contract: 7
2026-02-05 23:45:32 +08:00: 🦞 Active nodes: 50
2026-02-05 23:45:34 +08:00: 📋 Total tracked active sessions: 0
2026-02-05 23:45:34 +08:00: 💤 No active sessions, waiting...
2026-02-05 23:45:44 +08:00: \n📊 Total sessions in contract: 7
2026-02-05 23:45:44 +08:00: 🦞 Active nodes: 50
2026-02-05 23:45:46 +08:00: 📋 Total tracked active sessions: 0
2026-02-05 23:45:46 +08:00: 💤 No active sessions, waiting...
2026-02-05 23:45:56 +08:00: \n📊 Total sessions in contract: 7
2026-02-05 23:45:57 +08:00: 🦞 Active nodes: 50
2026-02-05 23:45:58 +08:00: 📋 Total tracked active sessions: 0
2026-02-05 23:45:58 +08:00: 💤 No active sessions, waiting...
2026-02-05 23:46:08 +08:00: \n📊 Total sessions in contract: 7
2026-02-05 23:46:09 +08:00: 🦞 Active nodes: 50
2026-02-05 23:46:10 +08:00: 📋 Total tracked active sessions: 0
2026-02-05 23:46:10 +08:00: 💤 No active sessions, waiting...
2026-02-05 23:46:21 +08:00: \n📊 Total sessions in contract: 7
2026-02-05 23:46:21 +08:00: 🦞 Active nodes: 50
2026-02-05 23:46:22 +08:00: 📋 Total tracked active sessions: 0
2026-02-05 23:46:22 +08:00: 💤 No active sessions, waiting...
2026-02-05 23:46:33 +08:00: \n📊 Total sessions in contract: 7
2026-02-05 23:46:33 +08:00: 🦞 Active nodes: 50
2026-02-05 23:46:35 +08:00: 📋 Total tracked active sessions: 0
2026-02-05 23:46:35 +08:00: 💤 No active sessions, waiting...
2026-02-05 23:46:45 +08:00: \n📊 Total sessions in contract: 7
2026-02-05 23:46:45 +08:00: 🦞 Active nodes: 50
2026-02-05 23:46:47 +08:00: 📋 Total tracked active sessions: 0
2026-02-05 23:46:47 +08:00: 💤 No active sessions, waiting...
2026-02-05 23:46:57 +08:00: \n📊 Total sessions in contract: 7
2026-02-05 23:46:57 +08:00: 🦞 Active nodes: 50
2026-02-05 23:46:59 +08:00: 📋 Total tracked active sessions: 0
2026-02-05 23:46:59 +08:00: 💤 No active sessions, waiting...
2026-02-05 23:47:09 +08:00: \n📊 Total sessions in contract: 7
2026-02-05 23:47:09 +08:00: 🦞 Active nodes: 50
2026-02-05 23:47:11 +08:00: 📋 Total tracked active sessions: 0
2026-02-05 23:47:11 +08:00: 💤 No active sessions, waiting...
2026-02-05 23:47:21 +08:00: \n📊 Total sessions in contract: 7
2026-02-05 23:47:22 +08:00: 🦞 Active nodes: 50
2026-02-05 23:47:23 +08:00: 📋 Total tracked active sessions: 0
2026-02-05 23:47:23 +08:00: 💤 No active sessions, waiting...
2026-02-05 23:47:34 +08:00: \n📊 Total sessions in contract: 7
2026-02-05 23:47:34 +08:00: 🦞 Active nodes: 50
2026-02-05 23:47:35 +08:00: 📋 Total tracked active sessions: 0
2026-02-05 23:47:35 +08:00: 💤 No active sessions, waiting...
2026-02-05 23:47:46 +08:00: \n📊 Total sessions in contract: 7
2026-02-05 23:47:46 +08:00: 🦞 Active nodes: 50
2026-02-05 23:47:48 +08:00: 📋 Total tracked active sessions: 0
2026-02-05 23:47:48 +08:00: 💤 No active sessions, waiting...
2026-02-05 23:47:58 +08:00: \n📊 Total sessions in contract: 7
2026-02-05 23:47:58 +08:00: 🦞 Active nodes: 50
2026-02-05 23:48:00 +08:00: 📋 Total tracked active sessions: 0
2026-02-05 23:48:00 +08:00: 💤 No active sessions, waiting...
2026-02-05 23:48:10 +08:00: \n📊 Total sessions in contract: 7
2026-02-05 23:48:10 +08:00: 🦞 Active nodes: 50
2026-02-05 23:48:12 +08:00: 📋 Total tracked active sessions: 0
2026-02-05 23:48:12 +08:00: 💤 No active sessions, waiting...
2026-02-05 23:48:22 +08:00: \n📊 Total sessions in contract: 7
2026-02-05 23:48:22 +08:00: 🦞 Active nodes: 50
2026-02-05 23:48:24 +08:00: 📋 Total tracked active sessions: 0
2026-02-05 23:48:24 +08:00: 💤 No active sessions, waiting...
2026-02-05 23:48:34 +08:00: \n📊 Total sessions in contract: 7
2026-02-05 23:48:34 +08:00: 🦞 Active nodes: 50
2026-02-05 23:48:36 +08:00: 📋 Total tracked active sessions: 0
2026-02-05 23:48:36 +08:00: 💤 No active sessions, waiting...
2026-02-05 23:48:46 +08:00: \n📊 Total sessions in contract: 7
2026-02-05 23:48:47 +08:00: 🦞 Active nodes: 50
2026-02-05 23:48:48 +08:00: 📋 Total tracked active sessions: 0
2026-02-05 23:48:48 +08:00: 💤 No active sessions, waiting...
2026-02-05 23:48:58 +08:00: \n📊 Total sessions in contract: 7
2026-02-05 23:48:59 +08:00: 🦞 Active nodes: 50
2026-02-05 23:49:00 +08:00: 📋 Total tracked active sessions: 0
2026-02-05 23:49:00 +08:00: 💤 No active sessions, waiting...
2026-02-05 23:49:11 +08:00: \n📊 Total sessions in contract: 7
2026-02-05 23:49:11 +08:00: 🦞 Active nodes: 50
2026-02-05 23:49:12 +08:00: 📋 Total tracked active sessions: 0
2026-02-05 23:49:12 +08:00: 💤 No active sessions, waiting...
2026-02-05 23:49:23 +08:00: \n📊 Total sessions in contract: 7
2026-02-05 23:49:23 +08:00: 🦞 Active nodes: 50
2026-02-05 23:49:25 +08:00: 📋 Total tracked active sessions: 0
2026-02-05 23:49:25 +08:00: 💤 No active sessions, waiting...
2026-02-05 23:49:35 +08:00: \n📊 Total sessions in contract: 7
2026-02-05 23:49:35 +08:00: 🦞 Active nodes: 50
2026-02-05 23:49:37 +08:00: 📋 Total tracked active sessions: 0
2026-02-05 23:49:37 +08:00: 💤 No active sessions, waiting...
2026-02-05 23:49:47 +08:00: \n📊 Total sessions in contract: 7
2026-02-05 23:49:47 +08:00: 🦞 Active nodes: 50
2026-02-05 23:49:49 +08:00: 📋 Total tracked active sessions: 0
2026-02-05 23:49:49 +08:00: 💤 No active sessions, waiting...
2026-02-05 23:49:59 +08:00: \n📊 Total sessions in contract: 7
2026-02-05 23:49:59 +08:00: 🦞 Active nodes: 50
2026-02-05 23:50:01 +08:00: 📋 Total tracked active sessions: 0
2026-02-05 23:50:01 +08:00: 💤 No active sessions, waiting...
2026-02-05 23:50:11 +08:00: \n📊 Total sessions in contract: 7
2026-02-05 23:50:12 +08:00: 🦞 Active nodes: 50
2026-02-05 23:50:13 +08:00: 📋 Total tracked active sessions: 0
2026-02-05 23:50:13 +08:00: 💤 No active sessions, waiting...
2026-02-05 23:50:23 +08:00: \n📊 Total sessions in contract: 7
2026-02-05 23:50:24 +08:00: 🦞 Active nodes: 50
2026-02-05 23:50:25 +08:00: 📋 Total tracked active sessions: 0
2026-02-05 23:50:25 +08:00: 💤 No active sessions, waiting...
2026-02-05 23:50:36 +08:00: \n📊 Total sessions in contract: 7
2026-02-05 23:50:36 +08:00: 🦞 Active nodes: 50
2026-02-05 23:50:37 +08:00: 📋 Total tracked active sessions: 0
2026-02-05 23:50:37 +08:00: 💤 No active sessions, waiting...
2026-02-05 23:50:48 +08:00: \n📊 Total sessions in contract: 7
2026-02-05 23:50:48 +08:00: 🦞 Active nodes: 50
2026-02-05 23:50:50 +08:00: 📋 Total tracked active sessions: 0
2026-02-05 23:50:50 +08:00: 💤 No active sessions, waiting...
2026-02-05 23:51:00 +08:00: \n📊 Total sessions in contract: 7
2026-02-05 23:51:00 +08:00: 🦞 Active nodes: 50
2026-02-05 23:51:02 +08:00: 📋 Total tracked active sessions: 0
2026-02-05 23:51:02 +08:00: 💤 No active sessions, waiting...
2026-02-05 23:51:12 +08:00: \n📊 Total sessions in contract: 7
2026-02-05 23:51:12 +08:00: 🦞 Active nodes: 50
2026-02-05 23:51:14 +08:00: 📋 Total tracked active sessions: 0
2026-02-05 23:51:14 +08:00: 💤 No active sessions, waiting...
2026-02-05 23:51:24 +08:00: \n📊 Total sessions in contract: 7
2026-02-05 23:51:25 +08:00: 🦞 Active nodes: 50
2026-02-05 23:51:26 +08:00: 📋 Total tracked active sessions: 0
2026-02-05 23:51:26 +08:00: 💤 No active sessions, waiting...
2026-02-05 23:51:36 +08:00: \n📊 Total sessions in contract: 7
2026-02-05 23:51:37 +08:00: 🦞 Active nodes: 50
2026-02-05 23:51:38 +08:00: 📋 Total tracked active sessions: 0
2026-02-05 23:51:38 +08:00: 💤 No active sessions, waiting...
2026-02-05 23:51:49 +08:00: \n📊 Total sessions in contract: 7
2026-02-05 23:51:49 +08:00: 🦞 Active nodes: 50
2026-02-05 23:51:50 +08:00: 📋 Total tracked active sessions: 0
2026-02-05 23:51:50 +08:00: 💤 No active sessions, waiting...
2026-02-05 23:52:01 +08:00: \n📊 Total sessions in contract: 7
2026-02-05 23:52:01 +08:00: 🦞 Active nodes: 50
2026-02-05 23:52:02 +08:00: 📋 Total tracked active sessions: 0
2026-02-05 23:52:02 +08:00: 💤 No active sessions, waiting...
2026-02-05 23:52:13 +08:00: \n📊 Total sessions in contract: 7
2026-02-05 23:52:13 +08:00: 🦞 Active nodes: 50
2026-02-05 23:52:15 +08:00: 📋 Total tracked active sessions: 0
2026-02-05 23:52:15 +08:00: 💤 No active sessions, waiting...
2026-02-05 23:52:25 +08:00: \n📊 Total sessions in contract: 7
2026-02-05 23:52:25 +08:00: 🦞 Active nodes: 50
2026-02-05 23:52:27 +08:00: 📋 Total tracked active sessions: 0
2026-02-05 23:52:27 +08:00: 💤 No active sessions, waiting...
2026-02-05 23:52:37 +08:00: \n📊 Total sessions in contract: 7
2026-02-05 23:52:37 +08:00: 🦞 Active nodes: 50
2026-02-05 23:52:39 +08:00: 📋 Total tracked active sessions: 0
2026-02-05 23:52:39 +08:00: 💤 No active sessions, waiting...
2026-02-05 23:52:49 +08:00: \n📊 Total sessions in contract: 7
2026-02-05 23:52:49 +08:00: 🦞 Active nodes: 50
2026-02-05 23:52:51 +08:00: 📋 Total tracked active sessions: 0
2026-02-05 23:52:51 +08:00: 💤 No active sessions, waiting...
2026-02-05 23:53:01 +08:00: \n📊 Total sessions in contract: 7
2026-02-05 23:53:02 +08:00: 🦞 Active nodes: 50
2026-02-05 23:53:03 +08:00: 📋 Total tracked active sessions: 0
2026-02-05 23:53:03 +08:00: 💤 No active sessions, waiting...
2026-02-05 23:53:14 +08:00: \n📊 Total sessions in contract: 7
2026-02-05 23:53:14 +08:00: 🦞 Active nodes: 50
2026-02-05 23:53:16 +08:00: 📋 Total tracked active sessions: 0
2026-02-05 23:53:16 +08:00: 💤 No active sessions, waiting...
2026-02-05 23:53:26 +08:00: \n📊 Total sessions in contract: 7
2026-02-05 23:53:26 +08:00: 🦞 Active nodes: 50
2026-02-05 23:53:28 +08:00: 📋 Total tracked active sessions: 0
2026-02-05 23:53:28 +08:00: 💤 No active sessions, waiting...
2026-02-05 23:53:38 +08:00: \n📊 Total sessions in contract: 7
2026-02-05 23:53:38 +08:00: 🦞 Active nodes: 50
2026-02-05 23:53:40 +08:00: 📋 Total tracked active sessions: 0
2026-02-05 23:53:40 +08:00: 💤 No active sessions, waiting...
2026-02-05 23:53:50 +08:00: \n📊 Total sessions in contract: 7
2026-02-05 23:53:51 +08:00: 🦞 Active nodes: 50
2026-02-05 23:53:52 +08:00: 📋 Total tracked active sessions: 0
2026-02-05 23:53:52 +08:00: 💤 No active sessions, waiting...
2026-02-05 23:54:02 +08:00: \n📊 Total sessions in contract: 7
2026-02-05 23:54:03 +08:00: 🦞 Active nodes: 50
2026-02-05 23:54:04 +08:00: 📋 Total tracked active sessions: 0
2026-02-05 23:54:04 +08:00: 💤 No active sessions, waiting...
2026-02-05 23:54:15 +08:00: \n📊 Total sessions in contract: 7
2026-02-05 23:54:15 +08:00: 🦞 Active nodes: 50
2026-02-05 23:54:16 +08:00: 📋 Total tracked active sessions: 0
2026-02-05 23:54:16 +08:00: 💤 No active sessions, waiting...
2026-02-05 23:54:27 +08:00: \n📊 Total sessions in contract: 7
2026-02-05 23:54:27 +08:00: 🦞 Active nodes: 50
2026-02-05 23:54:29 +08:00: 📋 Total tracked active sessions: 0
2026-02-05 23:54:29 +08:00: 💤 No active sessions, waiting...
2026-02-05 23:54:39 +08:00: \n📊 Total sessions in contract: 7
2026-02-05 23:54:39 +08:00: 🦞 Active nodes: 50
2026-02-05 23:54:41 +08:00: 📋 Total tracked active sessions: 0
2026-02-05 23:54:41 +08:00: 💤 No active sessions, waiting...
2026-02-05 23:54:51 +08:00: \n📊 Total sessions in contract: 7
2026-02-05 23:54:51 +08:00: 🦞 Active nodes: 50
2026-02-05 23:54:53 +08:00: 📋 Total tracked active sessions: 0
2026-02-05 23:54:53 +08:00: 💤 No active sessions, waiting...
2026-02-05 23:55:03 +08:00: \n📊 Total sessions in contract: 7
2026-02-05 23:55:03 +08:00: 🦞 Active nodes: 50
2026-02-05 23:55:05 +08:00: 📋 Total tracked active sessions: 0
2026-02-05 23:55:05 +08:00: 💤 No active sessions, waiting...
2026-02-05 23:55:15 +08:00: \n📊 Total sessions in contract: 7
2026-02-05 23:55:16 +08:00: 🦞 Active nodes: 50
2026-02-05 23:55:17 +08:00: 📋 Total tracked active sessions: 0
2026-02-05 23:55:17 +08:00: 💤 No active sessions, waiting...
2026-02-05 23:55:28 +08:00: \n📊 Total sessions in contract: 7
2026-02-05 23:55:28 +08:00: 🦞 Active nodes: 50
2026-02-05 23:55:29 +08:00: 📋 Total tracked active sessions: 0
2026-02-05 23:55:29 +08:00: 💤 No active sessions, waiting...
2026-02-05 23:55:40 +08:00: \n📊 Total sessions in contract: 7
2026-02-05 23:55:40 +08:00: 🦞 Active nodes: 50
2026-02-05 23:55:41 +08:00: 📋 Total tracked active sessions: 0
2026-02-05 23:55:41 +08:00: 💤 No active sessions, waiting...
2026-02-05 23:55:52 +08:00: \n📊 Total sessions in contract: 7
2026-02-05 23:55:52 +08:00: 🦞 Active nodes: 50
2026-02-05 23:55:54 +08:00: 📋 Total tracked active sessions: 0
2026-02-05 23:55:54 +08:00: 💤 No active sessions, waiting...
2026-02-05 23:56:04 +08:00: \n📊 Total sessions in contract: 7
2026-02-05 23:56:04 +08:00: 🦞 Active nodes: 50
2026-02-05 23:56:06 +08:00: 📋 Total tracked active sessions: 0
2026-02-05 23:56:06 +08:00: 💤 No active sessions, waiting...
2026-02-05 23:56:16 +08:00: \n📊 Total sessions in contract: 7
2026-02-05 23:56:17 +08:00: 🦞 Active nodes: 50
2026-02-05 23:56:18 +08:00: 📋 Total tracked active sessions: 0
2026-02-05 23:56:18 +08:00: 💤 No active sessions, waiting...
2026-02-05 23:56:28 +08:00: \n📊 Total sessions in contract: 7
2026-02-05 23:56:29 +08:00: 🦞 Active nodes: 50
2026-02-05 23:56:30 +08:00: 📋 Total tracked active sessions: 0
2026-02-05 23:56:30 +08:00: 💤 No active sessions, waiting...
2026-02-05 23:56:41 +08:00: \n📊 Total sessions in contract: 7
2026-02-05 23:56:41 +08:00: 🦞 Active nodes: 50
2026-02-05 23:56:42 +08:00: 📋 Total tracked active sessions: 0
2026-02-05 23:56:42 +08:00: 💤 No active sessions, waiting...
2026-02-05 23:56:53 +08:00: \n📊 Total sessions in contract: 7
2026-02-05 23:56:53 +08:00: 🦞 Active nodes: 50
2026-02-05 23:56:55 +08:00: 📋 Total tracked active sessions: 0
2026-02-05 23:56:55 +08:00: 💤 No active sessions, waiting...
2026-02-05 23:57:05 +08:00: \n📊 Total sessions in contract: 7
2026-02-05 23:57:05 +08:00: 🦞 Active nodes: 50
2026-02-05 23:57:07 +08:00: 📋 Total tracked active sessions: 0
2026-02-05 23:57:07 +08:00: 💤 No active sessions, waiting...
2026-02-05 23:57:17 +08:00: \n📊 Total sessions in contract: 7
2026-02-05 23:57:17 +08:00: 🦞 Active nodes: 50
2026-02-05 23:57:19 +08:00: 📋 Total tracked active sessions: 0
2026-02-05 23:57:19 +08:00: 💤 No active sessions, waiting...
2026-02-05 23:57:29 +08:00: \n📊 Total sessions in contract: 7
2026-02-05 23:57:29 +08:00: 🦞 Active nodes: 50
2026-02-05 23:57:31 +08:00: 📋 Total tracked active sessions: 0
2026-02-05 23:57:31 +08:00: 💤 No active sessions, waiting...
2026-02-05 23:57:41 +08:00: \n📊 Total sessions in contract: 7
2026-02-05 23:57:42 +08:00: 🦞 Active nodes: 50
2026-02-05 23:57:43 +08:00: 📋 Total tracked active sessions: 0
2026-02-05 23:57:43 +08:00: 💤 No active sessions, waiting...
2026-02-05 23:57:53 +08:00: \n📊 Total sessions in contract: 7
2026-02-05 23:57:54 +08:00: 🦞 Active nodes: 50
2026-02-05 23:57:55 +08:00: 📋 Total tracked active sessions: 0
2026-02-05 23:57:55 +08:00: 💤 No active sessions, waiting...
2026-02-05 23:58:06 +08:00: \n📊 Total sessions in contract: 7
2026-02-05 23:58:06 +08:00: 🦞 Active nodes: 50
2026-02-05 23:58:07 +08:00: 📋 Total tracked active sessions: 0
2026-02-05 23:58:07 +08:00: 💤 No active sessions, waiting...
2026-02-05 23:58:18 +08:00: \n📊 Total sessions in contract: 7
2026-02-05 23:58:18 +08:00: 🦞 Active nodes: 50
2026-02-05 23:58:20 +08:00: 📋 Total tracked active sessions: 0
2026-02-05 23:58:20 +08:00: 💤 No active sessions, waiting...
2026-02-05 23:58:30 +08:00: \n📊 Total sessions in contract: 7
2026-02-05 23:58:30 +08:00: 🦞 Active nodes: 50
2026-02-05 23:58:32 +08:00: 📋 Total tracked active sessions: 0
2026-02-05 23:58:32 +08:00: 💤 No active sessions, waiting...
2026-02-05 23:58:42 +08:00: \n📊 Total sessions in contract: 7
2026-02-05 23:58:42 +08:00: 🦞 Active nodes: 50
2026-02-05 23:58:44 +08:00: 📋 Total tracked active sessions: 0
2026-02-05 23:58:44 +08:00: 💤 No active sessions, waiting...
2026-02-05 23:58:54 +08:00: \n📊 Total sessions in contract: 7
2026-02-05 23:58:54 +08:00: 🦞 Active nodes: 50
2026-02-05 23:58:56 +08:00: 📋 Total tracked active sessions: 0
2026-02-05 23:58:56 +08:00: 💤 No active sessions, waiting...
2026-02-05 23:59:06 +08:00: \n📊 Total sessions in contract: 7
2026-02-05 23:59:06 +08:00: 🦞 Active nodes: 50
2026-02-05 23:59:08 +08:00: 📋 Total tracked active sessions: 0
2026-02-05 23:59:08 +08:00: 💤 No active sessions, waiting...
2026-02-05 23:59:18 +08:00: \n📊 Total sessions in contract: 7
2026-02-05 23:59:19 +08:00: 🦞 Active nodes: 50
2026-02-05 23:59:20 +08:00: 📋 Total tracked active sessions: 0
2026-02-05 23:59:20 +08:00: 💤 No active sessions, waiting...
2026-02-05 23:59:31 +08:00: \n📊 Total sessions in contract: 7
2026-02-05 23:59:31 +08:00: 🦞 Active nodes: 50
2026-02-05 23:59:32 +08:00: 📋 Total tracked active sessions: 0
2026-02-05 23:59:32 +08:00: 💤 No active sessions, waiting...
2026-02-05 23:59:43 +08:00: \n📊 Total sessions in contract: 7
2026-02-05 23:59:43 +08:00: 🦞 Active nodes: 50
2026-02-05 23:59:44 +08:00: 📋 Total tracked active sessions: 0
2026-02-05 23:59:44 +08:00: 💤 No active sessions, waiting...
2026-02-05 23:59:55 +08:00: \n📊 Total sessions in contract: 7
2026-02-05 23:59:55 +08:00: 🦞 Active nodes: 50
2026-02-05 23:59:57 +08:00: 📋 Total tracked active sessions: 0
2026-02-05 23:59:57 +08:00: 💤 No active sessions, waiting...
2026-02-06 00:00:07 +08:00: \n📊 Total sessions in contract: 7
2026-02-06 00:00:07 +08:00: 🦞 Active nodes: 50
2026-02-06 00:00:09 +08:00: 📋 Total tracked active sessions: 0
2026-02-06 00:00:09 +08:00: 💤 No active sessions, waiting...
2026-02-06 00:00:19 +08:00: \n📊 Total sessions in contract: 7
2026-02-06 00:00:19 +08:00: 🦞 Active nodes: 50
2026-02-06 00:00:21 +08:00: 📋 Total tracked active sessions: 0
2026-02-06 00:00:21 +08:00: 💤 No active sessions, waiting...
2026-02-06 00:00:31 +08:00: \n📊 Total sessions in contract: 7
2026-02-06 00:00:31 +08:00: 🦞 Active nodes: 50
2026-02-06 00:00:33 +08:00: 📋 Total tracked active sessions: 0
2026-02-06 00:00:33 +08:00: 💤 No active sessions, waiting...
2026-02-06 00:00:43 +08:00: \n📊 Total sessions in contract: 7
2026-02-06 00:00:44 +08:00: 🦞 Active nodes: 50
2026-02-06 00:00:45 +08:00: 📋 Total tracked active sessions: 0
2026-02-06 00:00:45 +08:00: 💤 No active sessions, waiting...
2026-02-06 00:00:55 +08:00: \n📊 Total sessions in contract: 7
2026-02-06 00:00:56 +08:00: 🦞 Active nodes: 50
2026-02-06 00:00:57 +08:00: 📋 Total tracked active sessions: 0
2026-02-06 00:00:57 +08:00: 💤 No active sessions, waiting...
2026-02-06 00:01:08 +08:00: \n📊 Total sessions in contract: 7
2026-02-06 00:01:08 +08:00: 🦞 Active nodes: 50
2026-02-06 00:01:09 +08:00: 📋 Total tracked active sessions: 0
2026-02-06 00:01:09 +08:00: 💤 No active sessions, waiting...
2026-02-06 00:01:20 +08:00: \n📊 Total sessions in contract: 7
2026-02-06 00:01:20 +08:00: 🦞 Active nodes: 50
2026-02-06 00:01:21 +08:00: 📋 Total tracked active sessions: 0
2026-02-06 00:01:21 +08:00: 💤 No active sessions, waiting...
2026-02-06 00:01:32 +08:00: \n📊 Total sessions in contract: 7
2026-02-06 00:01:32 +08:00: 🦞 Active nodes: 50
2026-02-06 00:01:34 +08:00: 📋 Total tracked active sessions: 0
2026-02-06 00:01:34 +08:00: 💤 No active sessions, waiting...
2026-02-06 00:01:44 +08:00: \n📊 Total sessions in contract: 7
2026-02-06 00:01:44 +08:00: 🦞 Active nodes: 50
2026-02-06 00:01:46 +08:00: 📋 Total tracked active sessions: 0
2026-02-06 00:01:46 +08:00: 💤 No active sessions, waiting...
2026-02-06 00:01:56 +08:00: \n📊 Total sessions in contract: 7
2026-02-06 00:01:56 +08:00: 🦞 Active nodes: 50
2026-02-06 00:01:58 +08:00: 📋 Total tracked active sessions: 0
2026-02-06 00:01:58 +08:00: 💤 No active sessions, waiting...
2026-02-06 00:02:08 +08:00: \n📊 Total sessions in contract: 7
2026-02-06 00:02:08 +08:00: 🦞 Active nodes: 50
2026-02-06 00:02:10 +08:00: 📋 Total tracked active sessions: 0
2026-02-06 00:02:10 +08:00: 💤 No active sessions, waiting...
2026-02-06 00:02:20 +08:00: \n📊 Total sessions in contract: 7
2026-02-06 00:02:21 +08:00: 🦞 Active nodes: 50
2026-02-06 00:02:22 +08:00: 📋 Total tracked active sessions: 0
2026-02-06 00:02:22 +08:00: 💤 No active sessions, waiting...
2026-02-06 00:02:32 +08:00: \n📊 Total sessions in contract: 7
2026-02-06 00:02:33 +08:00: 🦞 Active nodes: 50
2026-02-06 00:02:34 +08:00: 📋 Total tracked active sessions: 0
2026-02-06 00:02:34 +08:00: 💤 No active sessions, waiting...
2026-02-06 00:02:45 +08:00: \n📊 Total sessions in contract: 7
2026-02-06 00:02:45 +08:00: 🦞 Active nodes: 50
2026-02-06 00:02:46 +08:00: 📋 Total tracked active sessions: 0
2026-02-06 00:02:46 +08:00: 💤 No active sessions, waiting...
2026-02-06 00:02:57 +08:00: \n📊 Total sessions in contract: 7
2026-02-06 00:02:57 +08:00: 🦞 Active nodes: 50
2026-02-06 00:02:59 +08:00: 📋 Total tracked active sessions: 0
2026-02-06 00:02:59 +08:00: 💤 No active sessions, waiting...
2026-02-06 00:03:09 +08:00: \n📊 Total sessions in contract: 7
2026-02-06 00:03:09 +08:00: 🦞 Active nodes: 50
2026-02-06 00:03:11 +08:00: 📋 Total tracked active sessions: 0
2026-02-06 00:03:11 +08:00: 💤 No active sessions, waiting...
2026-02-06 00:03:21 +08:00: \n📊 Total sessions in contract: 7
2026-02-06 00:03:21 +08:00: 🦞 Active nodes: 50
2026-02-06 00:03:23 +08:00: 📋 Total tracked active sessions: 0
2026-02-06 00:03:23 +08:00: 💤 No active sessions, waiting...
2026-02-06 00:03:33 +08:00: \n📊 Total sessions in contract: 7
2026-02-06 00:03:33 +08:00: 🦞 Active nodes: 50
2026-02-06 00:03:35 +08:00: 📋 Total tracked active sessions: 0
2026-02-06 00:03:35 +08:00: 💤 No active sessions, waiting...
2026-02-06 00:03:45 +08:00: \n📊 Total sessions in contract: 7
2026-02-06 00:03:45 +08:00: 🦞 Active nodes: 50
2026-02-06 00:03:47 +08:00: 📋 Total tracked active sessions: 0
2026-02-06 00:03:47 +08:00: 💤 No active sessions, waiting...
2026-02-06 00:03:57 +08:00: \n📊 Total sessions in contract: 7
2026-02-06 00:03:58 +08:00: 🦞 Active nodes: 50
2026-02-06 00:03:59 +08:00: 📋 Total tracked active sessions: 0
2026-02-06 00:03:59 +08:00: 💤 No active sessions, waiting...
2026-02-06 00:04:10 +08:00: \n📊 Total sessions in contract: 7
2026-02-06 00:04:10 +08:00: 🦞 Active nodes: 50
2026-02-06 00:04:11 +08:00: 📋 Total tracked active sessions: 0
2026-02-06 00:04:11 +08:00: 💤 No active sessions, waiting...
2026-02-06 00:04:22 +08:00: \n📊 Total sessions in contract: 7
2026-02-06 00:04:22 +08:00: 🦞 Active nodes: 50
2026-02-06 00:04:23 +08:00: 📋 Total tracked active sessions: 0
2026-02-06 00:04:23 +08:00: 💤 No active sessions, waiting...
2026-02-06 00:04:34 +08:00: \n📊 Total sessions in contract: 7
2026-02-06 00:04:34 +08:00: 🦞 Active nodes: 50
2026-02-06 00:04:36 +08:00: 📋 Total tracked active sessions: 0
2026-02-06 00:04:36 +08:00: 💤 No active sessions, waiting...
2026-02-06 00:04:46 +08:00: \n📊 Total sessions in contract: 7
2026-02-06 00:04:46 +08:00: 🦞 Active nodes: 50
2026-02-06 00:04:48 +08:00: 📋 Total tracked active sessions: 0
2026-02-06 00:04:48 +08:00: 💤 No active sessions, waiting...
2026-02-06 00:04:58 +08:00: \n📊 Total sessions in contract: 7
2026-02-06 00:04:58 +08:00: 🦞 Active nodes: 50
2026-02-06 00:05:00 +08:00: 📋 Total tracked active sessions: 0
2026-02-06 00:05:00 +08:00: 💤 No active sessions, waiting...
2026-02-06 00:05:10 +08:00: \n📊 Total sessions in contract: 7
2026-02-06 00:05:11 +08:00: 🦞 Active nodes: 50
2026-02-06 00:05:12 +08:00: 📋 Total tracked active sessions: 0
2026-02-06 00:05:12 +08:00: 💤 No active sessions, waiting...
2026-02-06 00:05:23 +08:00: \n📊 Total sessions in contract: 7
2026-02-06 00:05:23 +08:00: 🦞 Active nodes: 50
2026-02-06 00:05:24 +08:00: 📋 Total tracked active sessions: 0
2026-02-06 00:05:24 +08:00: 💤 No active sessions, waiting...
2026-02-06 00:05:35 +08:00: \n📊 Total sessions in contract: 7
2026-02-06 00:05:35 +08:00: 🦞 Active nodes: 50
2026-02-06 00:05:37 +08:00: 📋 Total tracked active sessions: 0
2026-02-06 00:05:37 +08:00: 💤 No active sessions, waiting...
2026-02-06 00:05:47 +08:00: \n📊 Total sessions in contract: 7
2026-02-06 00:05:47 +08:00: 🦞 Active nodes: 50
2026-02-06 00:05:49 +08:00: 📋 Total tracked active sessions: 0
2026-02-06 00:05:49 +08:00: 💤 No active sessions, waiting...
2026-02-06 00:05:59 +08:00: \n📊 Total sessions in contract: 7
2026-02-06 00:05:59 +08:00: 🦞 Active nodes: 50
2026-02-06 00:06:01 +08:00: 📋 Total tracked active sessions: 0
2026-02-06 00:06:01 +08:00: 💤 No active sessions, waiting...
2026-02-06 00:06:11 +08:00: \n📊 Total sessions in contract: 7
2026-02-06 00:06:11 +08:00: 🦞 Active nodes: 50
2026-02-06 00:06:13 +08:00: 📋 Total tracked active sessions: 0
2026-02-06 00:06:13 +08:00: 💤 No active sessions, waiting...
2026-02-06 00:06:23 +08:00: \n📊 Total sessions in contract: 7
2026-02-06 00:06:24 +08:00: 🦞 Active nodes: 50
2026-02-06 00:06:25 +08:00: 📋 Total tracked active sessions: 0
2026-02-06 00:06:25 +08:00: 💤 No active sessions, waiting...
2026-02-06 00:06:36 +08:00: \n📊 Total sessions in contract: 7
2026-02-06 00:06:36 +08:00: 🦞 Active nodes: 50
2026-02-06 00:06:38 +08:00: 📋 Total tracked active sessions: 0
2026-02-06 00:06:38 +08:00: 💤 No active sessions, waiting...
2026-02-06 00:06:48 +08:00: \n📊 Total sessions in contract: 7
2026-02-06 00:06:48 +08:00: 🦞 Active nodes: 50
2026-02-06 00:06:50 +08:00: 📋 Total tracked active sessions: 0
2026-02-06 00:06:50 +08:00: 💤 No active sessions, waiting...
2026-02-06 00:07:00 +08:00: \n📊 Total sessions in contract: 7
2026-02-06 00:07:00 +08:00: 🦞 Active nodes: 50
2026-02-06 00:07:02 +08:00: 📋 Total tracked active sessions: 0
2026-02-06 00:07:02 +08:00: 💤 No active sessions, waiting...
2026-02-06 00:07:12 +08:00: \n📊 Total sessions in contract: 7
2026-02-06 00:07:12 +08:00: 🦞 Active nodes: 50
2026-02-06 00:07:14 +08:00: 📋 Total tracked active sessions: 0
2026-02-06 00:07:14 +08:00: 💤 No active sessions, waiting...
2026-02-06 00:07:24 +08:00: \n📊 Total sessions in contract: 7
2026-02-06 00:07:24 +08:00: 🦞 Active nodes: 50
2026-02-06 00:07:26 +08:00: 📋 Total tracked active sessions: 0
2026-02-06 00:07:26 +08:00: 💤 No active sessions, waiting...
2026-02-06 00:07:36 +08:00: \n📊 Total sessions in contract: 7
2026-02-06 00:07:37 +08:00: 🦞 Active nodes: 50
2026-02-06 00:07:38 +08:00: 📋 Total tracked active sessions: 0
2026-02-06 00:07:38 +08:00: 💤 No active sessions, waiting...
2026-02-06 00:07:49 +08:00: \n📊 Total sessions in contract: 7
2026-02-06 00:07:49 +08:00: 🦞 Active nodes: 50
2026-02-06 00:07:50 +08:00: 📋 Total tracked active sessions: 0
2026-02-06 00:07:50 +08:00: 💤 No active sessions, waiting...
2026-02-06 00:08:01 +08:00: \n📊 Total sessions in contract: 7
2026-02-06 00:08:01 +08:00: 🦞 Active nodes: 50
2026-02-06 00:08:03 +08:00: 📋 Total tracked active sessions: 0
2026-02-06 00:08:03 +08:00: 💤 No active sessions, waiting...
2026-02-06 00:08:13 +08:00: \n📊 Total sessions in contract: 7
2026-02-06 00:08:13 +08:00: 🦞 Active nodes: 50
2026-02-06 00:08:15 +08:00: 📋 Total tracked active sessions: 0
2026-02-06 00:08:15 +08:00: 💤 No active sessions, waiting...
2026-02-06 00:08:25 +08:00: \n📊 Total sessions in contract: 7
2026-02-06 00:08:25 +08:00: 🦞 Active nodes: 50
2026-02-06 00:08:27 +08:00: 📋 Total tracked active sessions: 0
2026-02-06 00:08:27 +08:00: 💤 No active sessions, waiting...
2026-02-06 00:08:38 +08:00: \n📊 Total sessions in contract: 7
2026-02-06 00:08:38 +08:00: 🦞 Active nodes: 50
2026-02-06 00:08:39 +08:00: 📋 Total tracked active sessions: 0
2026-02-06 00:08:39 +08:00: 💤 No active sessions, waiting...
2026-02-06 00:08:50 +08:00: \n📊 Total sessions in contract: 7
2026-02-06 00:08:50 +08:00: 🦞 Active nodes: 50
2026-02-06 00:08:52 +08:00: 📋 Total tracked active sessions: 0
2026-02-06 00:08:52 +08:00: 💤 No active sessions, waiting...
2026-02-06 00:09:02 +08:00: \n📊 Total sessions in contract: 7
2026-02-06 00:09:02 +08:00: 🦞 Active nodes: 50
2026-02-06 00:09:04 +08:00: 📋 Total tracked active sessions: 0
2026-02-06 00:09:04 +08:00: 💤 No active sessions, waiting...
2026-02-06 00:09:14 +08:00: \n📊 Total sessions in contract: 7
2026-02-06 00:09:14 +08:00: 🦞 Active nodes: 50
2026-02-06 00:09:16 +08:00: 📋 Total tracked active sessions: 0
2026-02-06 00:09:16 +08:00: 💤 No active sessions, waiting...
2026-02-06 00:09:26 +08:00: \n📊 Total sessions in contract: 7
2026-02-06 00:09:26 +08:00: 🦞 Active nodes: 50
2026-02-06 00:09:28 +08:00: 📋 Total tracked active sessions: 0
2026-02-06 00:09:28 +08:00: 💤 No active sessions, waiting...
2026-02-06 00:09:38 +08:00: \n📊 Total sessions in contract: 7
2026-02-06 00:09:39 +08:00: 🦞 Active nodes: 50
2026-02-06 00:09:40 +08:00: 📋 Total tracked active sessions: 0
2026-02-06 00:09:40 +08:00: 💤 No active sessions, waiting...
2026-02-06 00:09:51 +08:00: \n📊 Total sessions in contract: 7
2026-02-06 00:09:51 +08:00: 🦞 Active nodes: 50
2026-02-06 00:09:52 +08:00: 📋 Total tracked active sessions: 0
2026-02-06 00:09:52 +08:00: 💤 No active sessions, waiting...
2026-02-06 00:10:03 +08:00: \n📊 Total sessions in contract: 7
2026-02-06 00:10:03 +08:00: 🦞 Active nodes: 50
2026-02-06 00:10:05 +08:00: 📋 Total tracked active sessions: 0
2026-02-06 00:10:05 +08:00: 💤 No active sessions, waiting...
2026-02-06 00:10:15 +08:00: \n📊 Total sessions in contract: 7
2026-02-06 00:10:15 +08:00: 🦞 Active nodes: 50
2026-02-06 00:10:17 +08:00: 📋 Total tracked active sessions: 0
2026-02-06 00:10:17 +08:00: 💤 No active sessions, waiting...
2026-02-06 00:10:27 +08:00: \n📊 Total sessions in contract: 7
2026-02-06 00:10:27 +08:00: 🦞 Active nodes: 50
2026-02-06 00:10:29 +08:00: 📋 Total tracked active sessions: 0
2026-02-06 00:10:29 +08:00: 💤 No active sessions, waiting...
2026-02-06 00:10:39 +08:00: \n📊 Total sessions in contract: 7
2026-02-06 00:10:39 +08:00: 🦞 Active nodes: 50
2026-02-06 00:10:41 +08:00: 📋 Total tracked active sessions: 0
2026-02-06 00:10:41 +08:00: 💤 No active sessions, waiting...
2026-02-06 00:10:52 +08:00: \n📊 Total sessions in contract: 7
2026-02-06 00:10:52 +08:00: 🦞 Active nodes: 50
2026-02-06 00:10:53 +08:00: 📋 Total tracked active sessions: 0
2026-02-06 00:10:53 +08:00: 💤 No active sessions, waiting...
2026-02-06 00:11:04 +08:00: \n📊 Total sessions in contract: 7
2026-02-06 00:11:04 +08:00: 🦞 Active nodes: 50
2026-02-06 00:11:06 +08:00: 📋 Total tracked active sessions: 0
2026-02-06 00:11:06 +08:00: 💤 No active sessions, waiting...
2026-02-06 00:11:16 +08:00: \n📊 Total sessions in contract: 8
2026-02-06 00:11:16 +08:00: 🦞 Active nodes: 50
2026-02-06 00:11:18 +08:00: 🔍 Session 8 Status: 0/10 shards [USDC] - Wave 1, Step 0
2026-02-06 00:11:18 +08:00: 📋 Total tracked active sessions: 1
2026-02-06 00:11:18 +08:00: \n🚀 Processing 1 sessions in 1 batches
2026-02-06 00:11:29 +08:00: \n📊 Total sessions in contract: 8
2026-02-06 00:11:29 +08:00: 🦞 Active nodes: 50
2026-02-06 00:11:31 +08:00: 🔍 Session 8 Status: 0/10 shards [USDC] - Wave 1, Step 0
2026-02-06 00:11:31 +08:00: 📋 Total tracked active sessions: 1
2026-02-06 00:11:31 +08:00: \n🚀 Processing 1 sessions in 1 batches
2026-02-06 00:11:42 +08:00: \n📊 Total sessions in contract: 8
2026-02-06 00:11:42 +08:00: 🦞 Active nodes: 50
2026-02-06 00:11:44 +08:00: 🔍 Session 8 Status: 0/10 shards [USDC] - Wave 1, Step 0
2026-02-06 00:11:44 +08:00: 📋 Total tracked active sessions: 1
2026-02-06 00:11:44 +08:00: \n🚀 Processing 1 sessions in 1 batches
2026-02-06 00:11:44 +08:00: 
📦 Batch 5648668: Pulsing 1 sessions [USDC] (Mixer→A) [nonce: 2399]
2026-02-06 00:11:45 +08:00: 🔄 Recovering nonce from chain...
2026-02-06 00:11:45 +08:00: ✅ Nonce recovered: 2402
2026-02-06 00:11:56 +08:00: \n📊 Total sessions in contract: 8
2026-02-06 00:11:56 +08:00: 🦞 Active nodes: 50
2026-02-06 00:11:58 +08:00: 🔍 Session 8 Status: 0/10 shards [USDC] - Wave 1, Step 0
2026-02-06 00:11:58 +08:00: 📋 Total tracked active sessions: 1
2026-02-06 00:11:58 +08:00: \n🚀 Processing 1 sessions in 1 batches
2026-02-06 00:11:58 +08:00: 
📦 Batch 7420650: Pulsing 1 sessions [USDC] (Mixer→A) [nonce: 2402]
2026-02-06 00:11:59 +08:00: 📤 Tx sent: 0x7f92721a019b17dd7f9d0cb785b593a8032115249acb2e3b284f9f2deb8a80ab
2026-02-06 00:12:04 +08:00: ✅ Batch confirmed in block 33336261! Gas: 241803
2026-02-06 00:12:15 +08:00: \n📊 Total sessions in contract: 8
2026-02-06 00:12:15 +08:00: 🦞 Active nodes: 50
2026-02-06 00:12:17 +08:00: 🔍 Session 8 Status: 0/10 shards [USDC] - Wave 1, Step 1
2026-02-06 00:12:17 +08:00: 📋 Total tracked active sessions: 1
2026-02-06 00:12:17 +08:00: \n🚀 Processing 1 sessions in 1 batches
2026-02-06 00:12:27 +08:00: \n📊 Total sessions in contract: 8
2026-02-06 00:12:28 +08:00: 🦞 Active nodes: 50
2026-02-06 00:12:30 +08:00: 🔍 Session 8 Status: 0/10 shards [USDC] - Wave 1, Step 1
2026-02-06 00:12:30 +08:00: 📋 Total tracked active sessions: 1
2026-02-06 00:12:30 +08:00: \n🚀 Processing 1 sessions in 1 batches
2026-02-06 00:12:40 +08:00: \n📊 Total sessions in contract: 8
2026-02-06 00:12:41 +08:00: 🦞 Active nodes: 50
2026-02-06 00:12:43 +08:00: 🔍 Session 8 Status: 0/10 shards [USDC] - Wave 1, Step 1
2026-02-06 00:12:43 +08:00: 📋 Total tracked active sessions: 1
2026-02-06 00:12:43 +08:00: \n🚀 Processing 1 sessions in 1 batches
2026-02-06 00:12:43 +08:00: 
📦 Batch 8310904: Pulsing 1 sessions [USDC] (A→B) [nonce: 2403]
2026-02-06 00:12:44 +08:00: 📤 Tx sent: 0x36ed03195dec9b4dd129494792b50324bf2d441a94d172433d67b206065b2398
2026-02-06 00:12:49 +08:00: ✅ Batch confirmed in block 33336283! Gas: 377356
2026-02-06 00:12:59 +08:00: \n📊 Total sessions in contract: 8
2026-02-06 00:13:00 +08:00: 🦞 Active nodes: 50
2026-02-06 00:13:02 +08:00: 🔍 Session 8 Status: 0/10 shards [USDC] - Wave 1, Step 2
2026-02-06 00:13:02 +08:00: 📋 Total tracked active sessions: 1
2026-02-06 00:13:02 +08:00: \n🚀 Processing 1 sessions in 1 batches
2026-02-06 00:13:13 +08:00: \n📊 Total sessions in contract: 8
2026-02-06 00:13:13 +08:00: 🦞 Active nodes: 50
2026-02-06 00:13:15 +08:00: 🔍 Session 8 Status: 0/10 shards [USDC] - Wave 1, Step 2
2026-02-06 00:13:15 +08:00: 📋 Total tracked active sessions: 1
2026-02-06 00:13:15 +08:00: \n🚀 Processing 1 sessions in 1 batches
2026-02-06 00:13:26 +08:00: \n📊 Total sessions in contract: 8
2026-02-06 00:13:26 +08:00: 🦞 Active nodes: 50
2026-02-06 00:13:29 +08:00: 🔍 Session 8 Status: 0/10 shards [USDC] - Wave 1, Step 2
2026-02-06 00:13:29 +08:00: 📋 Total tracked active sessions: 1
2026-02-06 00:13:29 +08:00: \n🚀 Processing 1 sessions in 1 batches
2026-02-06 00:13:29 +08:00: 
📦 Batch 1122461: Pulsing 1 sessions [USDC] (B→C) [nonce: 2404]
2026-02-06 00:13:30 +08:00: 📤 Tx sent: 0x6a88a8d38afddbab8d72ee374f9e094c74dc97c4ad71e643231886060c81b962
2026-02-06 00:13:36 +08:00: ✅ Batch confirmed in block 33336306! Gas: 378018
2026-02-06 00:13:47 +08:00: \n📊 Total sessions in contract: 8
2026-02-06 00:13:47 +08:00: 🦞 Active nodes: 50
2026-02-06 00:13:50 +08:00: 🔍 Session 8 Status: 0/10 shards [USDC] - Wave 1, Step 3
2026-02-06 00:13:50 +08:00: 📋 Total tracked active sessions: 1
2026-02-06 00:13:50 +08:00: \n🚀 Processing 1 sessions in 1 batches
2026-02-06 00:14:00 +08:00: \n📊 Total sessions in contract: 8
2026-02-06 00:14:00 +08:00: 🦞 Active nodes: 50
2026-02-06 00:14:03 +08:00: 🔍 Session 8 Status: 0/10 shards [USDC] - Wave 1, Step 3
2026-02-06 00:14:03 +08:00: 📋 Total tracked active sessions: 1
2026-02-06 00:14:03 +08:00: \n🚀 Processing 1 sessions in 1 batches
2026-02-06 00:14:05 +08:00: 
📦 Batch 8280337: Pulsing 1 sessions [USDC] (C→D) [nonce: 2405]
2026-02-06 00:14:06 +08:00: 📤 Tx sent: 0x9bd3124166e161849ad14e4f1ba7d55c636f0ebcb6ea1be71160f54275c9c5e3
2026-02-06 00:14:11 +08:00: ✅ Batch confirmed in block 33336324! Gas: 378098
2026-02-06 00:14:22 +08:00: \n📊 Total sessions in contract: 8
2026-02-06 00:14:22 +08:00: 🦞 Active nodes: 50
2026-02-06 00:14:25 +08:00: 🔍 Session 8 Status: 0/10 shards [USDC] - Wave 1, Step 4
2026-02-06 00:14:25 +08:00: 📋 Total tracked active sessions: 1
2026-02-06 00:14:25 +08:00: \n🚀 Processing 1 sessions in 1 batches
2026-02-06 00:14:36 +08:00: \n📊 Total sessions in contract: 8
2026-02-06 00:14:36 +08:00: 🦞 Active nodes: 50
2026-02-06 00:14:38 +08:00: 🔍 Session 8 Status: 0/10 shards [USDC] - Wave 1, Step 4
2026-02-06 00:14:38 +08:00: 📋 Total tracked active sessions: 1
2026-02-06 00:14:38 +08:00: \n🚀 Processing 1 sessions in 1 batches
2026-02-06 00:14:39 +08:00: 
📦 Batch 2664008: Pulsing 1 sessions [USDC] (D→E) [nonce: 2406]
2026-02-06 00:14:40 +08:00: 📤 Tx sent: 0xdd433d3a6fe3227cbe2aa7d511c2f35330c3e0fcd1d84938001f0af6edb0cabd
2026-02-06 00:14:45 +08:00: ✅ Batch confirmed in block 33336341! Gas: 378121
2026-02-06 00:14:56 +08:00: \n📊 Total sessions in contract: 8
2026-02-06 00:14:56 +08:00: 🦞 Active nodes: 50
2026-02-06 00:14:59 +08:00: 🔍 Session 8 Status: 0/10 shards [USDC] - Wave 1, Step 5
2026-02-06 00:14:59 +08:00: 📋 Total tracked active sessions: 1
2026-02-06 00:14:59 +08:00: \n🚀 Processing 1 sessions in 1 batches
2026-02-06 00:15:09 +08:00: \n📊 Total sessions in contract: 8
2026-02-06 00:15:09 +08:00: 🦞 Active nodes: 50
2026-02-06 00:15:12 +08:00: 🔍 Session 8 Status: 0/10 shards [USDC] - Wave 1, Step 5
2026-02-06 00:15:12 +08:00: 📋 Total tracked active sessions: 1
2026-02-06 00:15:12 +08:00: \n🚀 Processing 1 sessions in 1 batches
2026-02-06 00:15:27 +08:00: \n🚀 Processing 1 sessions in 1 batches
2026-02-06 00:15:42 +08:00: \n📊 Total sessions in contract: 8
2026-02-06 00:15:43 +08:00: 🦞 Active nodes: 50
2026-02-06 00:15:45 +08:00: 🔍 Session 8 Status: 0/10 shards [USDC] - Wave 1, Step 5
2026-02-06 00:15:45 +08:00: 📋 Total tracked active sessions: 1
2026-02-06 00:15:45 +08:00: \n🚀 Processing 1 sessions in 1 batches
2026-02-06 00:15:49 +08:00: 
📦 Batch 1217584: Pulsing 1 sessions [USDC] (E→Recipient) [nonce: 2407]
2026-02-06 00:15:53 +08:00: 📤 Tx sent: 0xcb6d7a489d68d79ac00dd7fbabaa796430c06b1343faab33eb30ba967e9d56fe
2026-02-06 00:15:58 +08:00: ✅ Batch confirmed in block 33336377! Gas: 286755
2026-02-06 00:16:08 +08:00: \n📊 Total sessions in contract: 8
2026-02-06 00:16:09 +08:00: 🦞 Active nodes: 50
2026-02-06 00:16:12 +08:00: 🔍 Session 8 Status: 10/10 shards [USDC] - Wave 1, Step 6
2026-02-06 00:16:12 +08:00: 📋 Total tracked active sessions: 1
2026-02-06 00:16:12 +08:00: \n🚀 Processing 1 sessions in 1 batches
2026-02-06 00:16:23 +08:00: \n📊 Total sessions in contract: 8
2026-02-06 00:16:23 +08:00: 🦞 Active nodes: 50
2026-02-06 00:16:25 +08:00: 🔍 Session 8 Status: 10/10 shards [USDC] - Wave 1, Step 6
2026-02-06 00:16:25 +08:00: 📋 Total tracked active sessions: 1
2026-02-06 00:16:25 +08:00: \n🚀 Processing 1 sessions in 1 batches
2026-02-06 00:16:26 +08:00: 
📦 Batch 8102753: Pulsing 1 sessions [USDC] (Wave Complete) [nonce: 2408]
2026-02-06 00:16:27 +08:00: 📤 Tx sent: 0xd843661d87d60f39fd044e637b6601f3a5cf87acac36a0066fd1e05945805ef0
2026-02-06 00:16:32 +08:00: ✅ Batch confirmed in block 33336395! Gas: 1460167
2026-02-06 00:16:47 +08:00: \n🚀 Processing 1 sessions in 1 batches
2026-02-06 00:17:03 +08:00: \n📊 Total sessions in contract: 8
2026-02-06 00:17:03 +08:00: 🦞 Active nodes: 50
2026-02-06 00:17:05 +08:00: ✅ Session 8 completed, removing from orchestrator.
2026-02-06 00:17:05 +08:00: 📋 Total tracked active sessions: 0
2026-02-06 00:17:05 +08:00: 💤 No active sessions, waiting...
2026-02-06 00:17:15 +08:00: \n📊 Total sessions in contract: 8
2026-02-06 00:17:15 +08:00: 🦞 Active nodes: 50
2026-02-06 00:17:17 +08:00: 📋 Total tracked active sessions: 0
2026-02-06 00:17:17 +08:00: 💤 No active sessions, waiting...
2026-02-06 00:17:28 +08:00: \n📊 Total sessions in contract: 8
2026-02-06 00:17:28 +08:00: 🦞 Active nodes: 50
2026-02-06 00:17:30 +08:00: 📋 Total tracked active sessions: 0
2026-02-06 00:17:30 +08:00: 💤 No active sessions, waiting...
2026-02-06 00:17:40 +08:00: \n📊 Total sessions in contract: 8
2026-02-06 00:17:40 +08:00: 🦞 Active nodes: 50
2026-02-06 00:17:42 +08:00: 📋 Total tracked active sessions: 0
2026-02-06 00:17:42 +08:00: 💤 No active sessions, waiting...
2026-02-06 00:17:52 +08:00: \n📊 Total sessions in contract: 8
2026-02-06 00:17:53 +08:00: 🦞 Active nodes: 50
2026-02-06 00:17:55 +08:00: 📋 Total tracked active sessions: 0
2026-02-06 00:17:55 +08:00: 💤 No active sessions, waiting...
2026-02-06 00:18:05 +08:00: \n📊 Total sessions in contract: 8
2026-02-06 00:18:05 +08:00: 🦞 Active nodes: 50
2026-02-06 00:18:07 +08:00: 📋 Total tracked active sessions: 0
2026-02-06 00:18:07 +08:00: 💤 No active sessions, waiting...
2026-02-06 00:18:18 +08:00: \n📊 Total sessions in contract: 8
2026-02-06 00:18:18 +08:00: 🦞 Active nodes: 50
2026-02-06 00:18:20 +08:00: 📋 Total tracked active sessions: 0
2026-02-06 00:18:20 +08:00: 💤 No active sessions, waiting...
2026-02-06 00:18:30 +08:00: \n📊 Total sessions in contract: 8
2026-02-06 00:18:30 +08:00: 🦞 Active nodes: 50
2026-02-06 00:18:32 +08:00: 📋 Total tracked active sessions: 0
2026-02-06 00:18:32 +08:00: 💤 No active sessions, waiting...
2026-02-06 00:18:43 +08:00: \n📊 Total sessions in contract: 8
2026-02-06 00:18:43 +08:00: 🦞 Active nodes: 50
2026-02-06 00:18:45 +08:00: 📋 Total tracked active sessions: 0
2026-02-06 00:18:45 +08:00: 💤 No active sessions, waiting...
2026-02-06 00:18:55 +08:00: \n📊 Total sessions in contract: 8
2026-02-06 00:18:55 +08:00: 🦞 Active nodes: 50
2026-02-06 00:18:58 +08:00: 📋 Total tracked active sessions: 0
2026-02-06 00:18:58 +08:00: 💤 No active sessions, waiting...
2026-02-06 00:19:09 +08:00: \n📊 Total sessions in contract: 8
2026-02-06 00:19:09 +08:00: 🦞 Active nodes: 50
2026-02-06 00:19:21 +08:00: 📋 Total tracked active sessions: 0
2026-02-06 00:19:21 +08:00: 💤 No active sessions, waiting...
2026-02-06 00:19:31 +08:00: \n📊 Total sessions in contract: 8
2026-02-06 00:19:32 +08:00: 🦞 Active nodes: 50
2026-02-06 00:19:36 +08:00: 📋 Total tracked active sessions: 0
2026-02-06 00:19:36 +08:00: 💤 No active sessions, waiting...
2026-02-06 00:19:46 +08:00: \n📊 Total sessions in contract: 8
2026-02-06 00:19:46 +08:00: 🦞 Active nodes: 50
2026-02-06 00:19:48 +08:00: 📋 Total tracked active sessions: 0
2026-02-06 00:19:48 +08:00: 💤 No active sessions, waiting...
2026-02-06 00:19:59 +08:00: \n📊 Total sessions in contract: 8
2026-02-06 00:19:59 +08:00: 🦞 Active nodes: 50
2026-02-06 00:20:01 +08:00: 📋 Total tracked active sessions: 0
2026-02-06 00:20:01 +08:00: 💤 No active sessions, waiting...
2026-02-06 00:20:11 +08:00: \n📊 Total sessions in contract: 8
2026-02-06 00:20:11 +08:00: 🦞 Active nodes: 50
2026-02-06 00:20:13 +08:00: 📋 Total tracked active sessions: 0
2026-02-06 00:20:13 +08:00: 💤 No active sessions, waiting...
2026-02-06 00:20:24 +08:00: \n📊 Total sessions in contract: 8
2026-02-06 00:20:24 +08:00: 🦞 Active nodes: 50
2026-02-06 00:20:26 +08:00: 📋 Total tracked active sessions: 0
2026-02-06 00:20:26 +08:00: 💤 No active sessions, waiting...
2026-02-06 00:20:36 +08:00: \n📊 Total sessions in contract: 8
2026-02-06 00:20:37 +08:00: 🦞 Active nodes: 50
2026-02-06 00:20:38 +08:00: 📋 Total tracked active sessions: 0
2026-02-06 00:20:38 +08:00: 💤 No active sessions, waiting...
2026-02-06 00:20:49 +08:00: \n📊 Total sessions in contract: 8
2026-02-06 00:20:49 +08:00: 🦞 Active nodes: 50
2026-02-06 00:20:51 +08:00: 📋 Total tracked active sessions: 0
2026-02-06 00:20:51 +08:00: 💤 No active sessions, waiting...
2026-02-06 00:21:01 +08:00: \n📊 Total sessions in contract: 8
2026-02-06 00:21:01 +08:00: 🦞 Active nodes: 50
2026-02-06 00:21:03 +08:00: 📋 Total tracked active sessions: 0
2026-02-06 00:21:03 +08:00: 💤 No active sessions, waiting...
2026-02-06 00:21:13 +08:00: \n📊 Total sessions in contract: 8
2026-02-06 00:21:14 +08:00: 🦞 Active nodes: 50
2026-02-06 00:21:15 +08:00: 📋 Total tracked active sessions: 0
2026-02-06 00:21:15 +08:00: 💤 No active sessions, waiting...
2026-02-06 00:21:26 +08:00: \n📊 Total sessions in contract: 8
2026-02-06 00:21:26 +08:00: 🦞 Active nodes: 50
2026-02-06 00:21:28 +08:00: 📋 Total tracked active sessions: 0
2026-02-06 00:21:28 +08:00: 💤 No active sessions, waiting...
2026-02-06 00:21:38 +08:00: \n📊 Total sessions in contract: 8
2026-02-06 00:21:38 +08:00: 🦞 Active nodes: 50
2026-02-06 00:21:40 +08:00: 📋 Total tracked active sessions: 0
2026-02-06 00:21:40 +08:00: 💤 No active sessions, waiting...
2026-02-06 00:21:51 +08:00: \n📊 Total sessions in contract: 8
2026-02-06 00:21:51 +08:00: 🦞 Active nodes: 50
2026-02-06 00:21:53 +08:00: 📋 Total tracked active sessions: 0
2026-02-06 00:21:53 +08:00: 💤 No active sessions, waiting...
2026-02-06 00:22:03 +08:00: \n📊 Total sessions in contract: 8
2026-02-06 00:22:03 +08:00: 🦞 Active nodes: 50
2026-02-06 00:22:05 +08:00: 📋 Total tracked active sessions: 0
2026-02-06 00:22:05 +08:00: 💤 No active sessions, waiting...
2026-02-06 00:22:15 +08:00: \n📊 Total sessions in contract: 8
2026-02-06 00:22:15 +08:00: 🦞 Active nodes: 50
2026-02-06 00:22:17 +08:00: 📋 Total tracked active sessions: 0
2026-02-06 00:22:17 +08:00: 💤 No active sessions, waiting...
2026-02-06 00:22:28 +08:00: \n📊 Total sessions in contract: 8
2026-02-06 00:22:28 +08:00: 🦞 Active nodes: 50
2026-02-06 00:22:30 +08:00: 📋 Total tracked active sessions: 0
2026-02-06 00:22:30 +08:00: 💤 No active sessions, waiting...
2026-02-06 00:22:40 +08:00: \n📊 Total sessions in contract: 8
2026-02-06 00:22:40 +08:00: 🦞 Active nodes: 50
2026-02-06 00:22:42 +08:00: 📋 Total tracked active sessions: 0
2026-02-06 00:22:42 +08:00: 💤 No active sessions, waiting...
2026-02-06 00:22:52 +08:00: \n📊 Total sessions in contract: 8
2026-02-06 00:22:53 +08:00: 🦞 Active nodes: 50
2026-02-06 00:22:54 +08:00: 📋 Total tracked active sessions: 0
2026-02-06 00:22:54 +08:00: 💤 No active sessions, waiting...
2026-02-06 00:23:05 +08:00: \n📊 Total sessions in contract: 8
2026-02-06 00:23:05 +08:00: 🦞 Active nodes: 50
2026-02-06 00:23:07 +08:00: 📋 Total tracked active sessions: 0
2026-02-06 00:23:07 +08:00: 💤 No active sessions, waiting...
2026-02-06 00:23:17 +08:00: \n📊 Total sessions in contract: 8
2026-02-06 00:23:17 +08:00: 🦞 Active nodes: 50
2026-02-06 00:23:19 +08:00: 📋 Total tracked active sessions: 0
2026-02-06 00:23:19 +08:00: 💤 No active sessions, waiting...
2026-02-06 00:23:30 +08:00: \n📊 Total sessions in contract: 8
2026-02-06 00:23:30 +08:00: 🦞 Active nodes: 50
2026-02-06 00:23:32 +08:00: 📋 Total tracked active sessions: 0
2026-02-06 00:23:32 +08:00: 💤 No active sessions, waiting...
2026-02-06 00:23:42 +08:00: \n📊 Total sessions in contract: 8
2026-02-06 00:23:42 +08:00: 🦞 Active nodes: 50
2026-02-06 00:23:44 +08:00: 📋 Total tracked active sessions: 0
2026-02-06 00:23:44 +08:00: 💤 No active sessions, waiting...
2026-02-06 00:23:54 +08:00: \n📊 Total sessions in contract: 8
2026-02-06 00:23:54 +08:00: 🦞 Active nodes: 50
2026-02-06 00:23:56 +08:00: 📋 Total tracked active sessions: 0
2026-02-06 00:23:56 +08:00: 💤 No active sessions, waiting...
2026-02-06 00:24:07 +08:00: \n📊 Total sessions in contract: 8
2026-02-06 00:24:07 +08:00: 🦞 Active nodes: 50
2026-02-06 00:24:09 +08:00: 📋 Total tracked active sessions: 0
2026-02-06 00:24:09 +08:00: 💤 No active sessions, waiting...
2026-02-06 00:24:19 +08:00: \n📊 Total sessions in contract: 8
2026-02-06 00:24:19 +08:00: 🦞 Active nodes: 50
2026-02-06 00:24:21 +08:00: 📋 Total tracked active sessions: 0
2026-02-06 00:24:21 +08:00: 💤 No active sessions, waiting...
2026-02-06 00:24:31 +08:00: \n📊 Total sessions in contract: 8
2026-02-06 00:24:32 +08:00: 🦞 Active nodes: 50
2026-02-06 00:24:33 +08:00: 📋 Total tracked active sessions: 0
2026-02-06 00:24:33 +08:00: 💤 No active sessions, waiting...
2026-02-06 00:24:44 +08:00: \n📊 Total sessions in contract: 8
2026-02-06 00:24:44 +08:00: 🦞 Active nodes: 50
2026-02-06 00:24:46 +08:00: 📋 Total tracked active sessions: 0
2026-02-06 00:24:46 +08:00: 💤 No active sessions, waiting...
2026-02-06 00:24:56 +08:00: \n📊 Total sessions in contract: 8
2026-02-06 00:24:57 +08:00: 🦞 Active nodes: 50
2026-02-06 00:24:58 +08:00: 📋 Total tracked active sessions: 0
2026-02-06 00:24:58 +08:00: 💤 No active sessions, waiting...
2026-02-06 00:25:09 +08:00: \n📊 Total sessions in contract: 8
2026-02-06 00:25:09 +08:00: 🦞 Active nodes: 50
2026-02-06 00:25:11 +08:00: 📋 Total tracked active sessions: 0
2026-02-06 00:25:11 +08:00: 💤 No active sessions, waiting...
2026-02-06 00:25:21 +08:00: \n📊 Total sessions in contract: 8
2026-02-06 00:25:22 +08:00: 🦞 Active nodes: 50
2026-02-06 00:25:23 +08:00: 📋 Total tracked active sessions: 0
2026-02-06 00:25:23 +08:00: 💤 No active sessions, waiting...
2026-02-06 00:25:34 +08:00: \n📊 Total sessions in contract: 8
2026-02-06 00:25:34 +08:00: 🦞 Active nodes: 50
2026-02-06 00:25:36 +08:00: 📋 Total tracked active sessions: 0
2026-02-06 00:25:36 +08:00: 💤 No active sessions, waiting...
2026-02-06 00:25:46 +08:00: \n📊 Total sessions in contract: 8
2026-02-06 00:25:46 +08:00: 🦞 Active nodes: 50
2026-02-06 00:25:48 +08:00: 📋 Total tracked active sessions: 0
2026-02-06 00:25:48 +08:00: 💤 No active sessions, waiting...
2026-02-06 00:25:58 +08:00: \n📊 Total sessions in contract: 8
2026-02-06 00:25:59 +08:00: 🦞 Active nodes: 50
2026-02-06 00:26:00 +08:00: 📋 Total tracked active sessions: 0
2026-02-06 00:26:00 +08:00: 💤 No active sessions, waiting...
2026-02-06 00:26:11 +08:00: \n📊 Total sessions in contract: 8
2026-02-06 00:26:11 +08:00: 🦞 Active nodes: 50
2026-02-06 00:26:13 +08:00: 📋 Total tracked active sessions: 0
2026-02-06 00:26:13 +08:00: 💤 No active sessions, waiting...
2026-02-06 00:26:23 +08:00: \n📊 Total sessions in contract: 8
2026-02-06 00:26:23 +08:00: 🦞 Active nodes: 50
2026-02-06 00:26:25 +08:00: 📋 Total tracked active sessions: 0
2026-02-06 00:26:25 +08:00: 💤 No active sessions, waiting...
2026-02-06 00:26:35 +08:00: \n📊 Total sessions in contract: 8
2026-02-06 00:26:36 +08:00: 🦞 Active nodes: 50
2026-02-06 00:26:37 +08:00: 📋 Total tracked active sessions: 0
2026-02-06 00:26:37 +08:00: 💤 No active sessions, waiting...
2026-02-06 00:26:48 +08:00: \n📊 Total sessions in contract: 8
2026-02-06 00:26:48 +08:00: 🦞 Active nodes: 50
2026-02-06 00:26:50 +08:00: 📋 Total tracked active sessions: 0
2026-02-06 00:26:50 +08:00: 💤 No active sessions, waiting...
2026-02-06 00:27:00 +08:00: \n📊 Total sessions in contract: 8
2026-02-06 00:27:00 +08:00: 🦞 Active nodes: 50
2026-02-06 00:27:02 +08:00: 📋 Total tracked active sessions: 0
2026-02-06 00:27:02 +08:00: 💤 No active sessions, waiting...
2026-02-06 00:27:12 +08:00: \n📊 Total sessions in contract: 8
2026-02-06 00:27:13 +08:00: 🦞 Active nodes: 50
2026-02-06 00:27:15 +08:00: 📋 Total tracked active sessions: 0
2026-02-06 00:27:15 +08:00: 💤 No active sessions, waiting...
2026-02-06 00:27:25 +08:00: \n📊 Total sessions in contract: 8
2026-02-06 00:27:25 +08:00: 🦞 Active nodes: 50
2026-02-06 00:27:27 +08:00: 📋 Total tracked active sessions: 0
2026-02-06 00:27:27 +08:00: 💤 No active sessions, waiting...
2026-02-06 00:27:37 +08:00: \n📊 Total sessions in contract: 8
2026-02-06 00:27:37 +08:00: 🦞 Active nodes: 50
2026-02-06 00:27:39 +08:00: 📋 Total tracked active sessions: 0
2026-02-06 00:27:39 +08:00: 💤 No active sessions, waiting...
2026-02-06 00:27:50 +08:00: \n📊 Total sessions in contract: 8
2026-02-06 00:27:50 +08:00: 🦞 Active nodes: 50
2026-02-06 00:27:52 +08:00: 📋 Total tracked active sessions: 0
2026-02-06 00:27:52 +08:00: 💤 No active sessions, waiting...
2026-02-06 00:28:02 +08:00: \n📊 Total sessions in contract: 8
2026-02-06 00:28:02 +08:00: 🦞 Active nodes: 50
2026-02-06 00:28:04 +08:00: 📋 Total tracked active sessions: 0
2026-02-06 00:28:04 +08:00: 💤 No active sessions, waiting...
2026-02-06 00:28:14 +08:00: \n📊 Total sessions in contract: 8
2026-02-06 00:28:15 +08:00: 🦞 Active nodes: 50
2026-02-06 00:28:16 +08:00: 📋 Total tracked active sessions: 0
2026-02-06 00:28:16 +08:00: 💤 No active sessions, waiting...
2026-02-06 00:28:27 +08:00: \n📊 Total sessions in contract: 8
2026-02-06 00:28:27 +08:00: 🦞 Active nodes: 50
2026-02-06 00:28:29 +08:00: 📋 Total tracked active sessions: 0
2026-02-06 00:28:29 +08:00: 💤 No active sessions, waiting...
2026-02-06 00:28:39 +08:00: \n📊 Total sessions in contract: 8
2026-02-06 00:28:39 +08:00: 🦞 Active nodes: 50
2026-02-06 00:28:41 +08:00: 📋 Total tracked active sessions: 0
2026-02-06 00:28:41 +08:00: 💤 No active sessions, waiting...
2026-02-06 00:28:52 +08:00: \n📊 Total sessions in contract: 8
2026-02-06 00:28:52 +08:00: 🦞 Active nodes: 50
2026-02-06 00:28:54 +08:00: 📋 Total tracked active sessions: 0
2026-02-06 00:28:54 +08:00: 💤 No active sessions, waiting...
2026-02-06 00:29:04 +08:00: \n📊 Total sessions in contract: 8
2026-02-06 00:29:04 +08:00: 🦞 Active nodes: 50
2026-02-06 00:29:06 +08:00: 📋 Total tracked active sessions: 0
2026-02-06 00:29:06 +08:00: 💤 No active sessions, waiting...
2026-02-06 00:29:16 +08:00: \n📊 Total sessions in contract: 8
2026-02-06 00:29:17 +08:00: 🦞 Active nodes: 50
2026-02-06 00:29:18 +08:00: 📋 Total tracked active sessions: 0
2026-02-06 00:29:18 +08:00: 💤 No active sessions, waiting...
2026-02-06 00:29:29 +08:00: \n📊 Total sessions in contract: 8
2026-02-06 00:29:29 +08:00: 🦞 Active nodes: 50
2026-02-06 00:29:31 +08:00: 📋 Total tracked active sessions: 0
2026-02-06 00:29:31 +08:00: 💤 No active sessions, waiting...
2026-02-06 00:29:41 +08:00: \n📊 Total sessions in contract: 8
2026-02-06 00:29:41 +08:00: 🦞 Active nodes: 50
2026-02-06 00:29:43 +08:00: 📋 Total tracked active sessions: 0
2026-02-06 00:29:43 +08:00: 💤 No active sessions, waiting...
2026-02-06 00:29:54 +08:00: \n📊 Total sessions in contract: 8
2026-02-06 00:29:54 +08:00: 🦞 Active nodes: 50
2026-02-06 00:29:56 +08:00: 📋 Total tracked active sessions: 0
2026-02-06 00:29:56 +08:00: 💤 No active sessions, waiting...
2026-02-06 00:30:06 +08:00: \n📊 Total sessions in contract: 8
2026-02-06 00:30:06 +08:00: 🦞 Active nodes: 50
2026-02-06 00:30:08 +08:00: 📋 Total tracked active sessions: 0
2026-02-06 00:30:08 +08:00: 💤 No active sessions, waiting...
2026-02-06 00:30:18 +08:00: \n📊 Total sessions in contract: 8
2026-02-06 00:30:19 +08:00: 🦞 Active nodes: 50
2026-02-06 00:30:20 +08:00: 📋 Total tracked active sessions: 0
2026-02-06 00:30:20 +08:00: 💤 No active sessions, waiting...
2026-02-06 00:30:31 +08:00: \n📊 Total sessions in contract: 8
2026-02-06 00:30:31 +08:00: 🦞 Active nodes: 50
2026-02-06 00:30:33 +08:00: 📋 Total tracked active sessions: 0
2026-02-06 00:30:33 +08:00: 💤 No active sessions, waiting...
2026-02-06 00:30:43 +08:00: \n📊 Total sessions in contract: 8
2026-02-06 00:30:43 +08:00: 🦞 Active nodes: 50
2026-02-06 00:30:45 +08:00: 📋 Total tracked active sessions: 0
2026-02-06 00:30:45 +08:00: 💤 No active sessions, waiting...
2026-02-06 00:30:56 +08:00: \n📊 Total sessions in contract: 8
2026-02-06 00:30:56 +08:00: 🦞 Active nodes: 50
2026-02-06 00:30:58 +08:00: 📋 Total tracked active sessions: 0
2026-02-06 00:30:58 +08:00: 💤 No active sessions, waiting...
2026-02-06 00:31:08 +08:00: \n📊 Total sessions in contract: 8
2026-02-06 00:31:08 +08:00: 🦞 Active nodes: 50
2026-02-06 00:31:10 +08:00: 📋 Total tracked active sessions: 0
2026-02-06 00:31:10 +08:00: 💤 No active sessions, waiting...
2026-02-06 00:31:20 +08:00: \n📊 Total sessions in contract: 8
2026-02-06 00:31:20 +08:00: 🦞 Active nodes: 50
2026-02-06 00:31:23 +08:00: 📋 Total tracked active sessions: 0
2026-02-06 00:31:23 +08:00: 💤 No active sessions, waiting...
2026-02-06 00:31:33 +08:00: \n📊 Total sessions in contract: 8
2026-02-06 00:31:33 +08:00: 🦞 Active nodes: 50
2026-02-06 00:31:35 +08:00: 📋 Total tracked active sessions: 0
2026-02-06 00:31:35 +08:00: 💤 No active sessions, waiting...
2026-02-06 00:31:45 +08:00: \n📊 Total sessions in contract: 8
2026-02-06 00:31:45 +08:00: 🦞 Active nodes: 50
2026-02-06 00:31:47 +08:00: 📋 Total tracked active sessions: 0
2026-02-06 00:31:47 +08:00: 💤 No active sessions, waiting...
2026-02-06 00:31:58 +08:00: \n📊 Total sessions in contract: 8
2026-02-06 00:31:58 +08:00: 🦞 Active nodes: 50
2026-02-06 00:32:00 +08:00: 📋 Total tracked active sessions: 0
2026-02-06 00:32:00 +08:00: 💤 No active sessions, waiting...
2026-02-06 00:32:10 +08:00: \n📊 Total sessions in contract: 8
2026-02-06 00:32:10 +08:00: 🦞 Active nodes: 50
2026-02-06 00:32:12 +08:00: 📋 Total tracked active sessions: 0
2026-02-06 00:32:12 +08:00: 💤 No active sessions, waiting...
2026-02-06 00:32:22 +08:00: \n📊 Total sessions in contract: 8
2026-02-06 00:32:23 +08:00: 🦞 Active nodes: 50
2026-02-06 00:32:24 +08:00: 📋 Total tracked active sessions: 0
2026-02-06 00:32:24 +08:00: 💤 No active sessions, waiting...
2026-02-06 00:32:35 +08:00: \n📊 Total sessions in contract: 8
2026-02-06 00:32:35 +08:00: 🦞 Active nodes: 50
2026-02-06 00:32:37 +08:00: 📋 Total tracked active sessions: 0
2026-02-06 00:32:37 +08:00: 💤 No active sessions, waiting...
2026-02-06 00:32:47 +08:00: \n📊 Total sessions in contract: 8
2026-02-06 00:32:47 +08:00: 🦞 Active nodes: 50
2026-02-06 00:32:49 +08:00: 📋 Total tracked active sessions: 0
2026-02-06 00:32:49 +08:00: 💤 No active sessions, waiting...
2026-02-06 00:32:59 +08:00: \n📊 Total sessions in contract: 8
2026-02-06 00:33:00 +08:00: 🦞 Active nodes: 50
2026-02-06 00:33:02 +08:00: 📋 Total tracked active sessions: 0
2026-02-06 00:33:02 +08:00: 💤 No active sessions, waiting...
2026-02-06 00:33:12 +08:00: \n📊 Total sessions in contract: 8
2026-02-06 00:33:12 +08:00: 🦞 Active nodes: 50
2026-02-06 00:33:14 +08:00: 📋 Total tracked active sessions: 0
2026-02-06 00:33:14 +08:00: 💤 No active sessions, waiting...
2026-02-06 00:33:25 +08:00: \n📊 Total sessions in contract: 8
2026-02-06 00:33:25 +08:00: 🦞 Active nodes: 50
2026-02-06 00:33:27 +08:00: 📋 Total tracked active sessions: 0
2026-02-06 00:33:27 +08:00: 💤 No active sessions, waiting...
2026-02-06 00:33:37 +08:00: \n📊 Total sessions in contract: 8
2026-02-06 00:33:37 +08:00: 🦞 Active nodes: 50
2026-02-06 00:33:39 +08:00: 📋 Total tracked active sessions: 0
2026-02-06 00:33:39 +08:00: 💤 No active sessions, waiting...
2026-02-06 00:33:50 +08:00: \n📊 Total sessions in contract: 8
2026-02-06 00:33:50 +08:00: 🦞 Active nodes: 50
2026-02-06 00:33:52 +08:00: 📋 Total tracked active sessions: 0
2026-02-06 00:33:52 +08:00: 💤 No active sessions, waiting...
2026-02-06 00:34:02 +08:00: \n📊 Total sessions in contract: 8
2026-02-06 00:34:02 +08:00: 🦞 Active nodes: 50
2026-02-06 00:34:04 +08:00: 📋 Total tracked active sessions: 0
2026-02-06 00:34:04 +08:00: 💤 No active sessions, waiting...
2026-02-06 00:34:15 +08:00: \n📊 Total sessions in contract: 8
2026-02-06 00:34:15 +08:00: 🦞 Active nodes: 50
2026-02-06 00:34:17 +08:00: 📋 Total tracked active sessions: 0
2026-02-06 00:34:17 +08:00: 💤 No active sessions, waiting...
2026-02-06 00:34:27 +08:00: \n📊 Total sessions in contract: 8
2026-02-06 00:34:27 +08:00: 🦞 Active nodes: 50
2026-02-06 00:34:29 +08:00: 📋 Total tracked active sessions: 0
2026-02-06 00:34:29 +08:00: 💤 No active sessions, waiting...
2026-02-06 00:34:40 +08:00: \n📊 Total sessions in contract: 8
2026-02-06 00:34:40 +08:00: 🦞 Active nodes: 50
2026-02-06 00:34:42 +08:00: 📋 Total tracked active sessions: 0
2026-02-06 00:34:42 +08:00: 💤 No active sessions, waiting...
2026-02-06 00:34:52 +08:00: \n📊 Total sessions in contract: 8
2026-02-06 00:34:52 +08:00: 🦞 Active nodes: 50
2026-02-06 00:34:54 +08:00: 📋 Total tracked active sessions: 0
2026-02-06 00:34:54 +08:00: 💤 No active sessions, waiting...
2026-02-06 00:35:04 +08:00: \n📊 Total sessions in contract: 8
2026-02-06 00:35:04 +08:00: 🦞 Active nodes: 50
2026-02-06 00:35:06 +08:00: 📋 Total tracked active sessions: 0
2026-02-06 00:35:06 +08:00: 💤 No active sessions, waiting...
2026-02-06 00:35:17 +08:00: \n📊 Total sessions in contract: 8
2026-02-06 00:35:17 +08:00: 🦞 Active nodes: 50
2026-02-06 00:35:19 +08:00: 📋 Total tracked active sessions: 0
2026-02-06 00:35:19 +08:00: 💤 No active sessions, waiting...
2026-02-06 00:35:29 +08:00: \n📊 Total sessions in contract: 8
2026-02-06 00:35:29 +08:00: 🦞 Active nodes: 50
2026-02-06 00:35:31 +08:00: 📋 Total tracked active sessions: 0
2026-02-06 00:35:31 +08:00: 💤 No active sessions, waiting...
2026-02-06 00:35:41 +08:00: \n📊 Total sessions in contract: 8
2026-02-06 00:35:42 +08:00: 🦞 Active nodes: 50
2026-02-06 00:35:43 +08:00: 📋 Total tracked active sessions: 0
2026-02-06 00:35:43 +08:00: 💤 No active sessions, waiting...
2026-02-06 00:35:54 +08:00: \n📊 Total sessions in contract: 8
2026-02-06 00:35:54 +08:00: 🦞 Active nodes: 50
2026-02-06 00:35:56 +08:00: 📋 Total tracked active sessions: 0
2026-02-06 00:35:56 +08:00: 💤 No active sessions, waiting...
2026-02-06 00:36:06 +08:00: \n📊 Total sessions in contract: 8
2026-02-06 00:36:06 +08:00: 🦞 Active nodes: 50
2026-02-06 00:36:08 +08:00: 📋 Total tracked active sessions: 0
2026-02-06 00:36:08 +08:00: 💤 No active sessions, waiting...
2026-02-06 00:36:19 +08:00: \n📊 Total sessions in contract: 8
2026-02-06 00:36:19 +08:00: 🦞 Active nodes: 50
2026-02-06 00:36:21 +08:00: 📋 Total tracked active sessions: 0
2026-02-06 00:36:21 +08:00: 💤 No active sessions, waiting...
2026-02-06 00:36:31 +08:00: \n📊 Total sessions in contract: 8
2026-02-06 00:36:31 +08:00: 🦞 Active nodes: 50
2026-02-06 00:36:33 +08:00: 📋 Total tracked active sessions: 0
2026-02-06 00:36:33 +08:00: 💤 No active sessions, waiting...
2026-02-06 00:36:43 +08:00: \n📊 Total sessions in contract: 8
2026-02-06 00:36:44 +08:00: 🦞 Active nodes: 50
2026-02-06 00:36:45 +08:00: 📋 Total tracked active sessions: 0
2026-02-06 00:36:45 +08:00: 💤 No active sessions, waiting...
2026-02-06 00:36:56 +08:00: \n📊 Total sessions in contract: 8
2026-02-06 00:36:56 +08:00: 🦞 Active nodes: 50
2026-02-06 00:36:58 +08:00: 📋 Total tracked active sessions: 0
2026-02-06 00:36:58 +08:00: 💤 No active sessions, waiting...
2026-02-06 00:37:08 +08:00: \n📊 Total sessions in contract: 8
2026-02-06 00:37:08 +08:00: 🦞 Active nodes: 50
2026-02-06 00:37:10 +08:00: 📋 Total tracked active sessions: 0
2026-02-06 00:37:10 +08:00: 💤 No active sessions, waiting...
2026-02-06 00:37:20 +08:00: \n📊 Total sessions in contract: 8
2026-02-06 00:37:21 +08:00: 🦞 Active nodes: 50
2026-02-06 00:37:23 +08:00: 📋 Total tracked active sessions: 0
2026-02-06 00:37:23 +08:00: 💤 No active sessions, waiting...
2026-02-06 00:37:33 +08:00: \n📊 Total sessions in contract: 8
2026-02-06 00:37:33 +08:00: 🦞 Active nodes: 50
2026-02-06 00:37:35 +08:00: 📋 Total tracked active sessions: 0
2026-02-06 00:37:35 +08:00: 💤 No active sessions, waiting...
2026-02-06 00:37:45 +08:00: \n📊 Total sessions in contract: 8
2026-02-06 00:37:46 +08:00: 🦞 Active nodes: 50
2026-02-06 00:37:47 +08:00: 📋 Total tracked active sessions: 0
2026-02-06 00:37:47 +08:00: 💤 No active sessions, waiting...
2026-02-06 00:37:58 +08:00: \n📊 Total sessions in contract: 8
2026-02-06 00:37:58 +08:00: 🦞 Active nodes: 50
2026-02-06 00:38:00 +08:00: 📋 Total tracked active sessions: 0
2026-02-06 00:38:00 +08:00: 💤 No active sessions, waiting...
2026-02-06 00:38:10 +08:00: \n📊 Total sessions in contract: 8
2026-02-06 00:38:10 +08:00: 🦞 Active nodes: 50
2026-02-06 00:38:12 +08:00: 📋 Total tracked active sessions: 0
2026-02-06 00:38:12 +08:00: 💤 No active sessions, waiting...
2026-02-06 00:38:22 +08:00: \n📊 Total sessions in contract: 8
2026-02-06 00:38:23 +08:00: 🦞 Active nodes: 50
2026-02-06 00:38:24 +08:00: 📋 Total tracked active sessions: 0
2026-02-06 00:38:24 +08:00: 💤 No active sessions, waiting...
2026-02-06 00:38:35 +08:00: \n📊 Total sessions in contract: 8
2026-02-06 00:38:35 +08:00: 🦞 Active nodes: 50
2026-02-06 00:38:37 +08:00: 📋 Total tracked active sessions: 0
2026-02-06 00:38:37 +08:00: 💤 No active sessions, waiting...
2026-02-06 00:38:48 +08:00: \n📊 Total sessions in contract: 8
2026-02-06 00:38:48 +08:00: 🦞 Active nodes: 50
2026-02-06 00:38:50 +08:00: 📋 Total tracked active sessions: 0
2026-02-06 00:38:50 +08:00: 💤 No active sessions, waiting...
2026-02-06 00:39:00 +08:00: \n📊 Total sessions in contract: 8
2026-02-06 00:39:00 +08:00: 🦞 Active nodes: 50
2026-02-06 00:39:02 +08:00: 📋 Total tracked active sessions: 0
2026-02-06 00:39:02 +08:00: 💤 No active sessions, waiting...
2026-02-06 00:39:12 +08:00: \n📊 Total sessions in contract: 8
2026-02-06 00:39:12 +08:00: 🦞 Active nodes: 50
2026-02-06 00:39:14 +08:00: 📋 Total tracked active sessions: 0
2026-02-06 00:39:14 +08:00: 💤 No active sessions, waiting...
2026-02-06 00:39:25 +08:00: \n📊 Total sessions in contract: 8
2026-02-06 00:39:25 +08:00: 🦞 Active nodes: 50
2026-02-06 00:39:27 +08:00: 📋 Total tracked active sessions: 0
2026-02-06 00:39:27 +08:00: 💤 No active sessions, waiting...
2026-02-06 00:39:37 +08:00: \n📊 Total sessions in contract: 8
2026-02-06 00:39:37 +08:00: 🦞 Active nodes: 50
2026-02-06 00:39:39 +08:00: 📋 Total tracked active sessions: 0
2026-02-06 00:39:39 +08:00: 💤 No active sessions, waiting...
2026-02-06 00:39:49 +08:00: \n📊 Total sessions in contract: 8
2026-02-06 00:39:50 +08:00: 🦞 Active nodes: 50
2026-02-06 00:39:51 +08:00: 📋 Total tracked active sessions: 0
2026-02-06 00:39:51 +08:00: 💤 No active sessions, waiting...
2026-02-06 00:40:02 +08:00: \n📊 Total sessions in contract: 8
2026-02-06 00:40:02 +08:00: 🦞 Active nodes: 50
2026-02-06 00:40:04 +08:00: 📋 Total tracked active sessions: 0
2026-02-06 00:40:04 +08:00: 💤 No active sessions, waiting...
2026-02-06 00:40:14 +08:00: \n📊 Total sessions in contract: 8
2026-02-06 00:40:14 +08:00: 🦞 Active nodes: 50
2026-02-06 00:40:16 +08:00: 📋 Total tracked active sessions: 0
2026-02-06 00:40:16 +08:00: 💤 No active sessions, waiting...
2026-02-06 00:40:27 +08:00: \n📊 Total sessions in contract: 8
2026-02-06 00:40:27 +08:00: 🦞 Active nodes: 50
2026-02-06 00:40:29 +08:00: 📋 Total tracked active sessions: 0
2026-02-06 00:40:29 +08:00: 💤 No active sessions, waiting...
2026-02-06 00:40:39 +08:00: \n📊 Total sessions in contract: 8
2026-02-06 00:40:39 +08:00: 🦞 Active nodes: 50
2026-02-06 00:40:41 +08:00: 📋 Total tracked active sessions: 0
2026-02-06 00:40:41 +08:00: 💤 No active sessions, waiting...
2026-02-06 00:40:52 +08:00: \n📊 Total sessions in contract: 8
2026-02-06 00:40:52 +08:00: 🦞 Active nodes: 50
2026-02-06 00:40:54 +08:00: 📋 Total tracked active sessions: 0
2026-02-06 00:40:54 +08:00: 💤 No active sessions, waiting...
2026-02-06 00:41:04 +08:00: \n📊 Total sessions in contract: 8
2026-02-06 00:41:04 +08:00: 🦞 Active nodes: 50
2026-02-06 00:41:06 +08:00: 📋 Total tracked active sessions: 0
2026-02-06 00:41:06 +08:00: 💤 No active sessions, waiting...
2026-02-06 00:41:16 +08:00: \n📊 Total sessions in contract: 8
2026-02-06 00:41:17 +08:00: 🦞 Active nodes: 50
2026-02-06 00:41:18 +08:00: 📋 Total tracked active sessions: 0
2026-02-06 00:41:18 +08:00: 💤 No active sessions, waiting...
2026-02-06 00:41:29 +08:00: \n📊 Total sessions in contract: 8
2026-02-06 00:41:29 +08:00: 🦞 Active nodes: 50
2026-02-06 00:41:31 +08:00: 📋 Total tracked active sessions: 0
2026-02-06 00:41:31 +08:00: 💤 No active sessions, waiting...
2026-02-06 00:41:41 +08:00: \n📊 Total sessions in contract: 8
2026-02-06 00:41:41 +08:00: 🦞 Active nodes: 50
2026-02-06 00:41:43 +08:00: 📋 Total tracked active sessions: 0
2026-02-06 00:41:43 +08:00: 💤 No active sessions, waiting...
2026-02-06 00:41:54 +08:00: \n📊 Total sessions in contract: 8
2026-02-06 00:41:54 +08:00: 🦞 Active nodes: 50
2026-02-06 00:41:56 +08:00: 📋 Total tracked active sessions: 0
2026-02-06 00:41:56 +08:00: 💤 No active sessions, waiting...
2026-02-06 00:42:06 +08:00: \n📊 Total sessions in contract: 8
2026-02-06 00:42:06 +08:00: 🦞 Active nodes: 50
2026-02-06 00:42:08 +08:00: 📋 Total tracked active sessions: 0
2026-02-06 00:42:08 +08:00: 💤 No active sessions, waiting...
2026-02-06 00:42:19 +08:00: \n📊 Total sessions in contract: 8
2026-02-06 00:42:19 +08:00: 🦞 Active nodes: 50
2026-02-06 00:42:21 +08:00: 📋 Total tracked active sessions: 0
2026-02-06 00:42:21 +08:00: 💤 No active sessions, waiting...
2026-02-06 00:42:31 +08:00: \n📊 Total sessions in contract: 8
2026-02-06 00:42:31 +08:00: 🦞 Active nodes: 50
2026-02-06 00:42:33 +08:00: 📋 Total tracked active sessions: 0
2026-02-06 00:42:33 +08:00: 💤 No active sessions, waiting...
2026-02-06 00:42:43 +08:00: \n📊 Total sessions in contract: 8
2026-02-06 00:42:44 +08:00: 🦞 Active nodes: 50
2026-02-06 00:42:46 +08:00: 📋 Total tracked active sessions: 0
2026-02-06 00:42:46 +08:00: 💤 No active sessions, waiting...
2026-02-06 00:42:56 +08:00: \n📊 Total sessions in contract: 9
2026-02-06 00:42:56 +08:00: 🦞 Active nodes: 50
2026-02-06 00:42:59 +08:00: 🔍 Session 9 Status: 0/10 shards [USDC] - Wave 1, Step 0
2026-02-06 00:42:59 +08:00: 📋 Total tracked active sessions: 1
2026-02-06 00:42:59 +08:00: \n🚀 Processing 1 sessions in 1 batches
2026-02-06 00:43:09 +08:00: \n📊 Total sessions in contract: 9
2026-02-06 00:43:09 +08:00: 🦞 Active nodes: 50
2026-02-06 00:43:12 +08:00: 🔍 Session 9 Status: 0/10 shards [USDC] - Wave 1, Step 0
2026-02-06 00:43:12 +08:00: 📋 Total tracked active sessions: 1
2026-02-06 00:43:12 +08:00: \n🚀 Processing 1 sessions in 1 batches
2026-02-06 00:43:22 +08:00: \n📊 Total sessions in contract: 9
2026-02-06 00:43:22 +08:00: 🦞 Active nodes: 50
2026-02-06 00:43:25 +08:00: 🔍 Session 9 Status: 0/10 shards [USDC] - Wave 1, Step 0
2026-02-06 00:43:25 +08:00: 📋 Total tracked active sessions: 1
2026-02-06 00:43:25 +08:00: \n🚀 Processing 1 sessions in 1 batches
2026-02-06 00:43:25 +08:00: 
📦 Batch 3505274: Pulsing 1 sessions [USDC] (Mixer→A) [nonce: 2409]
2026-02-06 00:43:26 +08:00: 🔄 Recovering nonce from chain...
2026-02-06 00:43:26 +08:00: ✅ Nonce recovered: 2411
2026-02-06 00:43:37 +08:00: \n📊 Total sessions in contract: 9
2026-02-06 00:43:37 +08:00: 🦞 Active nodes: 50
2026-02-06 00:43:39 +08:00: 🔍 Session 9 Status: 0/10 shards [USDC] - Wave 1, Step 0
2026-02-06 00:43:39 +08:00: 📋 Total tracked active sessions: 1
2026-02-06 00:43:39 +08:00: \n🚀 Processing 1 sessions in 1 batches
2026-02-06 00:43:40 +08:00: 
📦 Batch 7263494: Pulsing 1 sessions [USDC] (Mixer→A) [nonce: 2411]
2026-02-06 00:43:41 +08:00: 📤 Tx sent: 0xcd1c3f47a051c11efe789d00c2efa15811a0691efcf828831d1fe73601fd3524
2026-02-06 00:43:45 +08:00: ✅ Batch confirmed in block 33337212! Gas: 241803
2026-02-06 00:43:56 +08:00: \n📊 Total sessions in contract: 9
2026-02-06 00:43:56 +08:00: 🦞 Active nodes: 50
2026-02-06 00:43:58 +08:00: 🔍 Session 9 Status: 0/10 shards [USDC] - Wave 1, Step 1
2026-02-06 00:43:58 +08:00: 📋 Total tracked active sessions: 1
2026-02-06 00:43:58 +08:00: \n🚀 Processing 1 sessions in 1 batches
2026-02-06 00:44:09 +08:00: \n📊 Total sessions in contract: 9
2026-02-06 00:44:09 +08:00: 🦞 Active nodes: 50
2026-02-06 00:44:11 +08:00: 🔍 Session 9 Status: 0/10 shards [USDC] - Wave 1, Step 1
2026-02-06 00:44:11 +08:00: 📋 Total tracked active sessions: 1
2026-02-06 00:44:11 +08:00: \n🚀 Processing 1 sessions in 1 batches
2026-02-06 00:44:22 +08:00: \n📊 Total sessions in contract: 9
2026-02-06 00:44:22 +08:00: 🦞 Active nodes: 50
2026-02-06 00:44:25 +08:00: 🔍 Session 9 Status: 0/10 shards [USDC] - Wave 1, Step 1
2026-02-06 00:44:25 +08:00: 📋 Total tracked active sessions: 1
2026-02-06 00:44:25 +08:00: \n🚀 Processing 1 sessions in 1 batches
2026-02-06 00:44:25 +08:00: 
📦 Batch 3066741: Pulsing 1 sessions [USDC] (A→B) [nonce: 2412]
2026-02-06 00:44:26 +08:00: 📤 Tx sent: 0x5b3b47a2fab01aa3c45bc5a4333b462e748f28b6dcf8052483006b6b2165d471
2026-02-06 00:44:31 +08:00: ✅ Batch confirmed in block 33337234! Gas: 377356
2026-02-06 00:44:41 +08:00: \n📊 Total sessions in contract: 9
2026-02-06 00:44:41 +08:00: 🦞 Active nodes: 50
2026-02-06 00:44:44 +08:00: 🔍 Session 9 Status: 0/10 shards [USDC] - Wave 1, Step 2
2026-02-06 00:44:44 +08:00: 📋 Total tracked active sessions: 1
2026-02-06 00:44:44 +08:00: \n🚀 Processing 1 sessions in 1 batches
2026-02-06 00:44:54 +08:00: \n📊 Total sessions in contract: 9
2026-02-06 00:44:55 +08:00: 🦞 Active nodes: 50
2026-02-06 00:44:57 +08:00: 🔍 Session 9 Status: 0/10 shards [USDC] - Wave 1, Step 2
2026-02-06 00:44:57 +08:00: 📋 Total tracked active sessions: 1
2026-02-06 00:44:57 +08:00: \n🚀 Processing 1 sessions in 1 batches
2026-02-06 00:45:07 +08:00: \n📊 Total sessions in contract: 9
2026-02-06 00:45:08 +08:00: 🦞 Active nodes: 50
2026-02-06 00:45:10 +08:00: 🔍 Session 9 Status: 0/10 shards [USDC] - Wave 1, Step 2
2026-02-06 00:45:10 +08:00: 📋 Total tracked active sessions: 1
2026-02-06 00:45:10 +08:00: \n🚀 Processing 1 sessions in 1 batches
2026-02-06 00:45:10 +08:00: 
📦 Batch 4914506: Pulsing 1 sessions [USDC] (B→C) [nonce: 2413]
2026-02-06 00:45:11 +08:00: 📤 Tx sent: 0x724e8c973f7da991ec2182f0ed56a62f722f345eb2af2f5765e8200c447dad5c
2026-02-06 00:45:16 +08:00: ✅ Batch confirmed in block 33337257! Gas: 378018
2026-02-06 00:45:27 +08:00: \n📊 Total sessions in contract: 9
2026-02-06 00:45:27 +08:00: 🦞 Active nodes: 50
2026-02-06 00:45:29 +08:00: 🔍 Session 9 Status: 0/10 shards [USDC] - Wave 1, Step 3
2026-02-06 00:45:29 +08:00: 📋 Total tracked active sessions: 1
2026-02-06 00:45:29 +08:00: \n🚀 Processing 1 sessions in 1 batches
2026-02-06 00:45:40 +08:00: \n📊 Total sessions in contract: 9
2026-02-06 00:45:40 +08:00: 🦞 Active nodes: 50
2026-02-06 00:45:42 +08:00: 🔍 Session 9 Status: 0/10 shards [USDC] - Wave 1, Step 3
2026-02-06 00:45:42 +08:00: 📋 Total tracked active sessions: 1
2026-02-06 00:45:42 +08:00: \n🚀 Processing 1 sessions in 1 batches
2026-02-06 00:45:53 +08:00: \n📊 Total sessions in contract: 9
2026-02-06 00:45:53 +08:00: 🦞 Active nodes: 50
2026-02-06 00:45:55 +08:00: 🔍 Session 9 Status: 0/10 shards [USDC] - Wave 1, Step 3
2026-02-06 00:45:55 +08:00: 📋 Total tracked active sessions: 1
2026-02-06 00:45:55 +08:00: \n🚀 Processing 1 sessions in 1 batches
2026-02-06 00:45:56 +08:00: 
📦 Batch 6845575: Pulsing 1 sessions [USDC] (C→D) [nonce: 2414]
2026-02-06 00:45:57 +08:00: 📤 Tx sent: 0x4e1fde032c0b3d5a92f5573473544f3b282049ed111f86d28adbceaf2f4d88a2
2026-02-06 00:46:02 +08:00: ✅ Batch confirmed in block 33337280! Gas: 378098
2026-02-06 00:46:12 +08:00: \n📊 Total sessions in contract: 9
2026-02-06 00:46:12 +08:00: 🦞 Active nodes: 50
2026-02-06 00:46:15 +08:00: 🔍 Session 9 Status: 0/10 shards [USDC] - Wave 1, Step 4
2026-02-06 00:46:15 +08:00: 📋 Total tracked active sessions: 1
2026-02-06 00:46:15 +08:00: \n🚀 Processing 1 sessions in 1 batches
2026-02-06 00:46:25 +08:00: \n📊 Total sessions in contract: 9
2026-02-06 00:46:25 +08:00: 🦞 Active nodes: 50
2026-02-06 00:46:28 +08:00: 🔍 Session 9 Status: 0/10 shards [USDC] - Wave 1, Step 4
2026-02-06 00:46:28 +08:00: 📋 Total tracked active sessions: 1
2026-02-06 00:46:28 +08:00: \n🚀 Processing 1 sessions in 1 batches
2026-02-06 00:46:38 +08:00: \n📊 Total sessions in contract: 9
2026-02-06 00:46:38 +08:00: 🦞 Active nodes: 50
2026-02-06 00:46:41 +08:00: 🔍 Session 9 Status: 0/10 shards [USDC] - Wave 1, Step 4
2026-02-06 00:46:41 +08:00: 📋 Total tracked active sessions: 1
2026-02-06 00:46:41 +08:00: \n🚀 Processing 1 sessions in 1 batches
2026-02-06 00:46:41 +08:00: 
📦 Batch 9011736: Pulsing 1 sessions [USDC] (D→E) [nonce: 2415]
2026-02-06 00:46:42 +08:00: 📤 Tx sent: 0x889d90720a82901d532d164ff86fcddc1580dc29202183462a9a650d066caa0e
2026-02-06 00:46:47 +08:00: ✅ Batch confirmed in block 33337302! Gas: 378121
2026-02-06 00:46:57 +08:00: \n📊 Total sessions in contract: 9
2026-02-06 00:46:57 +08:00: 🦞 Active nodes: 50
2026-02-06 00:47:00 +08:00: 🔍 Session 9 Status: 0/10 shards [USDC] - Wave 1, Step 5
2026-02-06 00:47:00 +08:00: 📋 Total tracked active sessions: 1
2026-02-06 00:47:00 +08:00: \n🚀 Processing 1 sessions in 1 batches
2026-02-06 00:47:10 +08:00: \n📊 Total sessions in contract: 9
2026-02-06 00:47:10 +08:00: 🦞 Active nodes: 50
2026-02-06 00:47:13 +08:00: 🔍 Session 9 Status: 0/10 shards [USDC] - Wave 1, Step 5
2026-02-06 00:47:13 +08:00: 📋 Total tracked active sessions: 1
2026-02-06 00:47:13 +08:00: \n🚀 Processing 1 sessions in 1 batches
2026-02-06 00:47:23 +08:00: \n📊 Total sessions in contract: 9
2026-02-06 00:47:24 +08:00: 🦞 Active nodes: 50
2026-02-06 00:47:26 +08:00: 🔍 Session 9 Status: 0/10 shards [USDC] - Wave 1, Step 5
2026-02-06 00:47:26 +08:00: 📋 Total tracked active sessions: 1
2026-02-06 00:47:26 +08:00: \n🚀 Processing 1 sessions in 1 batches
2026-02-06 00:47:26 +08:00: 
📦 Batch 9841643: Pulsing 1 sessions [USDC] (E→Recipient) [nonce: 2416]
2026-02-06 00:47:27 +08:00: 📤 Tx sent: 0x0480e1d12d9a24d0ff54ba5dfe3bb8aa64951da22959bec36bb89d1168adc1dd
2026-02-06 00:47:32 +08:00: ✅ Batch confirmed in block 33337325! Gas: 286755
2026-02-06 00:47:43 +08:00: \n📊 Total sessions in contract: 9
2026-02-06 00:47:43 +08:00: 🦞 Active nodes: 50
2026-02-06 00:47:45 +08:00: 🔍 Session 9 Status: 10/10 shards [USDC] - Wave 1, Step 6
2026-02-06 00:47:45 +08:00: 📋 Total tracked active sessions: 1
2026-02-06 00:47:45 +08:00: \n🚀 Processing 1 sessions in 1 batches
2026-02-06 00:47:56 +08:00: \n📊 Total sessions in contract: 9
2026-02-06 00:47:56 +08:00: 🦞 Active nodes: 50
2026-02-06 00:47:58 +08:00: 🔍 Session 9 Status: 10/10 shards [USDC] - Wave 1, Step 6
2026-02-06 00:47:58 +08:00: 📋 Total tracked active sessions: 1
2026-02-06 00:47:58 +08:00: \n🚀 Processing 1 sessions in 1 batches
2026-02-06 00:48:09 +08:00: \n📊 Total sessions in contract: 9
2026-02-06 00:48:09 +08:00: 🦞 Active nodes: 50
2026-02-06 00:48:11 +08:00: 🔍 Session 9 Status: 10/10 shards [USDC] - Wave 1, Step 6
2026-02-06 00:48:11 +08:00: 📋 Total tracked active sessions: 1
2026-02-06 00:48:11 +08:00: \n🚀 Processing 1 sessions in 1 batches
2026-02-06 00:48:12 +08:00: 
📦 Batch 7328061: Pulsing 1 sessions [USDC] (Wave Complete) [nonce: 2417]
2026-02-06 00:48:13 +08:00: 📤 Tx sent: 0x2b34e1c3bb2c3d3b4e35d3ff36d6f624a134f7c463e6284b1acec7921ecb05c6
2026-02-06 00:48:17 +08:00: ✅ Batch confirmed in block 33337348! Gas: 1460167
2026-02-06 00:48:28 +08:00: \n📊 Total sessions in contract: 9
2026-02-06 00:48:28 +08:00: 🦞 Active nodes: 50
2026-02-06 00:48:30 +08:00: ✅ Session 9 completed, removing from orchestrator.
2026-02-06 00:48:30 +08:00: 📋 Total tracked active sessions: 0
2026-02-06 00:48:30 +08:00: 💤 No active sessions, waiting...
2026-02-06 00:48:40 +08:00: \n📊 Total sessions in contract: 9
2026-02-06 00:48:41 +08:00: 🦞 Active nodes: 50
2026-02-06 00:48:43 +08:00: 📋 Total tracked active sessions: 0
2026-02-06 00:48:43 +08:00: 💤 No active sessions, waiting...
2026-02-06 00:48:53 +08:00: \n📊 Total sessions in contract: 9
2026-02-06 00:48:53 +08:00: 🦞 Active nodes: 50
2026-02-06 00:48:55 +08:00: 📋 Total tracked active sessions: 0
2026-02-06 00:48:55 +08:00: 💤 No active sessions, waiting...
2026-02-06 00:49:06 +08:00: \n📊 Total sessions in contract: 9
2026-02-06 00:49:06 +08:00: 🦞 Active nodes: 50
2026-02-06 00:49:08 +08:00: 📋 Total tracked active sessions: 0
2026-02-06 00:49:08 +08:00: 💤 No active sessions, waiting...
2026-02-06 00:49:18 +08:00: \n📊 Total sessions in contract: 9
2026-02-06 00:49:19 +08:00: 🦞 Active nodes: 50
2026-02-06 00:49:21 +08:00: 📋 Total tracked active sessions: 0
2026-02-06 00:49:21 +08:00: 💤 No active sessions, waiting...
2026-02-06 00:49:31 +08:00: \n📊 Total sessions in contract: 9
2026-02-06 00:49:31 +08:00: 🦞 Active nodes: 50
2026-02-06 00:49:33 +08:00: 📋 Total tracked active sessions: 0
2026-02-06 00:49:33 +08:00: 💤 No active sessions, waiting...
2026-02-06 00:49:44 +08:00: \n📊 Total sessions in contract: 9
2026-02-06 00:49:44 +08:00: 🦞 Active nodes: 50
2026-02-06 00:49:46 +08:00: 📋 Total tracked active sessions: 0
2026-02-06 00:49:46 +08:00: 💤 No active sessions, waiting...
2026-02-06 00:49:56 +08:00: \n📊 Total sessions in contract: 9
2026-02-06 00:49:57 +08:00: 🦞 Active nodes: 50
2026-02-06 00:49:59 +08:00: 📋 Total tracked active sessions: 0
2026-02-06 00:49:59 +08:00: 💤 No active sessions, waiting...
2026-02-06 00:50:09 +08:00: \n📊 Total sessions in contract: 9
2026-02-06 00:50:09 +08:00: 🦞 Active nodes: 50
2026-02-06 00:50:11 +08:00: 📋 Total tracked active sessions: 0
2026-02-06 00:50:11 +08:00: 💤 No active sessions, waiting...
2026-02-06 00:50:22 +08:00: \n📊 Total sessions in contract: 9
2026-02-06 00:50:22 +08:00: 🦞 Active nodes: 50
2026-02-06 00:50:24 +08:00: 📋 Total tracked active sessions: 0
2026-02-06 00:50:24 +08:00: 💤 No active sessions, waiting...
2026-02-06 00:50:34 +08:00: \n📊 Total sessions in contract: 9
2026-02-06 00:50:34 +08:00: 🦞 Active nodes: 50
2026-02-06 00:50:36 +08:00: 📋 Total tracked active sessions: 0
2026-02-06 00:50:36 +08:00: 💤 No active sessions, waiting...
2026-02-06 00:50:47 +08:00: \n📊 Total sessions in contract: 9
2026-02-06 00:50:47 +08:00: 🦞 Active nodes: 50
2026-02-06 00:50:49 +08:00: 📋 Total tracked active sessions: 0
2026-02-06 00:50:49 +08:00: 💤 No active sessions, waiting...
2026-02-06 00:50:59 +08:00: \n📊 Total sessions in contract: 9
2026-02-06 00:51:00 +08:00: 🦞 Active nodes: 50
2026-02-06 00:51:02 +08:00: 📋 Total tracked active sessions: 0
2026-02-06 00:51:02 +08:00: 💤 No active sessions, waiting...
2026-02-06 00:51:12 +08:00: \n📊 Total sessions in contract: 9
2026-02-06 00:51:12 +08:00: 🦞 Active nodes: 50
2026-02-06 00:51:14 +08:00: 📋 Total tracked active sessions: 0
2026-02-06 00:51:14 +08:00: 💤 No active sessions, waiting...
2026-02-06 00:51:24 +08:00: \n📊 Total sessions in contract: 9
2026-02-06 00:51:25 +08:00: 🦞 Active nodes: 50
2026-02-06 00:51:27 +08:00: 📋 Total tracked active sessions: 0
2026-02-06 00:51:27 +08:00: 💤 No active sessions, waiting...
2026-02-06 00:51:37 +08:00: \n📊 Total sessions in contract: 9
2026-02-06 00:51:37 +08:00: 🦞 Active nodes: 50
2026-02-06 00:51:39 +08:00: 📋 Total tracked active sessions: 0
2026-02-06 00:51:39 +08:00: 💤 No active sessions, waiting...
2026-02-06 00:51:50 +08:00: \n📊 Total sessions in contract: 9
2026-02-06 00:51:50 +08:00: 🦞 Active nodes: 50
2026-02-06 00:51:52 +08:00: 📋 Total tracked active sessions: 0
2026-02-06 00:51:52 +08:00: 💤 No active sessions, waiting...
2026-02-06 00:52:02 +08:00: \n📊 Total sessions in contract: 9
2026-02-06 00:52:03 +08:00: 🦞 Active nodes: 50
2026-02-06 00:52:05 +08:00: 📋 Total tracked active sessions: 0
2026-02-06 00:52:05 +08:00: 💤 No active sessions, waiting...
2026-02-06 00:52:15 +08:00: \n📊 Total sessions in contract: 9
2026-02-06 00:52:15 +08:00: 🦞 Active nodes: 50
2026-02-06 00:52:17 +08:00: 📋 Total tracked active sessions: 0
2026-02-06 00:52:17 +08:00: 💤 No active sessions, waiting...
2026-02-06 00:52:28 +08:00: \n📊 Total sessions in contract: 9
2026-02-06 00:52:28 +08:00: 🦞 Active nodes: 50
2026-02-06 00:52:30 +08:00: 📋 Total tracked active sessions: 0
2026-02-06 00:52:30 +08:00: 💤 No active sessions, waiting...
2026-02-06 00:52:40 +08:00: \n📊 Total sessions in contract: 9
2026-02-06 00:52:41 +08:00: 🦞 Active nodes: 50
2026-02-06 00:52:43 +08:00: 📋 Total tracked active sessions: 0
2026-02-06 00:52:43 +08:00: 💤 No active sessions, waiting...
2026-02-06 00:52:53 +08:00: \n📊 Total sessions in contract: 9
2026-02-06 00:52:53 +08:00: 🦞 Active nodes: 50
2026-02-06 00:52:55 +08:00: 📋 Total tracked active sessions: 0
2026-02-06 00:52:55 +08:00: 💤 No active sessions, waiting...
2026-02-06 00:53:05 +08:00: \n📊 Total sessions in contract: 9
2026-02-06 00:53:06 +08:00: 🦞 Active nodes: 50
2026-02-06 00:53:08 +08:00: 📋 Total tracked active sessions: 0
2026-02-06 00:53:08 +08:00: 💤 No active sessions, waiting...
2026-02-06 00:53:18 +08:00: \n📊 Total sessions in contract: 9
2026-02-06 00:53:18 +08:00: 🦞 Active nodes: 50
2026-02-06 00:53:20 +08:00: 📋 Total tracked active sessions: 0
2026-02-06 00:53:20 +08:00: 💤 No active sessions, waiting...
2026-02-06 00:53:31 +08:00: \n📊 Total sessions in contract: 9
2026-02-06 00:53:31 +08:00: 🦞 Active nodes: 50
2026-02-06 00:53:33 +08:00: 📋 Total tracked active sessions: 0
2026-02-06 00:53:33 +08:00: 💤 No active sessions, waiting...
2026-02-06 00:53:43 +08:00: \n📊 Total sessions in contract: 9
2026-02-06 00:53:44 +08:00: 🦞 Active nodes: 50
2026-02-06 00:53:46 +08:00: 📋 Total tracked active sessions: 0
2026-02-06 00:53:46 +08:00: 💤 No active sessions, waiting...
2026-02-06 00:53:56 +08:00: \n📊 Total sessions in contract: 9
2026-02-06 00:53:56 +08:00: 🦞 Active nodes: 50
2026-02-06 00:53:58 +08:00: 📋 Total tracked active sessions: 0
2026-02-06 00:53:58 +08:00: 💤 No active sessions, waiting...
2026-02-06 00:54:08 +08:00: \n📊 Total sessions in contract: 9
2026-02-06 00:54:09 +08:00: 🦞 Active nodes: 50
2026-02-06 00:54:11 +08:00: 📋 Total tracked active sessions: 0
2026-02-06 00:54:11 +08:00: 💤 No active sessions, waiting...
2026-02-06 00:54:21 +08:00: \n📊 Total sessions in contract: 9
2026-02-06 00:54:21 +08:00: 🦞 Active nodes: 50
2026-02-06 00:54:23 +08:00: 📋 Total tracked active sessions: 0
2026-02-06 00:54:23 +08:00: 💤 No active sessions, waiting...
2026-02-06 00:54:34 +08:00: \n📊 Total sessions in contract: 9
2026-02-06 00:54:34 +08:00: 🦞 Active nodes: 50
2026-02-06 00:54:36 +08:00: 📋 Total tracked active sessions: 0
2026-02-06 00:54:36 +08:00: 💤 No active sessions, waiting...
2026-02-06 00:54:46 +08:00: \n📊 Total sessions in contract: 9
2026-02-06 00:54:47 +08:00: 🦞 Active nodes: 50
2026-02-06 00:54:49 +08:00: 📋 Total tracked active sessions: 0
2026-02-06 00:54:49 +08:00: 💤 No active sessions, waiting...
2026-02-06 00:54:59 +08:00: \n📊 Total sessions in contract: 9
2026-02-06 00:54:59 +08:00: 🦞 Active nodes: 50
2026-02-06 00:55:01 +08:00: 📋 Total tracked active sessions: 0
2026-02-06 00:55:01 +08:00: 💤 No active sessions, waiting...
2026-02-06 00:55:12 +08:00: \n📊 Total sessions in contract: 9
2026-02-06 00:55:12 +08:00: 🦞 Active nodes: 50
2026-02-06 00:55:14 +08:00: 📋 Total tracked active sessions: 0
2026-02-06 00:55:14 +08:00: 💤 No active sessions, waiting...
2026-02-06 00:55:24 +08:00: \n📊 Total sessions in contract: 9
2026-02-06 00:55:25 +08:00: 🦞 Active nodes: 50
2026-02-06 00:55:27 +08:00: 📋 Total tracked active sessions: 0
2026-02-06 00:55:27 +08:00: 💤 No active sessions, waiting...
2026-02-06 00:55:37 +08:00: \n📊 Total sessions in contract: 9
2026-02-06 00:55:37 +08:00: 🦞 Active nodes: 50
2026-02-06 00:55:39 +08:00: 📋 Total tracked active sessions: 0
2026-02-06 00:55:39 +08:00: 💤 No active sessions, waiting...
2026-02-06 00:55:50 +08:00: \n📊 Total sessions in contract: 9
2026-02-06 00:55:50 +08:00: 🦞 Active nodes: 50
2026-02-06 00:55:52 +08:00: 📋 Total tracked active sessions: 0
2026-02-06 00:55:52 +08:00: 💤 No active sessions, waiting...
2026-02-06 00:56:02 +08:00: \n📊 Total sessions in contract: 9
2026-02-06 00:56:03 +08:00: 🦞 Active nodes: 50
2026-02-06 00:56:05 +08:00: 📋 Total tracked active sessions: 0
2026-02-06 00:56:05 +08:00: 💤 No active sessions, waiting...
2026-02-06 00:56:15 +08:00: \n📊 Total sessions in contract: 9
2026-02-06 00:56:16 +08:00: 🦞 Active nodes: 50
2026-02-06 00:56:18 +08:00: 📋 Total tracked active sessions: 0
2026-02-06 00:56:18 +08:00: 💤 No active sessions, waiting...
2026-02-06 00:56:28 +08:00: \n📊 Total sessions in contract: 9
2026-02-06 00:56:28 +08:00: 🦞 Active nodes: 50
2026-02-06 00:56:30 +08:00: 📋 Total tracked active sessions: 0
2026-02-06 00:56:30 +08:00: 💤 No active sessions, waiting...
2026-02-06 00:56:41 +08:00: \n📊 Total sessions in contract: 9
2026-02-06 00:56:41 +08:00: 🦞 Active nodes: 50
2026-02-06 00:56:43 +08:00: 📋 Total tracked active sessions: 0
2026-02-06 00:56:43 +08:00: 💤 No active sessions, waiting...
2026-02-06 00:56:53 +08:00: \n📊 Total sessions in contract: 9
2026-02-06 00:56:53 +08:00: 🦞 Active nodes: 50
2026-02-06 00:56:56 +08:00: 📋 Total tracked active sessions: 0
2026-02-06 00:56:56 +08:00: 💤 No active sessions, waiting...
2026-02-06 00:57:06 +08:00: \n📊 Total sessions in contract: 9
2026-02-06 00:57:06 +08:00: 🦞 Active nodes: 50
2026-02-06 00:57:08 +08:00: 📋 Total tracked active sessions: 0
2026-02-06 00:57:08 +08:00: 💤 No active sessions, waiting...
2026-02-06 00:57:19 +08:00: \n📊 Total sessions in contract: 9
2026-02-06 00:57:19 +08:00: 🦞 Active nodes: 50
2026-02-06 00:57:21 +08:00: 📋 Total tracked active sessions: 0
2026-02-06 00:57:21 +08:00: 💤 No active sessions, waiting...
2026-02-06 00:57:31 +08:00: \n📊 Total sessions in contract: 9
2026-02-06 00:57:31 +08:00: 🦞 Active nodes: 50
2026-02-06 00:57:33 +08:00: 📋 Total tracked active sessions: 0
2026-02-06 00:57:33 +08:00: 💤 No active sessions, waiting...
2026-02-06 00:57:44 +08:00: \n📊 Total sessions in contract: 9
2026-02-06 00:57:44 +08:00: 🦞 Active nodes: 50
2026-02-06 00:57:46 +08:00: 📋 Total tracked active sessions: 0
2026-02-06 00:57:46 +08:00: 💤 No active sessions, waiting...
2026-02-06 00:57:56 +08:00: \n📊 Total sessions in contract: 9
2026-02-06 00:57:57 +08:00: 🦞 Active nodes: 50
2026-02-06 00:57:59 +08:00: 📋 Total tracked active sessions: 0
2026-02-06 00:57:59 +08:00: 💤 No active sessions, waiting...
2026-02-06 00:58:09 +08:00: \n📊 Total sessions in contract: 9
2026-02-06 00:58:09 +08:00: 🦞 Active nodes: 50
2026-02-06 00:58:11 +08:00: 📋 Total tracked active sessions: 0
2026-02-06 00:58:11 +08:00: 💤 No active sessions, waiting...
2026-02-06 00:58:21 +08:00: \n📊 Total sessions in contract: 9
2026-02-06 00:58:22 +08:00: 🦞 Active nodes: 50
2026-02-06 00:58:24 +08:00: 📋 Total tracked active sessions: 0
2026-02-06 00:58:24 +08:00: 💤 No active sessions, waiting...
2026-02-06 00:58:34 +08:00: \n📊 Total sessions in contract: 9
2026-02-06 00:58:34 +08:00: 🦞 Active nodes: 50
2026-02-06 00:58:36 +08:00: 📋 Total tracked active sessions: 0
2026-02-06 00:58:36 +08:00: 💤 No active sessions, waiting...
2026-02-06 00:58:47 +08:00: \n📊 Total sessions in contract: 9
2026-02-06 00:58:47 +08:00: 🦞 Active nodes: 50
2026-02-06 00:58:49 +08:00: 📋 Total tracked active sessions: 0
2026-02-06 00:58:49 +08:00: 💤 No active sessions, waiting...
2026-02-06 00:58:59 +08:00: \n📊 Total sessions in contract: 9
2026-02-06 00:59:00 +08:00: 🦞 Active nodes: 50
2026-02-06 00:59:02 +08:00: 📋 Total tracked active sessions: 0
2026-02-06 00:59:02 +08:00: 💤 No active sessions, waiting...
2026-02-06 00:59:12 +08:00: \n📊 Total sessions in contract: 9
2026-02-06 00:59:12 +08:00: 🦞 Active nodes: 50
2026-02-06 00:59:14 +08:00: 📋 Total tracked active sessions: 0
2026-02-06 00:59:14 +08:00: 💤 No active sessions, waiting...
2026-02-06 00:59:25 +08:00: \n📊 Total sessions in contract: 9
2026-02-06 00:59:25 +08:00: 🦞 Active nodes: 50
2026-02-06 00:59:27 +08:00: 📋 Total tracked active sessions: 0
2026-02-06 00:59:27 +08:00: 💤 No active sessions, waiting...
2026-02-06 00:59:37 +08:00: \n📊 Total sessions in contract: 9
2026-02-06 00:59:37 +08:00: 🦞 Active nodes: 50
2026-02-06 00:59:40 +08:00: 📋 Total tracked active sessions: 0
2026-02-06 00:59:40 +08:00: 💤 No active sessions, waiting...
2026-02-06 00:59:50 +08:00: \n📊 Total sessions in contract: 9
2026-02-06 00:59:50 +08:00: 🦞 Active nodes: 50
2026-02-06 00:59:52 +08:00: 📋 Total tracked active sessions: 0
2026-02-06 00:59:52 +08:00: 💤 No active sessions, waiting...
2026-02-06 01:00:03 +08:00: \n📊 Total sessions in contract: 9
2026-02-06 01:00:03 +08:00: 🦞 Active nodes: 50
2026-02-06 01:00:05 +08:00: 📋 Total tracked active sessions: 0
2026-02-06 01:00:05 +08:00: 💤 No active sessions, waiting...
2026-02-06 01:00:15 +08:00: \n📊 Total sessions in contract: 9
2026-02-06 01:00:16 +08:00: 🦞 Active nodes: 50
2026-02-06 01:00:18 +08:00: 📋 Total tracked active sessions: 0
2026-02-06 01:00:18 +08:00: 💤 No active sessions, waiting...
2026-02-06 01:00:29 +08:00: \n📊 Total sessions in contract: 9
2026-02-06 01:00:29 +08:00: 🦞 Active nodes: 50
2026-02-06 01:00:31 +08:00: 📋 Total tracked active sessions: 0
2026-02-06 01:00:31 +08:00: 💤 No active sessions, waiting...
2026-02-06 01:00:41 +08:00: \n📊 Total sessions in contract: 9
2026-02-06 01:00:42 +08:00: 🦞 Active nodes: 50
2026-02-06 01:00:44 +08:00: 📋 Total tracked active sessions: 0
2026-02-06 01:00:44 +08:00: 💤 No active sessions, waiting...
2026-02-06 01:00:54 +08:00: \n📊 Total sessions in contract: 9
2026-02-06 01:00:54 +08:00: 🦞 Active nodes: 50
2026-02-06 01:00:56 +08:00: 📋 Total tracked active sessions: 0
2026-02-06 01:00:56 +08:00: 💤 No active sessions, waiting...
2026-02-06 01:01:07 +08:00: \n📊 Total sessions in contract: 9
2026-02-06 01:01:07 +08:00: 🦞 Active nodes: 50
2026-02-06 01:01:09 +08:00: 📋 Total tracked active sessions: 0
2026-02-06 01:01:09 +08:00: 💤 No active sessions, waiting...
2026-02-06 01:01:20 +08:00: \n📊 Total sessions in contract: 9
2026-02-06 01:01:20 +08:00: 🦞 Active nodes: 50
2026-02-06 01:01:22 +08:00: 📋 Total tracked active sessions: 0
2026-02-06 01:01:22 +08:00: 💤 No active sessions, waiting...
2026-02-06 01:01:33 +08:00: \n📊 Total sessions in contract: 9
2026-02-06 01:01:33 +08:00: 🦞 Active nodes: 50
2026-02-06 01:01:35 +08:00: 📋 Total tracked active sessions: 0
2026-02-06 01:01:35 +08:00: 💤 No active sessions, waiting...
2026-02-06 01:01:45 +08:00: \n📊 Total sessions in contract: 9
2026-02-06 01:01:46 +08:00: 🦞 Active nodes: 50
2026-02-06 01:01:48 +08:00: 📋 Total tracked active sessions: 0
2026-02-06 01:01:48 +08:00: 💤 No active sessions, waiting...
2026-02-06 01:01:58 +08:00: \n📊 Total sessions in contract: 10
2026-02-06 01:01:58 +08:00: 🦞 Active nodes: 50
2026-02-06 01:02:01 +08:00: 🔍 Session 10 Status: 0/10 shards [USDC] - Wave 1, Step 0
2026-02-06 01:02:01 +08:00: 📋 Total tracked active sessions: 1
2026-02-06 01:02:01 +08:00: \n🚀 Processing 1 sessions in 1 batches
2026-02-06 01:02:11 +08:00: \n📊 Total sessions in contract: 10
2026-02-06 01:02:12 +08:00: 🦞 Active nodes: 50
2026-02-06 01:02:14 +08:00: 🔍 Session 10 Status: 0/10 shards [USDC] - Wave 1, Step 0
2026-02-06 01:02:14 +08:00: 📋 Total tracked active sessions: 1
2026-02-06 01:02:14 +08:00: \n🚀 Processing 1 sessions in 1 batches
2026-02-06 01:02:25 +08:00: \n📊 Total sessions in contract: 10
2026-02-06 01:02:25 +08:00: 🦞 Active nodes: 50
2026-02-06 01:02:28 +08:00: 🔍 Session 10 Status: 0/10 shards [USDC] - Wave 1, Step 0
2026-02-06 01:02:28 +08:00: 📋 Total tracked active sessions: 1
2026-02-06 01:02:28 +08:00: \n🚀 Processing 1 sessions in 1 batches
2026-02-06 01:02:29 +08:00: 
📦 Batch 9280746: Pulsing 1 sessions [USDC] (Mixer→A) [nonce: 2418]
2026-02-06 01:02:29 +08:00: 🔄 Recovering nonce from chain...
2026-02-06 01:02:30 +08:00: ✅ Nonce recovered: 2420
2026-02-06 01:02:40 +08:00: \n📊 Total sessions in contract: 10
2026-02-06 01:02:40 +08:00: 🦞 Active nodes: 50
2026-02-06 01:02:43 +08:00: 🔍 Session 10 Status: 0/10 shards [USDC] - Wave 1, Step 0
2026-02-06 01:02:43 +08:00: 📋 Total tracked active sessions: 1
2026-02-06 01:02:43 +08:00: \n🚀 Processing 1 sessions in 1 batches
2026-02-06 01:02:43 +08:00: 
📦 Batch 7103233: Pulsing 1 sessions [USDC] (Mixer→A) [nonce: 2420]
2026-02-06 01:02:44 +08:00: 📤 Tx sent: 0xcbdac477db82590b50c1445912953d850ee441ad23bf76bf5c51bf5b7633a04e
2026-02-06 01:02:49 +08:00: ✅ Batch confirmed in block 33337783! Gas: 241803
2026-02-06 01:02:59 +08:00: \n📊 Total sessions in contract: 10
2026-02-06 01:03:00 +08:00: 🦞 Active nodes: 50
2026-02-06 01:03:02 +08:00: 🔍 Session 10 Status: 0/10 shards [USDC] - Wave 1, Step 1
2026-02-06 01:03:02 +08:00: 📋 Total tracked active sessions: 1
2026-02-06 01:03:02 +08:00: \n🚀 Processing 1 sessions in 1 batches
2026-02-06 01:03:13 +08:00: \n📊 Total sessions in contract: 10
2026-02-06 01:03:13 +08:00: 🦞 Active nodes: 50
2026-02-06 01:03:16 +08:00: 🔍 Session 10 Status: 0/10 shards [USDC] - Wave 1, Step 1
2026-02-06 01:03:16 +08:00: 📋 Total tracked active sessions: 1
2026-02-06 01:03:16 +08:00: \n🚀 Processing 1 sessions in 1 batches
2026-02-06 01:03:26 +08:00: \n📊 Total sessions in contract: 10
2026-02-06 01:03:27 +08:00: 🦞 Active nodes: 50
2026-02-06 01:03:29 +08:00: 🔍 Session 10 Status: 0/10 shards [USDC] - Wave 1, Step 1
2026-02-06 01:03:29 +08:00: 📋 Total tracked active sessions: 1
2026-02-06 01:03:29 +08:00: \n🚀 Processing 1 sessions in 1 batches
2026-02-06 01:03:30 +08:00: 
📦 Batch 9799989: Pulsing 1 sessions [USDC] (A→B) [nonce: 2421]
2026-02-06 01:03:30 +08:00: 🔄 Recovering nonce from chain...
2026-02-06 01:03:31 +08:00: ✅ Nonce recovered: 2423
2026-02-06 01:03:41 +08:00: \n📊 Total sessions in contract: 11
2026-02-06 01:03:41 +08:00: 🦞 Active nodes: 50
2026-02-06 01:03:44 +08:00: 🔍 Session 10 Status: 0/10 shards [USDC] - Wave 1, Step 1
2026-02-06 01:03:45 +08:00: 🔍 Session 11 Status: 0/10 shards [USDC] - Wave 1, Step 0
2026-02-06 01:03:45 +08:00: 📋 Total tracked active sessions: 2
2026-02-06 01:03:45 +08:00: \n🚀 Processing 2 sessions in 1 batches
2026-02-06 01:03:45 +08:00: 
📦 Batch 7857903: Pulsing 1 sessions [USDC] (A→B) [nonce: 2423]
2026-02-06 01:03:46 +08:00: 📤 Tx sent: 0xd0896b4b534befc7de3a2817c0d5ae257262172e4ac404623ebd4c6c59256566
2026-02-06 01:04:46 +08:00: 🔄 Recovering nonce from chain...
2026-02-06 01:04:46 +08:00: ✅ Nonce recovered: 2426
2026-02-06 01:04:57 +08:00: \n📊 Total sessions in contract: 12
2026-02-06 01:04:57 +08:00: 🦞 Active nodes: 50
2026-02-06 01:04:59 +08:00: 🔍 Session 10 Status: 0/10 shards [USDC] - Wave 1, Step 1
2026-02-06 01:05:00 +08:00: 🔍 Session 11 Status: 0/10 shards [USDC] - Wave 1, Step 0
2026-02-06 01:05:00 +08:00: 🔍 Session 12 Status: 0/10 shards [USDC] - Wave 1, Step 0
2026-02-06 01:05:00 +08:00: 📋 Total tracked active sessions: 3
2026-02-06 01:05:00 +08:00: \n🚀 Processing 3 sessions in 1 batches
2026-02-06 01:05:01 +08:00: 
📦 Batch 3816423: Pulsing 2 sessions [USDC] (A→B) [nonce: 2426]
2026-02-06 01:05:02 +08:00: 📤 Tx sent: 0x725960f63240a58f843aca9a12e22c6db089f57f72024e2e710165d529ebc8df
2026-02-06 01:05:07 +08:00: ✅ Batch confirmed in block 33337852! Gas: 560239
2026-02-06 01:05:17 +08:00: \n📊 Total sessions in contract: 12
2026-02-06 01:05:18 +08:00: 🦞 Active nodes: 50
2026-02-06 01:05:20 +08:00: 🔍 Session 10 Status: 0/10 shards [USDC] - Wave 1, Step 2
2026-02-06 01:05:21 +08:00: 🔍 Session 11 Status: 0/10 shards [USDC] - Wave 1, Step 1
2026-02-06 01:05:21 +08:00: 🔍 Session 12 Status: 0/10 shards [USDC] - Wave 1, Step 0
2026-02-06 01:05:21 +08:00: 📋 Total tracked active sessions: 3
2026-02-06 01:05:21 +08:00: \n🚀 Processing 3 sessions in 1 batches
2026-02-06 01:05:22 +08:00: 
📦 Batch 1226547: Pulsing 1 sessions [USDC] (Mixer→A) [nonce: 2427]
2026-02-06 01:05:23 +08:00: 📤 Tx sent: 0x8a3b108d29c65ab047eda6cb5227dde08d08fd38681fbf54081e3c8b473a43a2
2026-02-06 01:05:28 +08:00: ✅ Batch confirmed in block 33337863! Gas: 241803
2026-02-06 01:05:39 +08:00: \n📊 Total sessions in contract: 12
2026-02-06 01:05:39 +08:00: 🦞 Active nodes: 50
2026-02-06 01:05:41 +08:00: 🔍 Session 10 Status: 0/10 shards [USDC] - Wave 1, Step 2
2026-02-06 01:05:42 +08:00: 🔍 Session 11 Status: 0/10 shards [USDC] - Wave 1, Step 1
2026-02-06 01:05:42 +08:00: 🔍 Session 12 Status: 0/10 shards [USDC] - Wave 1, Step 1
2026-02-06 01:05:42 +08:00: 📋 Total tracked active sessions: 3
2026-02-06 01:05:42 +08:00: \n🚀 Processing 3 sessions in 1 batches
2026-02-06 01:05:43 +08:00: 
📦 Batch 9246320: Pulsing 2 sessions [USDC] (B→C) [nonce: 2428]
2026-02-06 01:05:44 +08:00: 📤 Tx sent: 0x87d2318a61e247941799743c637e542c006e53132c67557f0b9237654c3cc197
2026-02-06 01:05:50 +08:00: ✅ Batch confirmed in block 33337873! Gas: 663954
2026-02-06 01:06:00 +08:00: \n📊 Total sessions in contract: 12
2026-02-06 01:06:00 +08:00: 🦞 Active nodes: 50
2026-02-06 01:06:03 +08:00: 🔍 Session 10 Status: 0/10 shards [USDC] - Wave 1, Step 3
2026-02-06 01:06:03 +08:00: 🔍 Session 11 Status: 0/10 shards [USDC] - Wave 1, Step 2
2026-02-06 01:06:04 +08:00: 🔍 Session 12 Status: 0/10 shards [USDC] - Wave 1, Step 1
2026-02-06 01:06:04 +08:00: 📋 Total tracked active sessions: 3
2026-02-06 01:06:04 +08:00: \n🚀 Processing 3 sessions in 1 batches
2026-02-06 01:06:04 +08:00: 
📦 Batch 6256330: Pulsing 1 sessions [USDC] (A→B) [nonce: 2429]
2026-02-06 01:06:05 +08:00: 📤 Tx sent: 0x30f8dfd88f267fc08166f2ac6aa1ea8585a56e0b9458e1d3ee22e751dccf3a51
2026-02-06 01:06:11 +08:00: ✅ Batch confirmed in block 33337884! Gas: 377356
2026-02-06 01:06:21 +08:00: \n📊 Total sessions in contract: 12
2026-02-06 01:06:21 +08:00: 🦞 Active nodes: 50
2026-02-06 01:06:24 +08:00: 🔍 Session 10 Status: 0/10 shards [USDC] - Wave 1, Step 3
2026-02-06 01:06:24 +08:00: 🔍 Session 11 Status: 0/10 shards [USDC] - Wave 1, Step 2
2026-02-06 01:06:25 +08:00: 🔍 Session 12 Status: 0/10 shards [USDC] - Wave 1, Step 2
2026-02-06 01:06:25 +08:00: 📋 Total tracked active sessions: 3
2026-02-06 01:06:25 +08:00: \n🚀 Processing 3 sessions in 1 batches
2026-02-06 01:06:26 +08:00: 
📦 Batch 2460264: Pulsing 2 sessions [USDC] (C→D) [nonce: 2430]
2026-02-06 01:06:27 +08:00: 📤 Tx sent: 0xffd173874be6f37573bf7037c6923e22e52588ea79f129d77a971d4d68fee0cd
2026-02-06 01:06:32 +08:00: ✅ Batch confirmed in block 33337895! Gas: 656196
2026-02-06 01:06:42 +08:00: \n📊 Total sessions in contract: 12
2026-02-06 01:06:43 +08:00: 🦞 Active nodes: 50
2026-02-06 01:06:45 +08:00: 🔍 Session 10 Status: 0/10 shards [USDC] - Wave 1, Step 4
2026-02-06 01:06:46 +08:00: 🔍 Session 11 Status: 0/10 shards [USDC] - Wave 1, Step 3
2026-02-06 01:06:46 +08:00: 🔍 Session 12 Status: 0/10 shards [USDC] - Wave 1, Step 2
2026-02-06 01:06:46 +08:00: 📋 Total tracked active sessions: 3
2026-02-06 01:06:46 +08:00: \n🚀 Processing 3 sessions in 1 batches
2026-02-06 01:06:47 +08:00: 
📦 Batch 6530101: Pulsing 1 sessions [USDC] (B→C) [nonce: 2431]
2026-02-06 01:06:48 +08:00: 📤 Tx sent: 0xc861a424dbccec8a7b82a62c54c8f3d89b935bc0ebc13d88a890d737c0e67c9a
2026-02-06 01:06:53 +08:00: ✅ Batch confirmed in block 33337905! Gas: 378018
